{"stats":{"minecraft:broken":{"minecraft:iron_shovel":1,"minecraft:iron_axe":1},"minecraft:dropped":{"minecraft:bread":6,"minecraft:wheat_seeds":1,"avalight:m4a1_sumire":1,"tacz:ammo_box":1,"minecraft:grass":1,"plushies:red_fox_plushie":1,"minecraft:wooden_axe":1,"gravestone:obituary":3,"tacz:modern_kinetic_gun":3,"minecraft:sand":18,"minecraft:spruce_sapling":33,"avalight:m4a1_cotton_candy":2,"biomesoplenty:rainbow_birch_sapling":20,"avalight:regular_rifle_magazine":64,"beachparty:rubber_ring_axolotl":1,"minecraft:stone":1,"minecraft:iron_chestplate":2,"tacz:ammo":120,"minecraft:wooden_pickaxe":1},"minecraft:used":{"fantasyfurniture:venthyr/wardrobe_top":1,"mcwfences:spruce_highley_gate":1,"beachparty:coconut":5,"mcwwindows:spruce_pane_window":2,"minecraft:enchanting_table":1,"fantasyfurniture:decorations/venthyr_tea_set":1,"minecraft:iron_shovel":288,"mcwwindows:stripped_spruce_log_window2":63,"minecraft:chest":2,"fantasyfurniture:decorations/tankards_empty":2,"minecraft:spruce_planks":16,"tacz:gun_smith_table":2,"farmersdelight:stove":1,"minecraft:stone":2,"avalight:gun_crafting_table":1,"cfm:stripped_spruce_table":3,"avalight:gun_colouring_table":1,"minecraft:farmland":10,"minecraft:iron_chestplate":1,"minecraft:torch":17,"minecraft:dirt":236,"minecraft:anvil":1,"fantasyfurniture:decorations/bowl_beetroot_soup":1,"minecraft:spruce_stairs":43,"ironchest:iron_chest":5,"mcwwindows:mud_brick_gothic":8,"herbalbrews:tea_kettle":2,"minecraft:milk_bucket":1,"avalight:gun_modifying_table":1,"fantasyfurniture:venthyr/wall_light":23,"minecraft:iron_hoe":230,"minecraft:wooden_axe":61,"minecraft:bookshelf":16,"fantasyfurniture:decorations/nordic_mead_bottles":3,"beachparty:coconut_open":2,"beachparty:rubber_ring_axolotl":1,"mcwdoors:spruce_glass_door":1,"minecraft:lantern":1,"minecraft:iron_axe":482,"minecraft:packed_mud":57,"fantasyfurniture:venthyr/wardrobe_bottom":1,"fantasyfurniture:venthyr/floor_light":3,"mcwfences:spruce_picket_fence":3,"fantasyfurniture:venthyr/door_single":5,"ironfurnaces:iron_furnace":2,"farmersdelight:cutting_board":2,"mcwdoors:spruce_japanese2_door":1,"fantasyfurniture:venthyr/drawer":1,"fantasyfurniture:venthyr/chandelier":13,"jeg:revolver":5,"candlelight:tomato":3,"minecraft:egg":1,"mcwfences:spruce_horse_fence":97,"herbalbrews:oolong_tea":1,"some_assembly_required:sandwiching_station":1,"vinery:red_grape":3,"minecraft:calcite":1,"mcwfences:spruce_pyramid_gate":6,"fantasyfurniture:venthyr/bed_double":1,"minecraft:water_bucket":32,"minecraft:diorite":1,"mcwdoors:birch_japanese2_door":1,"fantasyfurniture:venthyr/desk_left":1,"minecraft:stone_pickaxe":126,"minecraft:wooden_pickaxe":37,"fantasyfurniture:venthyr/door_double":4,"fantasyfurniture:venthyr/carpet":3,"minecraft:sugar_cane":6,"biomesoplenty:rainbow_birch_sapling":4,"minecraft:crafting_table":4,"plushies:axolotl_plushie":1,"some_assembly_required:sandwich":1,"fantasyfurniture:decorations/bone_wither_skull_blossoms":1,"minecraft:spruce_log":1,"fantasyfurniture:venthyr/bookshelf":1,"fantasyfurniture:nordic/oven":2,"minecraft:apple":4,"minecraft:diamond_shovel":507,"minecraft:bread":24,"minecraft:iron_pickaxe":60,"minecraft:spruce_sapling":21,"herbalbrews:tea_blossom":5,"minecraft:stone_axe":34,"fantasyfurniture:venthyr/table_wide_fancy":2,"cfm:stripped_spruce_park_bench":3,"fantasyfurniture:venthyr/table_small":3,"minecraft:cobblestone":16,"travelersbackpack:standard":2,"vanillaplustools:iron_hammer":25,"fantasyfurniture:venthyr/sofa":1,"herbalbrews:stove":1,"mcwfences:spruce_stockade_fence":1,"fantasyfurniture:venthyr/chair":1,"minecraft:bone_meal":9},"minecraft:custom":{"minecraft:interact_with_smithing_table":1,"minecraft:mob_kills":74,"minecraft:interact_with_anvil":1,"minecraft:interact_with_crafting_table":7,"minecraft:leave_game":11,"minecraft:time_since_death":21980,"minecraft:sprint_one_cm":675896,"minecraft:walk_one_cm":1084278,"minecraft:drop":32,"minecraft:damage_dealt_absorbed":261,"minecraft:play_time":246572,"minecraft:deaths":2,"minecraft:sneak_time":6002,"minecraft:walk_under_water_one_cm":8937,"minecraft:jump":2291,"minecraft:walk_on_water_one_cm":35262,"minecraft:enchant_item":9,"minecraft:total_world_time":246572,"minecraft:interact_with_furnace":8,"minecraft:sleep_in_bed":16,"minecraft:time_since_rest":18647,"minecraft:damage_taken":2134,"minecraft:damage_dealt":9400,"minecraft:swim_one_cm":45840,"minecraft:fly_one_cm":1367958,"minecraft:player_kills":1,"minecraft:crouch_one_cm":5840,"minecraft:open_chest":43,"minecraft:fall_one_cm":62150},"minecraft:mined":{"minecraft:tuff":2,"minecraft:deepslate_diamond_ore":7,"biomesoplenty:desert_grass":2,"gravestone:gravestone":1,"minecraft:granite":1,"minecraft:dark_oak_fence":10,"biomesoplenty:bush":3,"minecraft:grass_block":465,"bloomingnature:freesia_pink":1,"minecraft:sandstone":14,"minecraft:rooted_dirt":1,"vinery:apple_log":7,"minecraft:large_fern":1,"minecraft:hay_block":15,"minecraft:spruce_sapling":1,"minecraft:packed_mud":27,"minecraft:iron_ore":51,"biomesoplenty:rainbow_birch_sapling":3,"minecraft:deepslate_iron_ore":3,"bloomingnature:bluebell":3,"minecraft:stone":207,"minecraft:crafting_table":3,"minecraft:cornflower":1,"minecraft:torch":6,"minecraft:chest":1,"candlelight:wild_tomatoes":6,"minecraft:tall_grass":58,"minecraft:cobblestone":9,"minecraft:sugar_cane":6,"minecraft:wall_torch":2,"minecraft:birch_log":4,"mcwfences:spruce_horse_fence":34,"minecraft:spruce_log":455,"herbalbrews:wild_rooibos_plant":2,"minecraft:grass":131,"bloomingnature:fan_palm_log":4,"mcwfences:spruce_pyramid_gate":2,"beachparty:palm_log":13,"minecraft:oak_log":26,"minecraft:coal_ore":43,"plushies:axolotl_plushie":1,"beachparty:coconut_block":1,"minecraft:sand":18,"minecraft:dirt":268,"minecraft:oak_leaves":2,"minecraft:deepslate":8,"biomesoplenty:reed":1},"minecraft:killed":{"minecraft:cave_spider":7,"minecraft:witch":1,"aquaculture:bluegill":1,"alexsmobs:raccoon":1,"minecraft:spider":4,"minecraft:skeleton":4,"bloomingnature:squirrel":1,"alexsmobs:centipede_head":1,"crittersandcompanions:otter":3,"alexsmobs:kangaroo":1,"minecraft:iron_golem":2,"minecraft:creeper":7,"minecraft:pillager":8,"minecraft:zombie":12,"alexsmobs:cockroach":3,"knightquest:lizzy":15},"minecraft:crafted":{"minecraft:bone_meal":9,"minecraft:iron_axe":1,"minecraft:iron_hoe":1,"minecraft:stone_pickaxe":1,"minecraft:chest":2,"candlelight:tomato_seeds":3,"beachparty:palm_planks":12,"minecraft:wheat":135,"minecraft:crafting_table":1,"minecraft:wooden_pickaxe":1,"minecraft:birch_planks":16,"minecraft:stone_axe":1,"minecraft:bread":7,"minecraft:stick":4,"minecraft:iron_pickaxe":1,"minecraft:wooden_axe":1,"minecraft:iron_shovel":1,"minecraft:stone_sword":1,"minecraft:torch":8},"minecraft:picked_up":{"minecraft:crafting_table":3,"minecraft:iron_chestplate":1,"vinery:red_grape":4,"beachparty:rubber_ring_axolotl":1,"gravestone:obituary":1,"mcwfences:spruce_horse_fence":34,"bloomingnature:fan_palm_log":3,"beachparty:coconut":5,"biomesoplenty:rainbow_birch_sapling":24,"minecraft:cornflower":21,"minecraft:string":8,"tacz:ammo":360,"beachparty:coconut_open":2,"minecraft:cobbled_deepslate":7,"herbalbrews:rooibos_leaf":2,"candlelight:tomato_seeds":1,"plushies:axolotl_plushie":1,"alexsmobs:raccoon_tail":1,"minecraft:chest":1,"biomesoplenty:wildflower":2,"minecraft:sugar_cane":15,"minecraft:egg":3,"avalight:m4a1_sumire":1,"minecraft:stick":44,"minecraft:raw_iron":54,"minecraft:sandstone":13,"minecraft:torch":8,"alexsmobs:centipede_leg":1,"minecraft:rotten_flesh":12,"minecraft:stone_sword":1,"minecraft:arrow":5,"mcwfences:spruce_pyramid_gate":2,"minecraft:hay_block":15,"minecraft:cobblestone":216,"vinery:apple_log":7,"minecraft:rail":2,"minecraft:birch_log":4,"minecraft:glow_ink_sac":1,"herbalbrews:tea_blossom":3,"beachparty:palm_log":13,"minecraft:packed_mud":27,"minecraft:tuff":2,"bloomingnature:genisteae":1,"minecraft:oak_log":26,"minecraft:gunpowder":3,"minecraft:dirt":720,"minecraft:lantern":75,"knightquest:lizzy_scale":8,"tacz:ammo_box":1,"minecraft:bone":3,"bloomingnature:bluebell":3,"minecraft:wheat_seeds":71,"alexsmobs:cockroach_wing_fragment":1,"candlelight:tomato":6,"bloomingnature:chestnut_sapling":8,"minecraft:glowstone_dust":1,"bloomingnature:freesia_pink":1,"minecraft:acacia_sapling":3,"minecraft:oak_planks":5,"mcwwindows:stripped_spruce_log_window2":2,"beachparty:palm_sapling":1,"minecraft:sand":18,"minecraft:spruce_sapling":22,"minecraft:spruce_log":455,"minecraft:lily_of_the_valley":14,"minecraft:spider_eye":5,"avalight:m4a1_cotton_candy":1,"minecraft:diamond_shovel":1,"some_assembly_required:sandwich":1,"minecraft:diamond":7,"tacz:modern_kinetic_gun":2,"minecraft:granite":1,"knightquest:small_essence":25,"minecraft:rooted_dirt":1,"minecraft:oak_sapling":18,"minecraft:dark_oak_fence":8,"minecraft:coal":44}},"DataVersion":3465}