{"stats":{"minecraft:broken":{"minecraft:iron_shovel":1,"minecraft:iron_axe":1},"minecraft:dropped":{"minecraft:bread":6,"minecraft:wheat_seeds":1,"avalight:m4a1_sumire":1,"tacz:ammo_box":1,"minecraft:grass":1,"plushies:red_fox_plushie":1,"minecraft:wooden_axe":1,"gravestone:obituary":6,"tacz:modern_kinetic_gun":3,"minecraft:sand":18,"minecraft:spruce_sapling":33,"avalight:m4a1_cotton_candy":2,"biomesoplenty:rainbow_birch_sapling":20,"avalight:regular_rifle_magazine":64,"beachparty:rubber_ring_axolotl":1,"minecraft:stone":1,"minecraft:iron_chestplate":2,"tacz:ammo":120,"minecraft:wooden_pickaxe":1},"minecraft:used":{"fantasyfurniture:venthyr/wardrobe_top":1,"mcwfences:spruce_highley_gate":1,"beachparty:coconut":5,"mcwwindows:spruce_pane_window":2,"fantasyfurniture:decorations/venthyr_tea_set":1,"minecraft:enchanting_table":1,"minecraft:iron_shovel":288,"mcwwindows:stripped_spruce_log_window2":63,"minecraft:spruce_planks":16,"farmersdelight:stove":1,"minecraft:chest":2,"fantasyfurniture:decorations/tankards_empty":2,"tacz:gun_smith_table":2,"minecraft:stone":2,"avalight:gun_crafting_table":1,"cfm:stripped_spruce_table":3,"minecraft:farmland":10,"avalight:gun_colouring_table":1,"minecraft:iron_chestplate":1,"minecraft:torch":17,"minecraft:dirt":566,"minecraft:anvil":1,"fantasyfurniture:decorations/bowl_beetroot_soup":1,"minecraft:spruce_stairs":43,"ribbits:toadstool_stem":2,"ironchest:iron_chest":5,"mcwwindows:mud_brick_gothic":8,"minecraft:milk_bucket":1,"herbalbrews:tea_kettle":2,"avalight:gun_modifying_table":1,"fantasyfurniture:venthyr/wall_light":23,"minecraft:iron_hoe":230,"minecraft:wooden_axe":61,"minecraft:bookshelf":16,"beachparty:rubber_ring_axolotl":1,"fantasyfurniture:decorations/nordic_mead_bottles":3,"beachparty:coconut_open":2,"minecraft:iron_axe":486,"mcwdoors:spruce_glass_door":1,"minecraft:lantern":1,"minecraft:grass_block":28,"minecraft:packed_mud":57,"fantasyfurniture:venthyr/wardrobe_bottom":1,"fantasyfurniture:venthyr/floor_light":3,"mcwfences:spruce_picket_fence":3,"fantasyfurniture:venthyr/door_single":5,"ironfurnaces:iron_furnace":2,"farmersdelight:cutting_board":2,"mcwdoors:spruce_japanese2_door":1,"fantasyfurniture:venthyr/drawer":1,"fantasyfurniture:venthyr/chandelier":13,"jeg:revolver":5,"candlelight:tomato":3,"minecraft:egg":1,"herbalbrews:oolong_tea":1,"mcwfences:spruce_horse_fence":97,"some_assembly_required:sandwiching_station":1,"vinery:red_grape":3,"minecraft:calcite":1,"mcwfences:spruce_pyramid_gate":6,"minecraft:water_bucket":32,"fantasyfurniture:venthyr/bed_double":1,"minecraft:diorite":1,"mcwdoors:birch_japanese2_door":1,"fantasyfurniture:venthyr/desk_left":1,"minecraft:stone_pickaxe":126,"minecraft:wooden_pickaxe":37,"fantasyfurniture:venthyr/door_double":4,"ribbits:ribbit_nitwit_spawn_egg":5,"fantasyfurniture:venthyr/carpet":3,"minecraft:sugar_cane":6,"biomesoplenty:rainbow_birch_sapling":4,"minecraft:crafting_table":4,"some_assembly_required:sandwich":1,"plushies:axolotl_plushie":1,"fantasyfurniture:decorations/bone_wither_skull_blossoms":1,"minecraft:spruce_log":1445,"fantasyfurniture:venthyr/bookshelf":1,"minecraft:oak_log":1,"fantasyfurniture:nordic/oven":2,"minecraft:apple":4,"minecraft:diamond_shovel":507,"minecraft:bread":26,"minecraft:iron_pickaxe":69,"minecraft:stone_axe":34,"fantasyfurniture:venthyr/table_wide_fancy":2,"cfm:stripped_spruce_park_bench":3,"fantasyfurniture:venthyr/table_small":3,"herbalbrews:tea_blossom":5,"minecraft:spruce_sapling":21,"minecraft:cobblestone":17,"travelersbackpack:standard":2,"vanillaplustools:iron_hammer":25,"fantasyfurniture:venthyr/sofa":1,"herbalbrews:stove":1,"mcwfences:spruce_stockade_fence":1,"fantasyfurniture:venthyr/chair":1,"minecraft:bone_meal":9},"minecraft:custom":{"minecraft:interact_with_smithing_table":1,"minecraft:interact_with_anvil":1,"minecraft:mob_kills":78,"minecraft:interact_with_crafting_table":7,"minecraft:open_barrel":4,"minecraft:eat_cake_slice":1,"minecraft:leave_game":12,"minecraft:time_since_death":57569,"minecraft:climb_one_cm":1092,"minecraft:sprint_one_cm":718937,"minecraft:walk_one_cm":1160139,"minecraft:drop":35,"minecraft:damage_dealt_absorbed":261,"minecraft:talked_to_villager":5,"minecraft:play_time":282161,"minecraft:sneak_time":13907,"minecraft:deaths":2,"minecraft:walk_under_water_one_cm":13566,"minecraft:jump":2701,"minecraft:walk_on_water_one_cm":61512,"minecraft:enchant_item":9,"minecraft:total_world_time":282161,"minecraft:interact_with_furnace":8,"minecraft:sleep_in_bed":18,"minecraft:time_since_rest":15396,"minecraft:damage_taken":2194,"minecraft:damage_dealt":9990,"minecraft:player_kills":1,"minecraft:swim_one_cm":50425,"minecraft:fly_one_cm":1484080,"minecraft:crouch_one_cm":40812,"minecraft:open_chest":49,"minecraft:fall_one_cm":64871},"minecraft:mined":{"minecraft:tuff":2,"minecraft:deepslate_diamond_ore":7,"biomesoplenty:desert_grass":2,"ribbits:giant_lilypad":6,"gravestone:gravestone":1,"minecraft:granite":1,"minecraft:dark_oak_fence":10,"biomesoplenty:bush":9,"minecraft:grass_block":466,"bloomingnature:freesia_pink":1,"minecraft:sandstone":14,"minecraft:rooted_dirt":1,"vinery:apple_log":7,"minecraft:large_fern":1,"minecraft:hay_block":15,"minecraft:spruce_sapling":1,"minecraft:packed_mud":27,"minecraft:iron_ore":51,"minecraft:barrel":1,"biomesoplenty:rainbow_birch_sapling":3,"minecraft:deepslate_iron_ore":3,"ribbits:mossy_oak_door":2,"bloomingnature:bluebell":3,"minecraft:stone":207,"wildlands:cattail":3,"wildlands:duckweed":1,"minecraft:smoker":1,"minecraft:crafting_table":3,"minecraft:cornflower":1,"minecraft:torch":6,"minecraft:blast_furnace":1,"ribbits:swamp_lantern":6,"minecraft:chest":1,"candlelight:wild_tomatoes":6,"minecraft:tall_grass":58,"minecraft:cobblestone":9,"minecraft:lily_pad":1,"minecraft:sugar_cane":8,"minecraft:wall_torch":2,"ribbits:toadstool_stem":2,"minecraft:birch_log":4,"mcwfences:spruce_horse_fence":34,"minecraft:spruce_log":455,"herbalbrews:wild_rooibos_plant":2,"minecraft:grass":139,"bloomingnature:fan_palm_log":4,"mcwfences:spruce_pyramid_gate":2,"beachparty:palm_log":13,"minecraft:oak_log":26,"minecraft:coal_ore":43,"plushies:axolotl_plushie":1,"beachparty:coconut_block":1,"minecraft:sand":18,"minecraft:dirt":268,"minecraft:oak_leaves":2,"minecraft:deepslate":8,"biomesoplenty:reed":1},"minecraft:killed":{"minecraft:cave_spider":7,"minecraft:witch":1,"aquaculture:bluegill":1,"alexsmobs:raccoon":1,"minecraft:spider":4,"minecraft:skeleton":5,"bloomingnature:squirrel":1,"alexsmobs:centipede_head":1,"crittersandcompanions:otter":3,"alexsmobs:kangaroo":1,"minecraft:iron_golem":2,"minecraft:creeper":9,"minecraft:pillager":8,"minecraft:zombie":12,"alexsmobs:cockroach":3,"knightquest:lizzy":16},"minecraft:crafted":{"minecraft:bone_meal":9,"minecraft:iron_axe":1,"minecraft:iron_hoe":1,"minecraft:stone_pickaxe":1,"minecraft:chest":2,"candlelight:tomato_seeds":3,"beachparty:palm_planks":12,"minecraft:wheat":135,"minecraft:crafting_table":1,"minecraft:wooden_pickaxe":1,"minecraft:birch_planks":16,"minecraft:stone_axe":1,"minecraft:bread":7,"minecraft:stick":4,"minecraft:iron_pickaxe":1,"minecraft:wooden_axe":1,"minecraft:iron_shovel":1,"minecraft:stone_sword":1,"minecraft:torch":8},"minecraft:picked_up":{"minecraft:crafting_table":3,"minecraft:iron_chestplate":1,"vinery:red_grape":4,"beachparty:rubber_ring_axolotl":1,"minecraft:brown_mushroom":3,"gravestone:obituary":4,"mcwfences:spruce_horse_fence":34,"bloomingnature:fan_palm_log":3,"beachparty:coconut":5,"biomesoplenty:rainbow_birch_sapling":24,"ribbits:toadstool_stem":2,"minecraft:cornflower":21,"minecraft:string":8,"tacz:ammo":360,"beachparty:coconut_open":2,"minecraft:cobbled_deepslate":7,"herbalbrews:rooibos_leaf":2,"candlelight:tomato_seeds":1,"plushies:axolotl_plushie":1,"alexsmobs:raccoon_tail":1,"minecraft:chest":1,"biomesoplenty:wildflower":2,"minecraft:sugar_cane":20,"wildlands:cattail":3,"minecraft:egg":3,"avalight:m4a1_sumire":1,"minecraft:stick":48,"minecraft:raw_iron":54,"minecraft:sandstone":13,"ribbits:giant_lilypad":6,"minecraft:torch":8,"alexsmobs:centipede_leg":1,"minecraft:stone_sword":1,"minecraft:arrow":5,"minecraft:rotten_flesh":12,"ribbits:swamp_lantern":6,"mcwfences:spruce_pyramid_gate":2,"minecraft:hay_block":15,"minecraft:cobblestone":216,"vinery:apple_log":7,"minecraft:rail":2,"minecraft:birch_log":4,"minecraft:glow_ink_sac":1,"minecraft:smoker":1,"minecraft:red_mushroom":1,"herbalbrews:tea_blossom":3,"beachparty:palm_log":13,"minecraft:packed_mud":27,"minecraft:tuff":2,"bloomingnature:genisteae":1,"minecraft:oak_log":26,"minecraft:lily_pad":1,"minecraft:gunpowder":3,"minecraft:dirt":726,"minecraft:lantern":75,"knightquest:lizzy_scale":8,"tacz:ammo_box":1,"minecraft:bone":3,"bloomingnature:bluebell":3,"minecraft:wheat_seeds":80,"alexsmobs:cockroach_wing_fragment":1,"candlelight:tomato":6,"bloomingnature:chestnut_sapling":8,"minecraft:glowstone_dust":1,"bloomingnature:freesia_pink":1,"minecraft:acacia_sapling":3,"minecraft:oak_planks":5,"mcwwindows:stripped_spruce_log_window2":2,"beachparty:palm_sapling":1,"minecraft:sand":18,"minecraft:spruce_sapling":22,"minecraft:blast_furnace":1,"wildlands:duckweed":1,"minecraft:spruce_log":455,"minecraft:lily_of_the_valley":14,"minecraft:spider_eye":5,"minecraft:barrel":1,"avalight:m4a1_cotton_candy":1,"minecraft:diamond_shovel":1,"some_assembly_required:sandwich":1,"minecraft:diamond":7,"tacz:modern_kinetic_gun":2,"minecraft:granite":1,"knightquest:small_essence":25,"minecraft:rooted_dirt":1,"minecraft:oak_sapling":25,"minecraft:dark_oak_fence":8,"minecraft:coal":44}},"DataVersion":3465}