{"stats":{"minecraft:broken":{"minecraft:iron_shovel":1,"minecraft:iron_axe":4},"minecraft:used":{"alexsmobs:emu_egg":2,"mcwfences:spruce_highley_gate":1,"farmersdelight:onion_crate":1,"mcwwindows:spruce_pane_window":2,"crittersandcompanions:dumbo_octopus_spawn_egg":6,"minecraft:iron_shovel":288,"minecraft:polished_deepslate":10,"mcwbridges:spruce_log_bridge_middle":51,"mcwwindows:stripped_spruce_log_window2":63,"minecraft:spruce_slab":1,"farmersdelight:cabbage_seeds":57,"minecraft:chest":2,"farmersdelight:stove":2,"minecraft:stone":32,"butchersdelight:hook":9,"minecraft:zombie_spawn_egg":42,"vinery:spruce_wine_rack_big":4,"avalight:gun_colouring_table":2,"minecraft:farmland":106,"vinery:mead":2,"cfm:stripped_birch_coffee_table":2,"minecraft:iron_chestplate":1,"minecraft:skeleton_spawn_egg":30,"candlelight:typewriter_iron":1,"minecraft:carrot":82,"plushies:cold_frog_plushie":1,"candlelight:tomato_seeds":76,"mcwbridges:spruce_bridge_pier":6,"mcwwindows:spruce_plank_window":1,"ironchest:iron_chest":6,"fantasyfurniture:venthyr/table_small_fancy":1,"ironchest:copper_to_iron_chest_upgrade":2,"vinery:dark_cherry_sapling":1,"minecraft:obsidian":1,"fantasyfurniture:venthyr/table_large_fancy":1,"vinery:taiga_grape_seeds_red":4,"jeg:grenade":1,"minecraft:milk_bucket":2,"avalight:gun_modifying_table":2,"vanillaplustools:iron_shovel":31,"minecraft:glass":293,"bakery:oat_seeds":60,"cfm:stripped_birch_mail_box":1,"beachparty:rubber_ring_axolotl":1,"minecraft:villager_spawn_egg":24,"mcwlights:chain_lantern":68,"minecraft:grass_block":386,"mcwdoors:spruce_glass_door":14,"minecraft:lantern":1,"fantasyfurniture:venthyr/wardrobe_bottom":2,"minecraft:blue_orchid":8,"minecraft:packed_mud":130,"candlelight:painting":2,"mcwwindows:stripped_spruce_log_four_window":202,"vinery:wine_box":2,"fantasyfurniture:dunmer/chair":5,"fantasyfurniture:venthyr/door_single":5,"minecraft:stone_brick_stairs":46,"minecraft:stone_bricks":8,"ironfurnaces:iron_furnace":6,"brewery:beer_haley":7,"minecraft:repeater":9,"farmersdelight:cutting_board":4,"fantasyfurniture:dunmer/table_large":1,"ribbits:ribbit_merchant_spawn_egg":4,"fantasyfurniture:venthyr/drawer":3,"bakery:stone_bricks_stove":2,"ironchest:obsidian_chest":1,"fantasyfurniture:venthyr/chandelier":14,"jeg:revolver":5,"candlelight:tomato":3,"minecraft:egg":6,"bakery:crafting_bowl":5,"herbalbrews:oolong_tea":1,"minecraft:potato":70,"vinery:white_grape_seeds":4,"minecraft:deepslate_brick_wall":354,"mcwfences:spruce_pyramid_gate":8,"crittersandcompanions:koi_fish_spawn_egg":21,"minecraft:diorite":1,"brewery:cabinet":3,"minecraft:stone_pickaxe":126,"bakery:strawberry_cake":1,"fantasyfurniture:venthyr/door_double":4,"minecraft:wooden_pickaxe":37,"minecraft:redstone_block":6,"fantasyfurniture:necrolord/chandelier":1,"minecraft:sugar_cane":25,"brewery:corn_seeds":76,"biomesoplenty:rainbow_birch_sapling":4,"brewery:barrel_main":5,"minecraft:sand":45,"candlelight:cooking_pan":1,"ironchest:copper_chest":4,"minecraft:sponge":33,"some_assembly_required:sandwich":24,"farmersdelight:rice":59,"mcwpaths:deepslate_basket_weave_paving":202,"spartanweaponry:diamond_saber":2,"minecraft:deepslate_brick_stairs":3,"minecraft:creeper_spawn_egg":11,"minecraft:redstone_torch":3,"fantasyfurniture:venthyr/bookshelf":2,"minecraft:sticky_piston":4,"spartanweaponry:diamond_longsword":13,"fantasyfurniture:nordic/oven":4,"spartanweaponry:diamond_scythe":13,"vinery:storage_pot":1,"mcwdoors:spruce_bark_glass_door":1,"bakery:wall_cabinet":14,"minecraft:bread":33,"ironchest:iron_to_gold_chest_upgrade":7,"fantasyfurniture:venthyr/table_wide_fancy":2,"cfm:stripped_spruce_park_bench":3,"fantasyfurniture:venthyr/table_small":3,"brewery:hops_seeds":70,"vinery:savanna_grape_seeds_white":4,"fantasyfurniture:dunmer/bed_single":1,"spartanweaponry:diamond_longbow":3,"minecraft:smithing_table":1,"minecraft:dark_oak_fence":4,"farmersdelight:spruce_cabinet":2,"fantasyfurniture:venthyr/chair":9,"minecraft:air":2,"minecraft:bone_meal":25,"hamsters:hamster_wheel":1,"fantasyfurniture:venthyr/wardrobe_top":2,"ironchest:wood_to_iron_chest_upgrade":3,"beachparty:coconut":5,"fantasyfurniture:decorations/venthyr_tea_set":1,"mcwbridges:spruce_log_bridge_stair":8,"minecraft:enchanting_table":2,"cfm:post_box":2,"candlelight:stone_bricks_kitchen_sink":2,"minecraft:armor_stand":3,"candlelight:stone_bricks_stove":3,"minecraft:redstone":21,"minecraft:spruce_planks":16,"fantasyfurniture:decorations/tankards_empty":2,"herbalbrews:yerba_mate_leaf":26,"tacz:gun_smith_table":6,"brewery:copper_brewingstation":8,"brewery:breathalyzer":2,"avalight:gun_crafting_table":2,"cfm:stripped_spruce_table":8,"brewery:barley_seeds":55,"farmersdelight:rice_bag":1,"minecraft:bee_spawn_egg":6,"minecraft:torch":25,"bloomingnature:white_orchid":2,"minecraft:dirt":741,"minecraft:anvil":4,"ribbits:ribbit_gardener_spawn_egg":4,"fantasyfurniture:decorations/bowl_beetroot_soup":1,"minecraft:hopper":10,"candlelight:table_set":6,"farmersdelight:carrot_crate":2,"minecraft:spruce_stairs":43,"ribbits:toadstool_stem":2,"mcwtrpdoors:spruce_glass_trapdoor":22,"fantasyfurniture:bone/wither/bed_single":1,"candlelight:lettuce_seeds":81,"minecraft:oak_wood":1,"minecraft:bee_nest":1,"mcwwindows:mud_brick_gothic":8,"wardrobe:silkworm_tray":2,"herbalbrews:rooibos_leaf":19,"herbalbrews:tea_kettle":4,"fantasyfurniture:venthyr/wall_light":28,"minecraft:iron_hoe":472,"brewery:rope":2,"minecraft:wooden_axe":62,"paraglider:horned_statue":1,"cfm:black_sofa":8,"minecraft:bookshelf":35,"minecraft:red_tulip":8,"hamsters:hamster_spawn_egg":1,"cfm:stripped_spruce_mail_box":1,"fantasyfurniture:decorations/nordic_mead_bottles":3,"beachparty:coconut_open":2,"minecraft:iron_axe":1615,"minecraft:rooted_dirt":1,"brewery:beer_barley":8,"minecraft:spawner":8,"fantasyfurniture:venthyr/floor_light":3,"vinery:dark_cherry_barrel":1,"vinery:grapevine_stem":10,"mcwfences:spruce_picket_fence":3,"brewery:silo_copper":13,"mcwdoors:spruce_japanese2_door":1,"bakery:strawberry_seeds":61,"candlelight:cherry_big_table":2,"ironchest:gold_chest":5,"ironchest:diamond_to_crystal_chest_upgrade":1,"farmersdelight:cooking_pot":1,"mcwfences:spruce_horse_fence":157,"bakery:baker_station":3,"ribbits:swamp_daisy":1,"minecraft:cobbled_deepslate":185,"some_assembly_required:sandwiching_station":2,"minecraft:observer":36,"vinery:apple_press":3,"vinery:red_grape":3,"farmersdelight:potato_crate":1,"herbalbrews:green_tea":1,"minecraft:calcite":1,"minecraft:wheat_seeds":48,"minecraft:water_bucket":89,"fantasyfurniture:venthyr/bed_double":2,"mcwdoors:birch_japanese2_door":1,"fantasyfurniture:venthyr/desk_left":1,"minecraft:birch_planks":24,"farmersdelight:skillet":3,"farmersdelight:tomato_crate":1,"ribbits:ribbit_fisherman_spawn_egg":11,"ironchest:gold_to_diamond_chest_upgrade":7,"minecraft:glass_bottle":6,"ribbits:ribbit_sorcerer_spawn_egg":5,"ribbits:ribbit_nitwit_spawn_egg":45,"minecraft:cauldron":1,"fantasyfurniture:venthyr/carpet":7,"minecraft:deepslate_bricks":102,"biomesoplenty:hellbark_sapling":1,"squarry:powered_quarry":1,"vinery:oak_lattice":20,"farmersdelight:onion":41,"candlelight:stone_bricks_counter":2,"minecraft:stripped_dark_oak_log":5,"mcwlights:chain_wall_lantern":107,"minecraft:crafting_table":5,"bakery:small_cooking_pot":2,"minecraft:dark_oak_fence_gate":2,"fantasyfurniture:decorations/bone_wither_skull_blossoms":1,"minecraft:campfire":1,"plushies:axolotl_plushie":2,"craftingautomat:autocrafter":2,"minecraft:spruce_log":1446,"minecraft:oak_log":2,"minecraft:mud":4,"minecraft:piston":16,"wardrobe:travel_backpack":1,"minecraft:oxeye_daisy":7,"minecraft:black_wool":2,"candlelight:spruce_cabinet":4,"minecraft:apple":5,"minecraft:diamond_shovel":507,"minecraft:command_block":1,"minecraft:iron_pickaxe":74,"ironchest:diamond_to_obsidian_chest_upgrade":3,"cfm:fridge_dark":1,"candlelight:lettuce_crate":2,"vinery:fermentation_barrel":5,"minecraft:spruce_sapling":21,"bakery:strawberry_cake_slice":1,"herbalbrews:tea_blossom":82,"minecraft:stone_axe":34,"vinery:savanna_grape_seeds_red":4,"brewery:beer_mug":1,"minecraft:cobbled_deepslate_slab":44,"minecraft:cobblestone":17,"minecraft:potion":2,"travelersbackpack:standard":2,"vanillaplustools:iron_hammer":25,"fantasyfurniture:venthyr/sofa":3,"herbalbrews:stove":3,"bakery:brick_stove":3,"mcwtrpdoors:oak_barn_trapdoor":74,"vinery:grapevine_pot":3,"minecraft:bucket":2,"vinery:apple_tree_sapling":3,"mcwfences:spruce_stockade_fence":1,"minecraft:dandelion":6,"brewery:drawer":3,"vinery:red_grape_seeds":6,"candlelight:tool_rack":4,"vinery:taiga_grape_seeds_white":4},"minecraft:custom":{"minecraft:interact_with_crafting_table":24,"minecraft:open_barrel":5,"minecraft:eat_cake_slice":1,"minecraft:leave_game":19,"minecraft:time_since_death":596884,"minecraft:sprint_one_cm":1522967,"minecraft:drop":108,"minecraft:talked_to_villager":14,"minecraft:play_time":821476,"minecraft:deaths":2,"minecraft:jump":5347,"minecraft:walk_on_water_one_cm":104276,"minecraft:enchant_item":13,"minecraft:interact_with_furnace":18,"minecraft:sleep_in_bed":36,"minecraft:damage_dealt":22068,"minecraft:player_kills":2,"minecraft:crouch_one_cm":55267,"minecraft:use_cauldron":4,"minecraft:horse_one_cm":674,"minecraft:interact_with_smithing_table":3,"minecraft:interact_with_anvil":6,"minecraft:mob_kills":203,"minecraft:inspect_hopper":21,"minecraft:fill_cauldron":1,"minecraft:climb_one_cm":1336,"minecraft:walk_one_cm":1983248,"minecraft:damage_dealt_absorbed":261,"minecraft:sneak_time":25156,"minecraft:walk_under_water_one_cm":67977,"minecraft:total_world_time":821476,"minecraft:time_since_rest":33269,"minecraft:damage_taken":3047,"minecraft:swim_one_cm":95793,"minecraft:fly_one_cm":2809880,"minecraft:open_chest":170,"minecraft:fall_one_cm":98864},"minecraft:mined":{"minecraft:dark_oak_planks":10,"minecraft:spruce_planks":1,"biomesoplenty:glowshroom":11,"ribbits:giant_lilypad":6,"minecraft:granite":1,"minecraft:acacia_log":25,"minecraft:grass_block":555,"bloomingnature:freesia_pink":1,"bloomingnature:genisteae":1,"brewery:beer_barley":2,"vinery:apple_log":7,"minecraft:weeping_vines_plant":1,"minecraft:iron_ore":51,"minecraft:barrel":1,"biomesoplenty:rainbow_birch_sapling":3,"minecraft:moss_carpet":1,"biomesoplenty:hellbark_log":7,"minecraft:cave_vines":2,"minecraft:azalea":2,"candlelight:lettuce_crop":5,"wildlands:duckweed":1,"biomesoplenty:glowing_moss_carpet":6,"minecraft:smoker":1,"minecraft:torch":6,"minecraft:blast_furnace":1,"minecraft:chest":1,"farmersdelight:cabbages":1,"minecraft:cobblestone":9,"brewery:hops_crop":5,"minecraft:sugar_cane":24,"minecraft:wall_torch":2,"minecraft:nether_wart_block":128,"minecraft:mud":9,"ribbits:toadstool_stem":2,"minecraft:birch_log":40,"herbalbrews:wild_rooibos_plant":2,"herbalbrews:tea_plant":1,"some_assembly_required:sandwich":2,"minecraft:grass":157,"beachparty:palm_log":13,"mcwfences:spruce_pyramid_gate":2,"brewery:beer_mug":1,"minecraft:oak_log":579,"plushies:axolotl_plushie":1,"minecraft:sand":18,"minecraft:dirt":406,"minecraft:oak_leaves":21,"minecraft:deepslate":11,"biomesoplenty:reed":1,"biomesoplenty:glowing_moss_block":100,"minecraft:tuff":2,"minecraft:deepslate_diamond_ore":7,"biomesoplenty:desert_grass":2,"brewery:hops_crop_body":2,"gravestone:gravestone":1,"minecraft:dark_oak_fence":10,"biomesoplenty:bush":9,"bakery:crafting_bowl":3,"minecraft:moss_block":65,"minecraft:rooted_dirt":3,"minecraft:sandstone":14,"minecraft:crimson_stem":29,"minecraft:large_fern":4,"minecraft:hay_block":15,"minecraft:spruce_sapling":1,"minecraft:packed_mud":27,"minecraft:potatoes":1,"minecraft:deepslate_iron_ore":3,"minecraft:shroomlight":1,"ribbits:mossy_oak_door":2,"minecraft:stripped_acacia_log":1,"minecraft:stripped_oak_log":15,"bloomingnature:bluebell":4,"minecraft:stone":207,"wildlands:cattail":3,"minecraft:flowering_azalea":3,"minecraft:crafting_table":3,"minecraft:cornflower":1,"ribbits:swamp_lantern":6,"candlelight:wild_tomatoes":6,"minecraft:tall_grass":76,"minecraft:lily_pad":1,"candlelight:spruce_cabinet":1,"minecraft:big_dripleaf":2,"bloomingnature:stripped_swamp_oak_log":4,"farmersdelight:skillet":1,"bloomingnature:swamp_oak_log":248,"mcwfences:spruce_horse_fence":34,"minecraft:spruce_log":457,"minecraft:bee_nest":1,"bloomingnature:fan_palm_log":4,"minecraft:coal_ore":43,"beachparty:coconut_block":1,"minecraft:fern":3},"minecraft:crafted":{"paraglider:deku_leaf":1,"minecraft:chest":2,"herbalbrews:green_tea":1,"vinery:wine_bottle":256,"minecraft:crafting_table":1,"farmersdelight:iron_knife":1,"minecraft:wooden_pickaxe":1,"travelersbackpack:standard":1,"minecraft:birch_planks":16,"minecraft:yellow_dye":1,"minecraft:stick":12,"minecraft:iron_pickaxe":1,"minecraft:iron_ingot":0,"minecraft:iron_block":1,"minecraft:stone_sword":1,"minecraft:bone_meal":9,"minecraft:iron_axe":1,"minecraft:iron_hoe":1,"minecraft:stone_pickaxe":1,"candlelight:tomato_seeds":3,"beachparty:palm_planks":12,"minecraft:wheat":135,"paraglider:paraglider":1,"minecraft:stone_axe":1,"minecraft:bread":7,"minecraft:air":0,"minecraft:blue_dye":1,"vinery:apple_mash":1,"minecraft:white_dye":1,"vinery:apple_juice":1,"minecraft:wooden_axe":1,"minecraft:iron_shovel":1,"minecraft:torch":8},"minecraft:picked_up":{"minecraft:iron_chestplate":1,"vinery:red_grape":7,"beachparty:rubber_ring_axolotl":1,"farmersdelight:rice_panicle":68,"bakery:strawberry_seeds":143,"bloomingnature:fan_palm_log":3,"biomesoplenty:rainbow_birch_sapling":24,"farmersdelight:cutting_board":1,"minecraft:string":9,"brewery:beer_barley":3,"minecraft:zombie_head":1,"vinery:savanna_grapes_red":4,"minecraft:shroomlight":1,"brewery:hops":44,"beachparty:coconut_open":2,"candlelight:table_set":1,"minecraft:bucket":2,"minecraft:cobbled_deepslate":11,"farmersdelight:cabbage":1,"herbalbrews:rooibos_leaf":129,"minecraft:spruce_planks":1,"crittersandcompanions:koi_fish":1,"minecraft:azalea":4,"plushies:axolotl_plushie":1,"alexsmobs:raccoon_tail":1,"wildlands:cattail":3,"farmersdelight:cabbage_seeds":2,"avalight:m4a1_sumire":1,"minecraft:stick":347,"bakery:small_cooking_pot":1,"minecraft:big_dripleaf":4,"minecraft:torch":31,"minecraft:acacia_log":25,"minecraft:porkchop":8,"alexsmobs:centipede_leg":1,"minecraft:stone_sword":1,"minecraft:rotten_flesh":21,"minecraft:tropical_fish":4,"mcwfences:spruce_pyramid_gate":2,"minecraft:iron_block":1,"biomesoplenty:barley":2,"mcwdoors:spruce_glass_door":2,"bakery:cake_dough":1,"vinery:apple_log":7,"minecraft:cobblestone":219,"minecraft:birch_log":40,"candlelight:lettuce":57,"bakery:strawberry_cake":2,"brewery:beer_mug":3,"farmersdelight:rice":43,"minecraft:andesite":1,"biomesoplenty:glowshroom":16,"minecraft:smoker":1,"brewery:rope":1,"minecraft:potato":193,"herbalbrews:tea_blossom":81,"bakery:crafting_bowl":3,"beachparty:palm_log":13,"brewery:corn_seeds":150,"minecraft:tuff":2,"vinery:red_grapejuice":1,"minecraft:dirt":959,"minecraft:lantern":92,"knightquest:lizzy_scale":17,"brewery:barley_seeds":1,"brewery:hops_seeds":117,"tacz:ammo_box":1,"avalight:small_sub_machinegun_magazine":128,"minecraft:glass":1,"minecraft:bone":24,"bloomingnature:bluebell":9,"minecraft:bow":1,"bloomingnature:white_orchid":3,"minecraft:wheat_seeds":144,"vinery:grapevine_stem":2,"bakery:oat":51,"minecraft:glowstone_dust":1,"minecraft:moss_block":60,"bloomingnature:freesia_pink":1,"minecraft:oak_planks":5,"mcwwindows:stripped_spruce_log_window2":2,"aquaculture:gar":1,"minecraft:poisonous_potato":2,"butchersdelight:skullcow":2,"butchersdelight:cow_hide":1,"vinery:white_grape":3,"minecraft:sand":18,"wildlands:duckweed":1,"minecraft:lily_of_the_valley":18,"farmersdelight:ham":2,"minecraft:barrel":1,"naturalist:duck_egg":5,"avalight:m4a1_cotton_candy":1,"brewery:barley":3,"biomesoplenty:hellbark_log":7,"minecraft:stripped_acacia_log":1,"vinery:jungle_grapes_red":9,"bloomingnature:stripped_swamp_oak_log":4,"mcwlights:chain_lantern":2,"minecraft:sugar":4,"some_assembly_required:sandwich":3,"minecraft:diamond":24,"avalight:regular_sniper_magazine":128,"bloomingnature:swamp_oak_log":248,"knightquest:small_essence":51,"minecraft:granite":1,"minecraft:grass":1,"minecraft:bone_meal":1,"minecraft:spruce_sign":13,"minecraft:bread":40,"minecraft:rooted_dirt":3,"minecraft:oak_sapling":287,"butchersdelight:hook":8,"minecraft:dark_oak_fence":8,"minecraft:mud":9,"minecraft:crafting_table":3,"minecraft:bee_nest":1,"minecraft:allium":7,"minecraft:chicken":1,"vinery:taiga_grapes_white":3,"squarry:upgrade_fortune_2":1,"minecraft:brown_mushroom":3,"gravestone:obituary":4,"mcwfences:spruce_horse_fence":34,"beachparty:coconut":5,"avalight:pistol_ammo":128,"ribbits:toadstool_stem":2,"minecraft:cornflower":22,"candlelight:lettuce_seeds":166,"minecraft:moss_carpet":10,"minecraft:acacia_door":4,"tacz:ammo":360,"biomesoplenty:hellbark_sapling":1,"vinery:mead":9,"vinery:apple_tree_sapling":38,"minecraft:beef":6,"candlelight:tomato_seeds":153,"vinery:cherry":10,"minecraft:poppy":293,"some_assembly_required:tomato_slices":8,"biomesoplenty:wildflower":2,"minecraft:chest":1,"minecraft:sugar_cane":205,"minecraft:birch_sapling":52,"minecraft:egg":59,"minecraft:raw_iron":54,"minecraft:sandstone":13,"ribbits:giant_lilypad":6,"some_assembly_required:bread_slice":53,"minecraft:bowl":4,"minecraft:carrot":184,"alexsmobs:crocodile_scute":1,"minecraft:dark_oak_planks":10,"minecraft:arrow":20,"minecraft:weeping_vines":2,"avalight:desert_eagle_the_argus":1,"ribbits:swamp_lantern":6,"aquaculture:brown_trout":1,"minecraft:hay_block":15,"avalight:desert_eagle":1,"brewery:corn":52,"minecraft:glow_berries":1,"minecraft:mutton":9,"minecraft:rail":2,"minecraft:stripped_oak_log":15,"avalight:fn57_snowfall":1,"herbalbrews:yerba_mate_leaf":181,"vinery:rotten_cherry":4,"minecraft:glow_ink_sac":45,"minecraft:crimson_stem":23,"alexsmobs:acacia_blossom":1,"minecraft:red_mushroom":1,"minecraft:packed_mud":27,"bloomingnature:genisteae":2,"minecraft:oak_log":947,"candlelight:cooking_pan":1,"minecraft:lily_pad":1,"vinery:taiga_grapes_red":3,"minecraft:nether_wart_block":98,"minecraft:gunpowder":9,"farmersdelight:skillet":1,"brewery:dried_barley":36,"mcwwindows:oak_pane_window":1,"biomesoplenty:glowing_moss_carpet":58,"butchersdelight:deadchiken":2,"vinery:wine_bottle":1,"some_assembly_required:sliced_onion":4,"bloomingnature:swamp_oak_sapling":138,"minecraft:apple":21,"bakery:oat_seeds":140,"alexsmobs:cockroach_wing_fragment":1,"aquaculture:minnow":1,"minecraft:iron_ingot":799,"candlelight:tomato":64,"herbalbrews:green_tea_leaf":49,"bloomingnature:chestnut_sapling":17,"spartanweaponry:iron_dagger":1,"minecraft:flowering_azalea":6,"minecraft:acacia_sapling":14,"avalight:large_pistol_magazine":128,"minecraft:scaffolding":8,"bakery:strawberry":55,"vinery:jungle_grapes_white":17,"beachparty:palm_sapling":1,"minecraft:spruce_sapling":22,"minecraft:blast_furnace":1,"minecraft:white_bed":19,"minecraft:spruce_log":456,"biomesoplenty:glowing_moss_block":97,"minecraft:spider_eye":5,"farmersdelight:cabbage_leaf":9,"minecraft:diamond_shovel":1,"butchersdelight:sheephide":2,"bakery:strawberry_cake_slice":8,"tacz:modern_kinetic_gun":2,"candlelight:spruce_cabinet":1,"minecraft:coal":72},"minecraft:killed":{"minecraft:cave_spider":7,"minecraft:witch":1,"minecraft:spider":5,"aquaculture:smallmouth_bass":2,"minecraft:skeleton":26,"minecraft:bee":6,"bloomingnature:squirrel":1,"alexsmobs:centipede_head":1,"alexsmobs:kangaroo":1,"minecraft:iron_golem":10,"minecraft:creeper":21,"minecraft:pillager":8,"aquaculture:minnow":2,"minecraft:zombie":48,"ribbits:ribbit":20,"minecraft:ghast":1,"crittersandcompanions:koi_fish":1,"knightquest:gremlin":1,"crittersandcompanions:dumbo_octopus":1,"aquaculture:bluegill":1,"alexsmobs:raccoon":1,"vinery:mule":2,"minecraft:drowned":1,"crittersandcompanions:otter":4,"alexsmobs:cockroach":3,"knightquest:lizzy":20,"minecraft:villager":2},"minecraft:dropped":{"minecraft:crimson_stem":23,"minecraft:oak_log":808,"minecraft:weeping_vines":2,"ironchest:wood_to_iron_chest_upgrade":3,"minecraft:red_mushroom":1,"minecraft:dirt":17,"minecraft:grass":2,"minecraft:yellow_dye":1,"bakery:strawberry_cake_slice":2,"paraglider:heart_container":10,"knightquest:lizzy_scale":1,"gravestone:obituary":6,"farmersdelight:steak_and_potatoes":16,"minecraft:sand":18,"plushies:cold_frog_plushie":1,"paraglider:paraglider":1,"avalight:m4a1_cotton_candy":2,"minecraft:sugar_cane":79,"minecraft:cooked_chicken":1,"brewery:beer_barley":3,"biomesoplenty:rainbow_birch_sapling":20,"squarry:upgrade_fortune_2":1,"vinery:straw_hat":1,"avalight:regular_rifle_magazine":64,"beachparty:rubber_ring_axolotl":1,"bloomingnature:white_orchid":1,"minecraft:white_dye":1,"minecraft:glass":2,"bloomingnature:bluebell":2,"minecraft:egg":1,"minecraft:bread":6,"minecraft:wheat_seeds":2,"bakery:strawberry_cake":1,"avalight:fn57_snowfall":1,"avalight:m4a1_sumire":1,"minecraft:tropical_fish":1,"avalight:desert_eagle":1,"tacz:ammo_box":1,"minecraft:blue_dye":1,"avalight:desert_eagle_the_argus":1,"plushies:red_fox_plushie":1,"minecraft:wooden_axe":2,"minecraft:nether_wart_block":98,"tacz:modern_kinetic_gun":3,"vinery:red_grapejuice":1,"minecraft:spruce_sapling":33,"cfm:stripped_birch_mail_box":1,"mcwdoors:spruce_glass_door":1,"vinery:mead":13,"spartanweaponry:diamond_saber":1,"mcwwindows:oak_pane_window":1,"minecraft:shroomlight":1,"minecraft:stone":1,"some_assembly_required:sandwich":5,"minecraft:iron_chestplate":2,"tacz:ammo":120,"herbalbrews:green_tea":1,"minecraft:wooden_pickaxe":1}},"DataVersion":3465}