{"stats":{"minecraft:crafted":{"sophisticatedbackpacks:netherite_backpack":1,"minecraft:knowledge_book":5},"minecraft:used":{"minecraft:spruce_door":1,"minecraft:snow_block":2,"minecraft:birch_planks":8,"minecraft:grass_block":4,"minecraft:red_concrete":27,"minecraft:oak_planks":10,"minecraft:netherite_axe":31,"minecraft:diamond_axe":1,"mcwroofs:orange_concrete_lower_roof":3,"minecraft:light_blue_bed":1,"minecraft:smooth_quartz":3,"minecraft:spruce_trapdoor":8,"mcwroofs:red_concrete_upper_lower_roof":21,"minecraft:gravel":1,"mcwroofs:yellow_concrete_top_roof":33,"mcwroofs:red_concrete_lower_roof":31,"minecraft:blue_bed":2,"minecraft:smooth_quartz_stairs":8,"minecraft:pink_bed":1,"minecraft:suspicious_gravel":4,"minecraft:dirt":1,"minecraft:snow":67,"minecraft:crafting_table":2,"minecraft:lime_bed":1,"minecraft:red_bed":3,"biomeswevegone:orchard_sapling":1,"cobblemon:white_apricorn_seed":1,"minecraft:andesite":1,"minecraft:white_bed":8,"minecraft:yellow_bed":1,"minecraft:brush":7,"mcwroofs:orange_concrete_upper_lower_roof":5,"biomeswevegone:maple_trapdoor":1,"minecraft:bone_meal":7,"minecraft:light_gray_bed":1},"minecraft:mined":{"minecraft:oak_log":30},"minecraft:dropped":{"myths_and_legends:jade_orb":2,"myths_and_legends:cocoon_of_destruction":1},"minecraft:custom":{"minecraft:time_since_rest":4993,"minecraft:sprint_one_cm":18952,"minecraft:damage_taken":90,"minecraft:walk_one_cm":48516,"minecraft:drop":3,"minecraft:damage_dealt":282,"minecraft:player_kills":1,"minecraft:talked_to_villager":2,"minecraft:interact_with_crafting_table":3,"minecraft:fly_one_cm":125519,"minecraft:crouch_one_cm":1378,"minecraft:play_time":51721,"minecraft:deaths":2,"minecraft:sneak_time":1001,"minecraft:walk_under_water_one_cm":4420,"minecraft:jump":116,"minecraft:leave_game":2,"minecraft:time_since_death":4961,"minecraft:walk_on_water_one_cm":156,"minecraft:sleep_in_bed":1,"minecraft:total_world_time":51721},"minecraft:picked_up":{"minecraft:stick":7,"minecraft:oak_log":30,"biomeswevegone:orchard_sapling":15,"minecraft:spruce_door":1,"myths_and_legends:jade_orb":2,"myths_and_legends:cocoon_of_destruction":1},"minecraft:killed":{"minecraft:player":1}},"DataVersion":3465}