{"stats":{"minecraft:broken":{"minecraft:iron_shovel":1,"minecraft:iron_axe":1},"minecraft:dropped":{"minecraft:red_mushroom":1,"minecraft:grass":1,"gravestone:obituary":6,"minecraft:sand":18,"avalight:m4a1_cotton_candy":2,"biomesoplenty:rainbow_birch_sapling":20,"avalight:regular_rifle_magazine":64,"beachparty:rubber_ring_axolotl":1,"minecraft:bread":6,"minecraft:wheat_seeds":1,"avalight:m4a1_sumire":1,"minecraft:tropical_fish":1,"tacz:ammo_box":1,"minecraft:wooden_axe":1,"plushies:red_fox_plushie":1,"tacz:modern_kinetic_gun":3,"minecraft:spruce_sapling":33,"minecraft:stone":1,"minecraft:iron_chestplate":2,"tacz:ammo":120,"minecraft:wooden_pickaxe":1},"minecraft:used":{"mcwfences:spruce_highley_gate":1,"mcwwindows:spruce_pane_window":2,"minecraft:iron_shovel":288,"mcwwindows:stripped_spruce_log_window2":63,"minecraft:chest":2,"farmersdelight:stove":1,"minecraft:stone":2,"butchersdelight:hook":9,"avalight:gun_colouring_table":1,"minecraft:farmland":63,"minecraft:iron_chestplate":1,"minecraft:carrot":34,"ironchest:iron_chest":6,"candlelight:tomato_seeds":24,"minecraft:milk_bucket":1,"avalight:gun_modifying_table":1,"bakery:oat_seeds":24,"beachparty:rubber_ring_axolotl":1,"minecraft:lantern":1,"mcwdoors:spruce_glass_door":1,"minecraft:grass_block":32,"fantasyfurniture:venthyr/wardrobe_bottom":1,"minecraft:packed_mud":57,"fantasyfurniture:venthyr/door_single":5,"ironfurnaces:iron_furnace":2,"farmersdelight:cutting_board":2,"fantasyfurniture:venthyr/drawer":1,"jeg:revolver":5,"fantasyfurniture:venthyr/chandelier":13,"candlelight:tomato":3,"minecraft:egg":1,"herbalbrews:oolong_tea":1,"minecraft:potato":24,"mcwfences:spruce_pyramid_gate":6,"minecraft:diorite":1,"minecraft:stone_pickaxe":126,"minecraft:wooden_pickaxe":37,"fantasyfurniture:venthyr/door_double":4,"brewery:corn_seeds":24,"minecraft:sugar_cane":6,"biomesoplenty:rainbow_birch_sapling":4,"some_assembly_required:sandwich":1,"farmersdelight:rice":30,"fantasyfurniture:venthyr/bookshelf":1,"spartanweaponry:diamond_longsword":13,"fantasyfurniture:nordic/oven":2,"minecraft:bread":33,"brewery:hops_seeds":32,"fantasyfurniture:venthyr/table_wide_fancy":2,"cfm:stripped_spruce_park_bench":3,"fantasyfurniture:venthyr/table_small":3,"fantasyfurniture:venthyr/chair":1,"minecraft:bone_meal":9,"hamsters:hamster_wheel":1,"fantasyfurniture:venthyr/wardrobe_top":1,"beachparty:coconut":5,"minecraft:enchanting_table":1,"fantasyfurniture:decorations/venthyr_tea_set":1,"tacz:gun_smith_table":2,"herbalbrews:yerba_mate_leaf":26,"fantasyfurniture:decorations/tankards_empty":2,"minecraft:spruce_planks":16,"cfm:stripped_spruce_table":3,"avalight:gun_crafting_table":1,"minecraft:torch":17,"minecraft:dirt":579,"minecraft:anvil":1,"fantasyfurniture:decorations/bowl_beetroot_soup":1,"minecraft:spruce_stairs":43,"ribbits:toadstool_stem":2,"mcwwindows:mud_brick_gothic":8,"candlelight:lettuce_seeds":28,"herbalbrews:tea_kettle":2,"fantasyfurniture:venthyr/wall_light":23,"minecraft:iron_hoe":414,"herbalbrews:rooibos_leaf":19,"minecraft:wooden_axe":61,"hamsters:hamster_spawn_egg":1,"minecraft:bookshelf":16,"fantasyfurniture:decorations/nordic_mead_bottles":3,"beachparty:coconut_open":2,"minecraft:iron_axe":488,"fantasyfurniture:venthyr/floor_light":3,"mcwfences:spruce_picket_fence":3,"mcwdoors:spruce_japanese2_door":1,"bakery:strawberry_seeds":24,"mcwfences:spruce_horse_fence":97,"minecraft:cobbled_deepslate":1,"some_assembly_required:sandwiching_station":1,"vinery:red_grape":3,"minecraft:calcite":1,"fantasyfurniture:venthyr/bed_double":1,"minecraft:water_bucket":38,"mcwdoors:birch_japanese2_door":1,"fantasyfurniture:venthyr/desk_left":1,"ribbits:ribbit_nitwit_spawn_egg":29,"fantasyfurniture:venthyr/carpet":3,"minecraft:crafting_table":4,"plushies:axolotl_plushie":1,"fantasyfurniture:decorations/bone_wither_skull_blossoms":1,"minecraft:spruce_log":1446,"minecraft:oak_log":1,"minecraft:apple":4,"minecraft:diamond_shovel":507,"candlelight:spruce_cabinet":2,"minecraft:iron_pickaxe":73,"minecraft:spruce_sapling":21,"herbalbrews:tea_blossom":26,"minecraft:stone_axe":34,"minecraft:cobblestone":17,"travelersbackpack:standard":2,"vanillaplustools:iron_hammer":25,"fantasyfurniture:venthyr/sofa":1,"herbalbrews:stove":1,"minecraft:bucket":1,"mcwfences:spruce_stockade_fence":1},"minecraft:custom":{"minecraft:interact_with_crafting_table":8,"minecraft:open_barrel":4,"minecraft:eat_cake_slice":1,"minecraft:leave_game":12,"minecraft:time_since_death":99569,"minecraft:sprint_one_cm":786915,"minecraft:drop":37,"minecraft:talked_to_villager":5,"minecraft:play_time":324161,"minecraft:deaths":2,"minecraft:jump":2986,"minecraft:walk_on_water_one_cm":69117,"minecraft:enchant_item":9,"minecraft:interact_with_furnace":12,"minecraft:sleep_in_bed":19,"minecraft:damage_dealt":11515,"minecraft:player_kills":1,"minecraft:crouch_one_cm":41468,"minecraft:interact_with_smithing_table":1,"minecraft:mob_kills":86,"minecraft:interact_with_anvil":1,"minecraft:climb_one_cm":1104,"minecraft:walk_one_cm":1279445,"minecraft:damage_dealt_absorbed":261,"minecraft:sneak_time":15297,"minecraft:walk_under_water_one_cm":18523,"minecraft:total_world_time":324161,"minecraft:time_since_rest":13936,"minecraft:damage_taken":2504,"minecraft:swim_one_cm":52224,"minecraft:fly_one_cm":1656934,"minecraft:open_chest":61,"minecraft:fall_one_cm":73963},"minecraft:mined":{"biomesoplenty:glowshroom":11,"minecraft:spruce_planks":1,"ribbits:giant_lilypad":6,"minecraft:granite":1,"minecraft:grass_block":466,"bloomingnature:freesia_pink":1,"vinery:apple_log":7,"minecraft:iron_ore":51,"minecraft:barrel":1,"biomesoplenty:rainbow_birch_sapling":3,"minecraft:moss_carpet":1,"minecraft:cave_vines":2,"minecraft:azalea":2,"candlelight:lettuce_crop":4,"wildlands:duckweed":1,"biomesoplenty:glowing_moss_carpet":6,"minecraft:smoker":1,"minecraft:torch":6,"minecraft:blast_furnace":1,"minecraft:chest":1,"minecraft:cobblestone":9,"brewery:hops_crop":5,"minecraft:sugar_cane":8,"minecraft:wall_torch":2,"minecraft:mud":9,"ribbits:toadstool_stem":2,"minecraft:birch_log":4,"herbalbrews:wild_rooibos_plant":2,"beachparty:palm_log":13,"minecraft:grass":146,"mcwfences:spruce_pyramid_gate":2,"minecraft:oak_log":26,"plushies:axolotl_plushie":1,"minecraft:sand":18,"minecraft:dirt":268,"minecraft:oak_leaves":2,"minecraft:deepslate":11,"biomesoplenty:reed":1,"biomesoplenty:glowing_moss_block":100,"minecraft:tuff":2,"minecraft:deepslate_diamond_ore":7,"biomesoplenty:desert_grass":2,"brewery:hops_crop_body":2,"gravestone:gravestone":1,"minecraft:dark_oak_fence":10,"biomesoplenty:bush":9,"minecraft:moss_block":65,"minecraft:rooted_dirt":1,"minecraft:sandstone":14,"minecraft:large_fern":1,"minecraft:hay_block":15,"minecraft:spruce_sapling":1,"minecraft:packed_mud":27,"minecraft:deepslate_iron_ore":3,"ribbits:mossy_oak_door":2,"minecraft:stone":207,"bloomingnature:bluebell":3,"wildlands:cattail":3,"minecraft:flowering_azalea":3,"minecraft:crafting_table":3,"minecraft:cornflower":1,"ribbits:swamp_lantern":6,"candlelight:wild_tomatoes":6,"minecraft:tall_grass":63,"minecraft:lily_pad":1,"candlelight:spruce_cabinet":1,"minecraft:big_dripleaf":2,"mcwfences:spruce_horse_fence":34,"minecraft:spruce_log":457,"bloomingnature:fan_palm_log":4,"minecraft:coal_ore":43,"beachparty:coconut_block":1},"minecraft:killed":{"minecraft:cave_spider":7,"minecraft:witch":1,"minecraft:spider":4,"aquaculture:smallmouth_bass":2,"minecraft:skeleton":6,"bloomingnature:squirrel":1,"alexsmobs:centipede_head":1,"alexsmobs:kangaroo":1,"minecraft:iron_golem":2,"minecraft:creeper":10,"minecraft:pillager":8,"minecraft:zombie":13,"aquaculture:bluegill":1,"alexsmobs:raccoon":1,"crittersandcompanions:otter":3,"alexsmobs:cockroach":3,"knightquest:lizzy":18,"minecraft:villager":1},"minecraft:crafted":{"minecraft:chest":2,"minecraft:crafting_table":1,"farmersdelight:iron_knife":1,"minecraft:wooden_pickaxe":1,"minecraft:birch_planks":16,"minecraft:stick":4,"minecraft:iron_pickaxe":1,"minecraft:iron_ingot":0,"minecraft:stone_sword":1,"minecraft:bone_meal":9,"minecraft:iron_axe":1,"minecraft:iron_hoe":1,"minecraft:stone_pickaxe":1,"candlelight:tomato_seeds":3,"beachparty:palm_planks":12,"minecraft:wheat":135,"minecraft:stone_axe":1,"minecraft:bread":7,"minecraft:air":0,"minecraft:wooden_axe":1,"minecraft:iron_shovel":1,"minecraft:torch":8},"minecraft:picked_up":{"minecraft:iron_chestplate":1,"vinery:red_grape":4,"beachparty:rubber_ring_axolotl":1,"bloomingnature:fan_palm_log":3,"biomesoplenty:rainbow_birch_sapling":24,"minecraft:string":8,"beachparty:coconut_open":2,"minecraft:cobbled_deepslate":11,"herbalbrews:rooibos_leaf":2,"minecraft:spruce_planks":1,"minecraft:azalea":4,"plushies:axolotl_plushie":1,"alexsmobs:raccoon_tail":1,"wildlands:cattail":3,"avalight:m4a1_sumire":1,"minecraft:stick":48,"minecraft:big_dripleaf":4,"minecraft:torch":8,"minecraft:porkchop":8,"alexsmobs:centipede_leg":1,"minecraft:stone_sword":1,"minecraft:rotten_flesh":12,"minecraft:tropical_fish":2,"mcwfences:spruce_pyramid_gate":2,"vinery:apple_log":7,"minecraft:cobblestone":216,"minecraft:birch_log":4,"candlelight:lettuce":2,"biomesoplenty:glowshroom":16,"minecraft:smoker":1,"herbalbrews:tea_blossom":3,"beachparty:palm_log":13,"minecraft:tuff":2,"minecraft:dirt":726,"minecraft:lantern":75,"knightquest:lizzy_scale":9,"brewery:hops_seeds":8,"tacz:ammo_box":1,"minecraft:bone":14,"bloomingnature:bluebell":3,"minecraft:wheat_seeds":91,"minecraft:glowstone_dust":1,"minecraft:moss_block":60,"bloomingnature:freesia_pink":1,"minecraft:oak_planks":5,"mcwwindows:stripped_spruce_log_window2":2,"butchersdelight:cow_hide":1,"butchersdelight:skullcow":2,"minecraft:sand":18,"wildlands:duckweed":1,"minecraft:lily_of_the_valley":14,"farmersdelight:ham":2,"minecraft:barrel":1,"avalight:m4a1_cotton_candy":1,"some_assembly_required:sandwich":1,"minecraft:diamond":24,"knightquest:small_essence":27,"minecraft:granite":1,"minecraft:bread":40,"minecraft:rooted_dirt":1,"minecraft:oak_sapling":25,"minecraft:dark_oak_fence":8,"minecraft:mud":9,"minecraft:crafting_table":3,"minecraft:brown_mushroom":3,"mcwfences:spruce_horse_fence":34,"gravestone:obituary":4,"beachparty:coconut":5,"ribbits:toadstool_stem":2,"minecraft:cornflower":21,"candlelight:lettuce_seeds":9,"minecraft:moss_carpet":10,"tacz:ammo":360,"minecraft:beef":6,"candlelight:tomato_seeds":1,"biomesoplenty:wildflower":2,"minecraft:sugar_cane":20,"minecraft:chest":1,"minecraft:birch_sapling":28,"minecraft:egg":3,"minecraft:raw_iron":54,"minecraft:sandstone":13,"ribbits:giant_lilypad":6,"some_assembly_required:bread_slice":47,"minecraft:carrot":21,"alexsmobs:crocodile_scute":1,"minecraft:arrow":6,"ribbits:swamp_lantern":6,"minecraft:hay_block":15,"minecraft:mutton":9,"minecraft:glow_berries":1,"minecraft:rail":2,"herbalbrews:yerba_mate_leaf":7,"minecraft:glow_ink_sac":1,"minecraft:red_mushroom":1,"minecraft:packed_mud":27,"bloomingnature:genisteae":1,"minecraft:oak_log":26,"minecraft:lily_pad":1,"minecraft:gunpowder":3,"biomesoplenty:glowing_moss_carpet":58,"alexsmobs:cockroach_wing_fragment":1,"candlelight:tomato":6,"bloomingnature:chestnut_sapling":8,"minecraft:acacia_sapling":3,"minecraft:flowering_azalea":6,"beachparty:palm_sapling":1,"minecraft:spruce_sapling":22,"minecraft:blast_furnace":1,"minecraft:spruce_log":456,"biomesoplenty:glowing_moss_block":97,"minecraft:spider_eye":5,"butchersdelight:sheephide":2,"minecraft:diamond_shovel":1,"tacz:modern_kinetic_gun":2,"candlelight:spruce_cabinet":1,"minecraft:coal":44}},"DataVersion":3465}