{"stats":{"minecraft:picked_up":{"minecraft:crafting_table":1,"minecraft:wheat":15,"minecraft:feather":5,"minecraft:chicken":2,"minecraft:potato":25,"biomesoplenty:fir_sapling":86,"biomesoplenty:fir_log":267,"bloomingnature:genisteae":3,"butchersdelight:deadpig":2,"biomesoplenty:fir_stairs":3,"minecraft:oak_log":36,"minecraft:gunpowder":3,"minecraft:cornflower":4,"minecraft:dirt":3,"bloomingnature:bluebell":2,"brewery:hops_seeds":2,"butchersdelight:deadchiken":2,"minecraft:bone":6,"bloomingnature:foxglove_white":3,"minecraft:beetroot":2,"butchersdelight:dead_cow":3,"minecraft:apple":3,"minecraft:wheat_seeds":109,"biomesoplenty:fir_planks":2,"minecraft:beef":12,"candlelight:tomato_seeds":1,"candlelight:tomato":4,"minecraft:poppy":1,"minecraft:light_gray_wool":1,"minecraft:stick":57,"minecraft:raw_iron":5,"vinery:taiga_grape_seeds_red":1,"butchersdelight:cow_hide":3,"butchersdelight:skullcow":3,"epicfight:skillbook":1,"minecraft:porkchop":8,"minecraft:stripped_spruce_log":3,"minecraft:spruce_sapling":22,"minecraft:carrot":43,"minecraft:spruce_log":143,"minecraft:white_bed":2,"minecraft:lily_of_the_valley":1,"farmersdelight:ham":2,"butchersdelight:sheephide":1,"minecraft:arrow":1,"butchersdelight:deadsheep":1,"minecraft:beetroot_seeds":4,"minecraft:hay_block":13,"knightquest:small_essence":1,"alexsmobs:maggot":1,"minecraft:oak_sapling":15,"minecraft:mutton":4,"minecraft:coal":18,"minecraft:white_wool":2,"minecraft:cobblestone":43,"minecraft:oxeye_daisy":13},"minecraft:custom":{"minecraft:interact_with_furnace":4,"minecraft:mob_kills":12,"minecraft:interact_with_crafting_table":17,"minecraft:leave_game":1,"minecraft:time_since_death":16017,"minecraft:sleep_in_bed":2,"minecraft:climb_one_cm":380,"minecraft:time_since_rest":4154,"minecraft:sprint_one_cm":272243,"minecraft:damage_taken":850,"minecraft:walk_one_cm":272340,"minecraft:drop":10,"minecraft:damage_dealt":2184,"minecraft:swim_one_cm":21289,"minecraft:fly_one_cm":333170,"minecraft:open_chest":20,"minecraft:crouch_one_cm":295,"minecraft:play_time":52678,"minecraft:deaths":2,"minecraft:sneak_time":70,"minecraft:walk_under_water_one_cm":974,"minecraft:jump":782,"minecraft:walk_on_water_one_cm":21281,"minecraft:total_world_time":52678,"minecraft:fall_one_cm":15878},"minecraft:killed":{"alexsmobs:grizzly_bear":1,"alexsmobs:raccoon":1,"minecraft:spider":1,"alexsmobs:seagull":1,"minecraft:creeper":2,"minecraft:sheep":2,"minecraft:skeleton":1,"knightquest:lizzy":1,"alexsmobs:fly":2},"minecraft:mined":{"minecraft:white_bed":2,"brewery:wild_hops":1,"minecraft:lily_of_the_valley":2,"minecraft:crafting_table":1,"minecraft:cornflower":5,"gravestone:gravestone":1,"biomesoplenty:fir_planks":2,"minecraft:grass_block":3,"minecraft:poppy":1,"candlelight:wild_tomatoes":5,"bloomingnature:genisteae":1,"bloomingnature:foxglove_white":3,"minecraft:tall_grass":93,"minecraft:spruce_leaves":8,"minecraft:oxeye_daisy":3,"minecraft:hay_block":13,"minecraft:carrots":11,"minecraft:iron_ore":5,"minecraft:wheat":16,"minecraft:spruce_log":160,"minecraft:stripped_spruce_log":3,"biomesoplenty:fir_stairs":3,"biomesoplenty:fir_log":267,"minecraft:potatoes":6,"minecraft:grass":367,"minecraft:beetroots":2,"minecraft:coal_ore":18,"minecraft:oak_log":36,"biomesoplenty:fir_leaves":4,"biomesoplenty:fir_sapling":1,"bloomingnature:bluebell":1,"minecraft:stone":43,"minecraft:fern":4},"minecraft:dropped":{"alexsmobs:maggot":1,"minecraft:wheat_seeds":3,"epicfight:stone_spear":1,"minecraft:coal":4,"minecraft:wooden_axe":1,"gravestone:obituary":2,"minecraft:white_wool":1},"minecraft:killed_by":{"alexsmobs:grizzly_bear":1},"minecraft:broken":{"minecraft:iron_axe":1},"minecraft:used":{"minecraft:water_bucket":14,"minecraft:wheat_seeds":2,"epicfight:skillbook":1,"minecraft:stone_pickaxe":26,"minecraft:chest":2,"minecraft:wooden_pickaxe":40,"butchersdelight:hook":2,"biomesoplenty:fir_planks":6,"minecraft:stone_hoe":113,"minecraft:torch":2,"minecraft:dirt":59,"minecraft:crafting_table":3,"minecraft:white_bed":2,"wom:stone_staff":41,"epicfight:stone_spear":47,"epicfight:iron_tachi":5,"minecraft:wooden_axe":46,"minecraft:apple":3,"minecraft:iron_axe":253,"biomesoplenty:fir_sapling":21,"minecraft:grass_block":2,"minecraft:bread":5,"biomesoplenty:fir_stairs":7,"minecraft:spruce_sapling":4,"epicfight:stone_greatsword":5,"minecraft:stone_axe":209,"minecraft:furnace":1,"minecraft:bucket":15,"alexsmobs:animal_dictionary":1,"biomesoplenty:fir_fence":6},"minecraft:crafted":{"biomesoplenty:fir_stairs":4,"epicfight:stone_spear":1,"minecraft:oak_planks":8,"butchersdelight:hook":2,"minecraft:iron_nugget":36,"minecraft:crafting_table":2,"wom:stone_staff":1,"minecraft:spruce_planks":32,"minecraft:wooden_pickaxe":1,"minecraft:furnace":1,"minecraft:bucket":1,"epicfight:stone_greatsword":1,"butchersdelight:cleaver":1,"minecraft:stone_axe":1,"minecraft:air":0,"biomesoplenty:fir_planks":44,"biomesoplenty:fir_fence":6,"aquaculture:iron_hook":2,"minecraft:stick":8,"minecraft:iron_ingot":16,"minecraft:stone_pickaxe":1,"minecraft:wooden_axe":1,"minecraft:stone_sword":1,"minecraft:chest":2}},"DataVersion":3465}