{"stats":{"minecraft:crafted":{"sophisticatedbackpacks:netherite_backpack":1},"minecraft:used":{"minecraft:spruce_door":1,"minecraft:birch_planks":8,"minecraft:grass_block":3,"minecraft:red_concrete":27,"minecraft:oak_planks":10,"minecraft:netherite_axe":31,"mcwroofs:orange_concrete_lower_roof":3,"minecraft:light_blue_bed":1,"minecraft:spruce_trapdoor":8,"mcwroofs:red_concrete_upper_lower_roof":21,"mcwroofs:yellow_concrete_top_roof":33,"mcwroofs:red_concrete_lower_roof":31,"minecraft:blue_bed":2,"minecraft:pink_bed":1,"minecraft:dirt":1,"minecraft:crafting_table":1,"minecraft:lime_bed":1,"minecraft:red_bed":3,"biomeswevegone:orchard_sapling":1,"minecraft:white_bed":8,"minecraft:yellow_bed":1,"mcwroofs:orange_concrete_upper_lower_roof":5,"biomeswevegone:maple_trapdoor":1,"minecraft:bone_meal":4,"minecraft:light_gray_bed":1},"minecraft:mined":{"minecraft:oak_log":30},"minecraft:custom":{"minecraft:time_since_rest":1644,"minecraft:sprint_one_cm":16013,"minecraft:damage_taken":90,"minecraft:walk_one_cm":34607,"minecraft:damage_dealt":55,"minecraft:interact_with_crafting_table":1,"minecraft:fly_one_cm":94632,"minecraft:crouch_one_cm":1266,"minecraft:play_time":27721,"minecraft:deaths":1,"minecraft:sneak_time":795,"minecraft:walk_under_water_one_cm":4420,"minecraft:jump":73,"minecraft:leave_game":2,"minecraft:time_since_death":1610,"minecraft:walk_on_water_one_cm":156,"minecraft:sleep_in_bed":1,"minecraft:total_world_time":27721},"minecraft:picked_up":{"minecraft:stick":7,"minecraft:oak_log":30,"biomeswevegone:orchard_sapling":15,"minecraft:spruce_door":1}},"DataVersion":3465}