{"stats":{"minecraft:killed":{"minecraft:cave_spider":7,"aquaculture:smallmouth_bass":2,"minecraft:skeleton":29,"bloomingnature:squirrel":1,"alexsmobs:centipede_head":1,"minecraft:cat":1,"minecraft:iron_golem":14,"minecraft:pillager":8,"minecraft:zombie":49,"ribbits:ribbit":20,"alexsmobs:raccoon":1,"minecraft:wandering_trader":1,"alexsmobs:elephant":1,"minecraft:enderman":3,"minecraft:zombified_piglin":8,"minecraft:witch":1,"minecraft:spider":6,"minecraft:bee":6,"alexsmobs:kangaroo":1,"minecraft:creeper":21,"minecraft:sheep":11,"aquaculture:minnow":2,"minecraft:ghast":1,"alexsmobs:fly":1,"crittersandcompanions:koi_fish":1,"knightquest:gremlin":1,"minecraft:blaze":19,"crittersandcompanions:dumbo_octopus":1,"aquaculture:bluegill":1,"minecraft:phantom":3,"vinery:mule":2,"minecraft:drowned":1,"crittersandcompanions:otter":4,"alexsmobs:cockroach":3,"knightquest:lizzy":22,"minecraft:wither_skeleton":4,"minecraft:villager":2},"minecraft:used":{"alexsmobs:emu_egg":2,"farmersdelight:onion_crate":1,"mcwwindows:spruce_pane_window":2,"crittersandcompanions:dumbo_octopus_spawn_egg":6,"mcwbridges:spruce_log_bridge_middle":51,"minecraft:spruce_slab":2,"farmersdelight:cabbage_seeds":57,"minecraft:chest":2,"minecraft:stone":32,"vinery:spruce_wine_rack_big":4,"minecraft:farmland":106,"vinery:mead":2,"minecraft:skeleton_spawn_egg":30,"slashblade:bladestand_2w":6,"candlelight:typewriter_iron":1,"ironchest:iron_chest":7,"fantasyfurniture:venthyr/table_small_fancy":1,"vinery:dark_cherry_sapling":1,"candlelight:tomato_seeds":76,"vinery:taiga_grape_seeds_red":4,"bakery:oat_seeds":60,"cfm:stripped_birch_mail_box":1,"minecraft:villager_spawn_egg":24,"mcwlights:chain_lantern":72,"beachparty:rubber_ring_axolotl":1,"mcwdoors:spruce_glass_door":14,"minecraft:grass_block":386,"mcwholidays:spider_wall_deco_1":3,"moa_decor_art:caballeteconlamonalisa":1,"vinery:straw_hat":1,"mcwwindows:stripped_spruce_log_four_window":202,"fantasyfurniture:dunmer/chair":5,"vinery:wine_box":2,"moa_decor_art:pgoticoestadounidense":1,"minecraft:stone_brick_stairs":46,"ironfurnaces:iron_furnace":6,"ribbits:ribbit_merchant_spawn_egg":4,"fantasyfurniture:dunmer/table_large":1,"cfm:stripped_crimson_desk":3,"candlelight:tomato":3,"mcwfurnitures:spruce_end_table":3,"minecraft:egg":6,"bakery:crafting_bowl":5,"herbalbrews:oolong_tea":1,"minecraft:potato":70,"vinery:white_grape_seeds":4,"minecraft:deepslate_brick_wall":356,"crittersandcompanions:koi_fish_spawn_egg":21,"fantasyfurniture:venthyr/table_wide":1,"minecraft:diorite":1,"minecraft:cow_spawn_egg":4,"bakery:strawberry_cake":1,"minecraft:wooden_pickaxe":37,"fantasyfurniture:venthyr/door_double":4,"moa_decor_toys:ajoloteazul":2,"spartanweaponry:iron_boomerang":43,"brewery:corn_seeds":76,"butchersdelight:skullcow":1,"biomesoplenty:rainbow_birch_sapling":4,"brewery:barrel_main":5,"fantasyfurniture:nordic/table_wide":1,"minecraft:sand":45,"candlelight:cooking_pan":1,"moa_decor_electronics:pc_gamer_rosa":3,"farmersdelight:rice":59,"minecraft:deepslate_brick_stairs":3,"fantasyfurniture:venthyr/bookshelf":2,"fantasyfurniture:nordic/oven":5,"mcwholidays:hay_wheelbarrow":1,"spartanweaponry:diamond_scythe":13,"bakery:wall_cabinet":14,"fantasyfurniture:venthyr/table_wide_fancy":2,"cfm:stripped_spruce_park_bench":3,"fantasyfurniture:dunmer/bed_single":1,"minecraft:dark_oak_fence":4,"minecraft:smithing_table":1,"farmersdelight:spruce_cabinet":4,"moa_decor_art:caballeteserenatamexicana":1,"fantasyfurniture:venthyr/chair":9,"epicsamurai:steel_boots":1,"hamsters:hamster_wheel":1,"fantasyfurniture:venthyr/wardrobe_top":2,"ironchest:wood_to_iron_chest_upgrade":3,"beachparty:coconut":5,"minecraft:enchanting_table":2,"moa_decor_art:acuarelas":1,"cfm:post_box":2,"minecraft:armor_stand":14,"farmersdelight:half_tatami_mat":4,"herbalbrews:yerba_mate_leaf":26,"fantasyfurniture:decorations/tankards_empty":2,"brewery:copper_brewingstation":8,"brewery:breathalyzer":2,"mcwholidays:sitting_skeleton":1,"minecraft:bee_spawn_egg":6,"minecraft:torch":25,"minecraft:anvil":5,"fantasyfurniture:decorations/bowl_beetroot_soup":1,"minecraft:twisting_vines":11,"days_in_the_middle_ages:animaltroughoakone":3,"fantasyfurniture:bone/wither/bed_single":1,"herbalbrews:rooibos_leaf":19,"brewery:rope":2,"fantasyfurniture:decorations/nordic_mead_bottles":3,"minecraft:iron_axe":1615,"minecraft:rooted_dirt":1,"brewery:beer_barley":8,"slashblade:slashblade":70,"minecraft:spawner":8,"minecraft:chicken_spawn_egg":30,"fantasyfurniture:venthyr/floor_light":3,"mcwfences:spruce_picket_fence":3,"moa_decor_art:bateriamorada":4,"days_in_the_middle_ages:animaltroughsprucetwo":2,"candlelight:cherry_big_table":2,"farmersdelight:cooking_pot":1,"bakery:baker_station":3,"ribbits:swamp_daisy":1,"minecraft:cobbled_deepslate":185,"minecraft:observer":36,"vinery:red_grape":3,"farmersdelight:potato_crate":1,"vinery:apple_press":3,"minecraft:calcite":1,"minecraft:wheat_seeds":48,"minecraft:water_bucket":91,"fantasyfurniture:venthyr/desk_left":2,"minecraft:birch_planks":24,"ribbits:ribbit_fisherman_spawn_egg":11,"farmersdelight:tomato_crate":1,"ironchest:gold_to_diamond_chest_upgrade":7,"moa_decor_electronics:c_game_boy":1,"ribbits:ribbit_sorcerer_spawn_egg":5,"moa_decor_art:pserenatamexicana":2,"minecraft:cauldron":1,"minecraft:sheep_spawn_egg":18,"mcwholidays:bat_sleeping":2,"biomesoplenty:hellbark_sapling":4,"minecraft:deepslate_bricks":109,"cfm:stripped_spruce_desk":8,"minecraft:polished_deepslate_slab":6,"mcwlights:chain_wall_lantern":129,"minecraft:crafting_table":5,"plushies:axolotl_plushie":2,"minecraft:campfire":1,"minecraft:dark_oak_fence_gate":2,"fantasyfurniture:decorations/bone_wither_skull_blossoms":1,"minecraft:spruce_log":1446,"minecraft:oak_log":2,"minecraft:mud":4,"wardrobe:travel_backpack":1,"minecraft:oxeye_daisy":7,"minecraft:diamond_shovel":507,"minecraft:oak_button":1,"minecraft:pig_spawn_egg":8,"minecraft:iron_pickaxe":75,"ironchest:diamond_to_obsidian_chest_upgrade":3,"vinery:fermentation_barrel":5,"minecraft:spruce_sapling":21,"bakery:strawberry_cake_slice":1,"herbalbrews:tea_blossom":82,"vinery:savanna_grape_seeds_red":4,"vinery:winemaker_leggings":1,"minecraft:cobblestone":17,"minecraft:potion":2,"travelersbackpack:standard":2,"vanillaplustools:iron_hammer":25,"mcwtrpdoors:oak_barn_trapdoor":74,"bakery:brick_stove":3,"herbalbrews:stove":3,"vinery:grapevine_pot":3,"moa_decor_art:pincelesenagua":2,"vinery:apple_tree_sapling":3,"mcwfences:spruce_stockade_fence":1,"minecraft:dandelion":6,"mcwfences:spruce_highley_gate":1,"epicsamurai:straw_hat":1,"minecraft:iron_shovel":288,"minecraft:polished_deepslate":38,"mcwwindows:stripped_spruce_log_window2":63,"farmersdelight:stove":2,"butchersdelight:hook":32,"minecraft:zombie_spawn_egg":42,"avalight:gun_colouring_table":2,"cfm:stripped_birch_coffee_table":2,"minecraft:iron_chestplate":1,"mcwholidays:standing_broomstick":1,"plushies:cold_frog_plushie":1,"minecraft:carrot":82,"mcwwindows:spruce_plank_window":1,"moa_decor_art:microfonoenpedestal":2,"mcwbridges:spruce_bridge_pier":6,"ironchest:copper_to_iron_chest_upgrade":2,"epicsamurai:kunai":5,"fantasyfurniture:venthyr/table_large_fancy":1,"jeg:grenade":1,"minecraft:obsidian":1,"minecraft:milk_bucket":2,"avalight:gun_modifying_table":2,"minecraft:polished_deepslate_stairs":15,"vanillaplustools:iron_shovel":31,"minecraft:glass":293,"minecraft:lantern":1,"minecraft:blue_orchid":8,"minecraft:packed_mud":130,"fantasyfurniture:venthyr/wardrobe_bottom":2,"candlelight:painting":2,"fantasyfurniture:venthyr/door_single":5,"aquaculture:diamond_fishing_rod":5,"minecraft:stone_bricks":56,"brewery:beer_haley":7,"minecraft:repeater":9,"farmersdelight:cutting_board":4,"fantasyfurniture:venthyr/drawer":3,"bakery:stone_bricks_stove":2,"ironchest:obsidian_chest":1,"jeg:revolver":5,"fantasyfurniture:venthyr/chandelier":14,"moa_decor_art:lienzo":5,"mcwholidays:bat_awake":1,"farmersdelight:full_tatami_mat":8,"mcwfences:spruce_pyramid_gate":15,"brewery:cabinet":3,"minecraft:stone_pickaxe":126,"minecraft:redstone_block":14,"minecraft:sugar_cane":25,"fantasyfurniture:necrolord/chandelier":1,"moa_decor_art:caballetelanocheestrellada":2,"ironchest:copper_chest":4,"moa_decor_art:caballetelienzo":1,"minecraft:sponge":33,"some_assembly_required:sandwich":32,"spartanweaponry:diamond_saber":2,"mcwpaths:deepslate_basket_weave_paving":202,"epicsamurai:shuriken":6,"minecraft:creeper_spawn_egg":11,"minecraft:redstone_torch":5,"minecraft:sticky_piston":4,"spartanweaponry:diamond_longsword":13,"vinery:storage_pot":1,"vinery:grass_slab":25,"mcwdoors:spruce_bark_glass_door":1,"minecraft:bread":33,"ironchest:iron_to_gold_chest_upgrade":7,"brewery:hops_seeds":70,"vinery:savanna_grape_seeds_white":4,"minecraft:gravel":37,"fantasyfurniture:venthyr/table_small":3,"spartanweaponry:diamond_longbow":3,"moa_decor_art:caballetelajovendelaperla":1,"moa_decor_art:caballeteelgrito":1,"minecraft:air":2,"moa_decor_art:tambormagenta":9,"minecraft:bone_meal":25,"mcwbridges:spruce_log_bridge_stair":8,"fantasyfurniture:decorations/venthyr_tea_set":1,"moa_decor_art:guitarraelectricamorada":9,"candlelight:stone_bricks_kitchen_sink":2,"candlelight:stone_bricks_stove":3,"minecraft:redstone":21,"meadow:cooking_cauldron":1,"minecraft:spruce_planks":16,"tacz:gun_smith_table":6,"cfm:stripped_spruce_table":8,"avalight:gun_crafting_table":2,"farmersdelight:rice_bag":1,"brewery:barley_seeds":55,"bloomingnature:white_orchid":2,"minecraft:dirt":742,"fantasyfurniture:royal/chair":1,"ribbits:ribbit_gardener_spawn_egg":4,"minecraft:hopper":35,"farmersdelight:carrot_crate":2,"minecraft:spruce_stairs":57,"candlelight:table_set":25,"ribbits:toadstool_stem":2,"minecraft:oak_wood":1,"minecraft:bee_nest":1,"mcwtrpdoors:spruce_glass_trapdoor":22,"candlelight:lettuce_seeds":81,"mcwwindows:mud_brick_gothic":8,"wardrobe:silkworm_tray":2,"alexsmobs:spawn_egg_terrapin":1,"herbalbrews:tea_kettle":4,"fantasyfurniture:venthyr/wall_light":28,"vinery:winemaker_boots":1,"minecraft:iron_hoe":472,"alexsmobs:maggot":1,"moa_decor_electronics:teclado_monitor_minecraft":6,"paraglider:horned_statue":1,"minecraft:wooden_axe":62,"cfm:stripped_spruce_mail_box":1,"cfm:black_sofa":8,"hamsters:hamster_spawn_egg":1,"minecraft:red_tulip":8,"minecraft:bookshelf":35,"beachparty:coconut_open":2,"vinery:dark_cherry_barrel":1,"brewery:silo_copper":13,"vinery:grapevine_stem":10,"mcwdoors:spruce_japanese2_door":1,"bakery:strawberry_seeds":61,"ironchest:diamond_to_crystal_chest_upgrade":1,"ironchest:gold_chest":5,"moa_decor_art:paletadepintura":1,"mcwfences:spruce_horse_fence":315,"some_assembly_required:sandwiching_station":2,"herbalbrews:green_tea":1,"aquaculture:tackle_box":1,"fantasyfurniture:venthyr/bed_double":2,"mcwdoors:birch_japanese2_door":1,"farmersdelight:skillet":3,"minecraft:glass_bottle":6,"cfm:cyan_sofa":4,"ribbits:ribbit_nitwit_spawn_egg":45,"fantasyfurniture:venthyr/carpet":7,"bakery:deepslate_stove":1,"squarry:powered_quarry":1,"vinery:oak_lattice":20,"farmersdelight:onion":41,"candlelight:stone_bricks_counter":2,"moa_decor_art:aerosolcian":1,"minecraft:stripped_dark_oak_log":9,"bakery:small_cooking_pot":2,"moa_decor_art:caballete":1,"craftingautomat:autocrafter":2,"minecraft:piston":16,"twm:terrapotta_fist":28,"minecraft:black_wool":2,"minecraft:apple":5,"moa_decor_art:caballetegoticoestadounidense":1,"candlelight:spruce_cabinet":4,"minecraft:command_block":9,"vinery:winemaker_apron":2,"cfm:fridge_dark":1,"candlelight:lettuce_crate":2,"minecraft:stone_axe":34,"brewery:beer_mug":1,"minecraft:cobbled_deepslate_slab":44,"fantasyfurniture:venthyr/sofa":3,"minecraft:bucket":3,"butchersdelight:rack":1,"brewery:drawer":3,"vinery:red_grape_seeds":6,"candlelight:tool_rack":6,"vinery:taiga_grape_seeds_white":4},"minecraft:custom":{"minecraft:interact_with_crafting_table":27,"minecraft:open_barrel":7,"minecraft:eat_cake_slice":1,"minecraft:leave_game":25,"minecraft:time_since_death":888161,"minecraft:play_time":1112753,"minecraft:deaths":2,"minecraft:jump":6363,"minecraft:enchant_item":15,"minecraft:interact_with_furnace":18,"minecraft:sleep_in_bed":37,"minecraft:damage_dealt":43601,"minecraft:use_cauldron":4,"minecraft:horse_one_cm":674,"minecraft:interact_with_smithing_table":4,"minecraft:interact_with_anvil":9,"minecraft:inspect_hopper":23,"minecraft:damage_dealt_absorbed":261,"minecraft:sneak_time":32799,"minecraft:total_world_time":1112753,"minecraft:time_since_rest":215071,"minecraft:swim_one_cm":99024,"minecraft:fly_one_cm":3229186,"minecraft:open_chest":196,"minecraft:fish_caught":4,"minecraft:fall_one_cm":120101,"minecraft:animals_bred":19,"minecraft:sprint_one_cm":1836151,"minecraft:drop":139,"minecraft:talked_to_villager":15,"minecraft:walk_on_water_one_cm":110990,"minecraft:player_kills":4,"minecraft:crouch_one_cm":66105,"minecraft:mob_kills":268,"minecraft:fill_cauldron":1,"minecraft:sword_summoned":14,"minecraft:climb_one_cm":5505,"minecraft:walk_one_cm":2342309,"minecraft:walk_under_water_one_cm":74034,"minecraft:damage_taken":5601},"minecraft:broken":{"minecraft:iron_axe":4,"minecraft:iron_shovel":1},"minecraft:picked_up":{"minecraft:iron_chestplate":1,"vinery:red_grape":7,"farmersdelight:rice_panicle":68,"bloomingnature:fan_palm_log":3,"minecraft:golden_sword":1,"biomesoplenty:rainbow_birch_sapling":24,"farmersdelight:cutting_board":1,"minecraft:string":9,"brewery:beer_barley":3,"minecraft:shroomlight":1,"minecraft:gold_nugget":3,"minecraft:cobbled_deepslate":11,"minecraft:spruce_planks":1,"crittersandcompanions:koi_fish":1,"plushies:axolotl_plushie":1,"bakery:small_cooking_pot":1,"minecraft:big_dripleaf":4,"minecraft:acacia_log":25,"alexsmobs:centipede_leg":1,"minecraft:stone_sword":2,"minecraft:tropical_fish":4,"minecraft:iron_block":1,"biomesoplenty:barley":2,"minecraft:blaze_rod":5,"aquaculture:tin_can":1,"meadow:rocky_wool":3,"minecraft:birch_log":40,"minecraft:feather":2,"farmersdelight:rice":43,"minecraft:smoker":1,"bakery:crafting_bowl":3,"brewery:corn_seeds":150,"beachparty:palm_log":13,"butchersdelight:deadpig":2,"vinery:red_grapejuice":1,"minecraft:lantern":92,"knightquest:lizzy_scale":19,"tacz:ammo_box":1,"avalight:small_sub_machinegun_magazine":128,"bloomingnature:white_orchid":3,"vinery:grapevine_stem":2,"minecraft:glowstone_dust":1,"minecraft:moss_block":60,"bloomingnature:freesia_pink":1,"mcwwindows:stripped_spruce_log_window2":2,"aquaculture:gar":1,"butchersdelight:skullcow":4,"naturalist:duck_egg":5,"minecraft:barrel":1,"biomesoplenty:hellbark_log":7,"avalight:m4a1_cotton_candy":1,"minecraft:stripped_acacia_log":1,"bloomingnature:stripped_swamp_oak_log":4,"minecraft:granite":1,"knightquest:small_essence":68,"minecraft:bread":40,"minecraft:rooted_dirt":3,"alexsmobs:maggot":1,"minecraft:dark_oak_fence":8,"minecraft:mud":9,"minecraft:crafting_table":3,"minecraft:bee_nest":1,"vinery:taiga_grapes_white":3,"squarry:upgrade_fortune_2":1,"gravestone:obituary":4,"ribbits:toadstool_stem":2,"minecraft:cornflower":22,"candlelight:lettuce_seeds":166,"minecraft:acacia_door":4,"avalight:pistol_ammo":128,"tacz:ammo":360,"vinery:mead":9,"minecraft:beef":11,"vinery:cherry":10,"minecraft:poppy":297,"minecraft:chest":1,"some_assembly_required:tomato_slices":8,"minecraft:birch_sapling":52,"minecraft:egg":66,"minecraft:sandstone":13,"minecraft:carrot":184,"butchersdelight:deadsheep":11,"aquaculture:brown_trout":1,"minecraft:hay_block":15,"brewery:corn":52,"avalight:desert_eagle":1,"minecraft:mutton":25,"minecraft:glow_berries":1,"minecraft:rail":2,"minecraft:white_wool":3,"minecraft:stripped_oak_log":15,"vinery:rotten_cherry":4,"aquaculture:tackle_box":1,"alexsmobs:acacia_blossom":1,"minecraft:red_mushroom":1,"minecraft:packed_mud":27,"minecraft:oak_log":947,"candlelight:cooking_pan":1,"minecraft:lily_pad":1,"vinery:taiga_grapes_red":3,"farmersdelight:skillet":1,"biomesoplenty:glowing_moss_carpet":58,"butchersdelight:deadchiken":10,"vinery:wine_bottle":1,"minecraft:apple":21,"alexsmobs:cockroach_wing_fragment":1,"candlelight:tomato":64,"herbalbrews:green_tea_leaf":49,"spartanweaponry:iron_dagger":1,"minecraft:flowering_azalea":6,"avalight:large_pistol_magazine":128,"vinery:jungle_grapes_white":17,"beachparty:palm_sapling":1,"minecraft:spruce_sapling":22,"minecraft:spruce_log":456,"farmersdelight:cabbage_leaf":9,"minecraft:diamond_shovel":1,"bakery:strawberry_cake_slice":8,"tacz:modern_kinetic_gun":3,"minecraft:warped_roots":1,"minecraft:ender_pearl":2,"beachparty:rubber_ring_axolotl":1,"bakery:strawberry_seeds":143,"minecraft:zombie_head":1,"vinery:savanna_grapes_red":4,"brewery:hops":44,"beachparty:coconut_open":2,"candlelight:table_set":1,"farmersdelight:cabbage":1,"minecraft:bucket":2,"herbalbrews:rooibos_leaf":129,"minecraft:azalea":4,"alexsmobs:raccoon_tail":1,"farmersdelight:cabbage_seeds":2,"wildlands:cattail":3,"avalight:m4a1_sumire":1,"minecraft:stick":347,"meadow:highland_wool":1,"minecraft:torch":31,"minecraft:porkchop":21,"minecraft:rotten_flesh":23,"mcwfences:spruce_pyramid_gate":2,"mcwdoors:spruce_glass_door":2,"bakery:cake_dough":1,"minecraft:cod":3,"vinery:apple_log":7,"minecraft:cobblestone":219,"candlelight:lettuce":57,"bakery:strawberry_cake":2,"brewery:beer_mug":3,"minecraft:andesite":1,"biomesoplenty:glowshroom":16,"herbalbrews:tea_blossom":81,"brewery:rope":1,"minecraft:potato":193,"minecraft:tuff":2,"butchersdelight:goat_fur":2,"minecraft:dirt":960,"brewery:hops_seeds":117,"brewery:barley_seeds":1,"minecraft:glass":1,"minecraft:bone":37,"bloomingnature:bluebell":9,"minecraft:bow":2,"minecraft:wheat_seeds":146,"bakery:oat":51,"slashblade:slashblade":7,"minecraft:oak_planks":5,"minecraft:poisonous_potato":2,"butchersdelight:cow_hide":3,"vinery:white_grape":3,"minecraft:sand":18,"wildlands:duckweed":1,"minecraft:lily_of_the_valley":18,"farmersdelight:ham":5,"brewery:barley":3,"minecraft:sugar":4,"mcwlights:chain_lantern":2,"vinery:jungle_grapes_red":9,"some_assembly_required:sandwich":4,"minecraft:diamond":24,"avalight:regular_sniper_magazine":128,"bloomingnature:swamp_oak_log":248,"minecraft:bone_meal":1,"minecraft:grass":1,"minecraft:spruce_sign":13,"butchersdelight:deadllama":2,"butchersdelight:hook":14,"minecraft:oak_sapling":287,"minecraft:netherrack":2,"meadow:flecked_wool":2,"minecraft:allium":7,"minecraft:chicken":2,"minecraft:brown_mushroom":3,"mcwfences:spruce_horse_fence":34,"beachparty:coconut":5,"minecraft:moss_carpet":10,"biomesoplenty:hellbark_sapling":3,"vinery:apple_tree_sapling":38,"candlelight:tomato_seeds":153,"biomesoplenty:wildflower":2,"minecraft:sugar_cane":205,"minecraft:phantom_membrane":1,"minecraft:raw_iron":54,"ribbits:giant_lilypad":6,"some_assembly_required:bread_slice":53,"minecraft:bowl":4,"meadow:inky_wool":1,"alexsmobs:crocodile_scute":1,"minecraft:dark_oak_planks":10,"minecraft:weeping_vines":2,"minecraft:arrow":22,"avalight:desert_eagle_the_argus":1,"ribbits:swamp_lantern":6,"avalight:fn57_snowfall":1,"minecraft:crimson_stem":23,"minecraft:glow_ink_sac":45,"herbalbrews:yerba_mate_leaf":181,"minecraft:salmon":1,"minecraft:leather":2,"bloomingnature:genisteae":2,"minecraft:nether_wart_block":98,"minecraft:gunpowder":9,"brewery:dried_barley":36,"mcwwindows:oak_pane_window":1,"some_assembly_required:sliced_onion":4,"bloomingnature:swamp_oak_sapling":138,"bakery:oat_seeds":140,"minecraft:iron_ingot":806,"meadow:patched_wool":1,"bloomingnature:chestnut_sapling":17,"aquaculture:minnow":1,"minecraft:acacia_sapling":14,"minecraft:scaffolding":8,"bakery:strawberry":55,"minecraft:blast_furnace":1,"minecraft:white_bed":19,"biomesoplenty:glowing_moss_block":97,"minecraft:spider_eye":5,"butchersdelight:sheephide":4,"candlelight:spruce_cabinet":1,"minecraft:coal":136},"minecraft:dropped":{"minecraft:crimson_stem":23,"minecraft:weeping_vines":2,"minecraft:warped_roots":1,"biomesoplenty:brimstone_fumarole":1,"minecraft:red_mushroom":1,"minecraft:dirt":17,"minecraft:grass":2,"minecraft:yellow_dye":1,"paraglider:heart_container":10,"knightquest:lizzy_scale":1,"farmersdelight:steak_and_potatoes":16,"minecraft:sand":18,"minecraft:sugar_cane":79,"minecraft:cooked_chicken":1,"vinery:straw_hat":1,"avalight:regular_rifle_magazine":80,"beachparty:rubber_ring_axolotl":1,"bloomingnature:white_orchid":1,"minecraft:white_dye":1,"minecraft:glass":2,"epicsamurai:white_samurai_helmet_light":1,"minecraft:egg":8,"minecraft:wheat_seeds":4,"spartanweaponry:iron_boomerang":1,"avalight:m4a1_sumire":1,"epicsamurai:white_samurai_boots_light":1,"avalight:mosin_nagant_sports":1,"avalight:desert_eagle":1,"avalight:desert_eagle_the_argus":1,"biomesoplenty:brimstone":1,"minecraft:wooden_axe":2,"vinery:red_grapejuice":1,"minecraft:spruce_sapling":33,"cfm:stripped_birch_mail_box":1,"minecraft:stone_sword":1,"vinery:mead":13,"spartanweaponry:diamond_saber":1,"mcwwindows:oak_pane_window":1,"minecraft:shroomlight":1,"minecraft:stone":1,"slashblade:slashblade":7,"epicsamurai:white_samurai_leggings_light":1,"tacz:ammo":120,"minecraft:oak_log":808,"minecraft:ender_pearl":2,"moa_decor_electronics:c_nintendo_switch":1,"ironchest:wood_to_iron_chest_upgrade":3,"bakery:strawberry_cake_slice":2,"gravestone:obituary":6,"plushies:cold_frog_plushie":1,"paraglider:paraglider":1,"avalight:m4a1_cotton_candy":2,"brewery:beer_barley":3,"biomesoplenty:rainbow_birch_sapling":20,"squarry:upgrade_fortune_2":1,"bloomingnature:bluebell":2,"minecraft:bread":6,"bakery:strawberry_cake":1,"avalight:fn57_snowfall":1,"minecraft:tropical_fish":1,"tacz:ammo_box":1,"minecraft:blue_dye":1,"plushies:red_fox_plushie":1,"minecraft:nether_wart_block":98,"tacz:modern_kinetic_gun":5,"butchersdelight:deadchiken":8,"epicsamurai:white_samurai_chestplate_light":1,"mcwdoors:spruce_glass_door":1,"some_assembly_required:sandwich":6,"minecraft:iron_chestplate":2,"herbalbrews:green_tea":1,"minecraft:wooden_pickaxe":1},"minecraft:mined":{"minecraft:dark_oak_planks":10,"ribbits:giant_lilypad":6,"minecraft:granite":1,"minecraft:acacia_log":25,"bloomingnature:freesia_pink":1,"minecraft:weeping_vines_plant":1,"minecraft:barrel":1,"biomesoplenty:rainbow_birch_sapling":3,"minecraft:moss_carpet":1,"biomesoplenty:hellbark_log":7,"minecraft:cave_vines":2,"wildlands:duckweed":1,"minecraft:smoker":1,"minecraft:torch":6,"minecraft:blast_furnace":1,"farmersdelight:cabbages":1,"brewery:hops_crop":5,"minecraft:sugar_cane":24,"minecraft:mud":9,"ribbits:toadstool_stem":2,"minecraft:grass":168,"mcwfences:spruce_pyramid_gate":2,"plushies:axolotl_plushie":1,"biomesoplenty:reed":1,"minecraft:deepslate":11,"biomesoplenty:desert_grass":2,"brewery:hops_crop_body":2,"minecraft:dark_oak_fence":10,"minecraft:moss_block":65,"minecraft:packed_mud":27,"minecraft:potatoes":1,"butchersdelight:skullcow":1,"wildlands:cattail":3,"minecraft:cornflower":1,"candlelight:wild_tomatoes":6,"minecraft:tall_grass":76,"candlelight:spruce_cabinet":1,"minecraft:big_dripleaf":2,"farmersdelight:skillet":1,"mcwfences:spruce_horse_fence":34,"minecraft:spruce_log":457,"bloomingnature:fan_palm_log":4,"beachparty:coconut_block":1,"minecraft:fern":3,"biomesoplenty:glowshroom":11,"minecraft:spruce_planks":1,"minecraft:grass_block":556,"brewery:beer_barley":2,"bloomingnature:genisteae":1,"vinery:apple_log":7,"minecraft:iron_ore":51,"minecraft:azalea":2,"candlelight:lettuce_crop":5,"biomesoplenty:glowing_moss_carpet":6,"minecraft:chest":1,"minecraft:cobblestone":9,"minecraft:wall_torch":2,"minecraft:seagrass":1,"minecraft:nether_wart_block":128,"minecraft:birch_log":40,"herbalbrews:wild_rooibos_plant":2,"herbalbrews:tea_plant":1,"some_assembly_required:sandwich":3,"beachparty:palm_log":13,"minecraft:oak_log":579,"brewery:beer_mug":1,"minecraft:sand":18,"minecraft:dirt":406,"minecraft:oak_leaves":21,"biomesoplenty:glowing_moss_block":100,"minecraft:tuff":2,"minecraft:deepslate_diamond_ore":7,"gravestone:gravestone":1,"biomesoplenty:bush":9,"bakery:crafting_bowl":3,"minecraft:sandstone":14,"minecraft:rooted_dirt":3,"minecraft:crimson_stem":29,"minecraft:large_fern":4,"minecraft:hay_block":15,"minecraft:spruce_sapling":1,"minecraft:deepslate_iron_ore":3,"minecraft:shroomlight":1,"minecraft:lantern":1,"ribbits:mossy_oak_door":2,"minecraft:stripped_acacia_log":1,"minecraft:stripped_oak_log":15,"bloomingnature:bluebell":4,"minecraft:stone":207,"minecraft:flowering_azalea":3,"minecraft:crafting_table":3,"ribbits:swamp_lantern":6,"minecraft:lily_pad":1,"bloomingnature:stripped_swamp_oak_log":4,"bloomingnature:swamp_oak_log":248,"minecraft:bee_nest":1,"minecraft:coal_ore":43},"minecraft:crafted":{"paraglider:deku_leaf":1,"vinery:wine_bottle":256,"farmersdelight:iron_knife":1,"slashblade:slashblade":1,"travelersbackpack:standard":1,"minecraft:iron_pickaxe":1,"minecraft:iron_block":1,"minecraft:bone_meal":9,"minecraft:stone_pickaxe":1,"minecraft:wheat":135,"minecraft:wooden_axe":1,"minecraft:iron_shovel":1,"minecraft:chest":3,"herbalbrews:green_tea":1,"minecraft:crafting_table":1,"minecraft:wooden_pickaxe":1,"minecraft:birch_planks":16,"minecraft:yellow_dye":1,"minecraft:stick":12,"minecraft:iron_ingot":0,"minecraft:stone_sword":1,"minecraft:iron_axe":1,"minecraft:iron_hoe":1,"candlelight:tomato_seeds":3,"beachparty:palm_planks":12,"paraglider:paraglider":1,"minecraft:stone_axe":1,"minecraft:bread":7,"minecraft:air":0,"minecraft:blue_dye":1,"vinery:apple_mash":1,"minecraft:white_dye":1,"vinery:apple_juice":1,"minecraft:torch":8}},"DataVersion":3465}