{"stats":{"minecraft:crafted":{"minecraft:wooden_sword":1,"rpgsmw:copper_scythe":1,"minecraft:oak_planks":16,"minecraft:raw_iron":216,"minecraft:stone_shovel":9,"vanillaplustools:stone_hammer":2,"minecraft:iron_nugget":9,"minecraft:cooked_chicken":3,"minecraft:furnace":1,"minecraft:stone":128,"minecraft:bookshelf":3,"travelersbackpack:white_sleeping_bag":1,"minecraft:stone_pickaxe":18,"minecraft:chest":7,"minecraft:copper_block":2,"vanillaplustools:stone_shovel":1,"rpgsmw:copper_sickle":1,"minecraft:stone_bricks":128,"mcwfurnituresbop:jacaranda_coffee_table":6,"travelersbackpack:iron_tier_upgrade":2,"minecraft:emerald":141,"biomesoplenty:jacaranda_planks":124,"minecraft:crafting_table":1,"minecraft:spruce_planks":12,"slashblade:slashblade":1,"minecraft:wooden_pickaxe":1,"travelersbackpack:standard":1,"rpgsmw:copper_knife":1,"minecraft:copper_ingot":28,"mcwfurnituresbop:jacaranda_stool_chair":2,"minecraft:birch_planks":92,"minecraft:campfire":1,"minecraft:stone_axe":2,"minecraft:enchanted_book":1,"biomesoplenty:jacaranda_slab":6,"minecraft:air":0,"biomesoplenty:jacaranda_fence":30,"travelersbackpack:emerald":1,"minecraft:spruce_trapdoor":4,"minecraft:white_wool":1,"minecraft:charcoal":6,"minecraft:shield":2,"minecraft:stick":100,"minecraft:iron_ingot":35,"minecraft:wooden_axe":1,"mcwfurnituresbop:jacaranda_striped_chair":2,"minecraft:torch":8,"rpgsmw:class_choose_orb":1,"slashblade:proudsoul_tiny":4},"minecraft:picked_up":{"minecraft:charcoal":5,"minecraft:crafting_table":2,"minecraft:chicken":3,"minecraft:lead":2,"biomesoplenty:jacaranda_sapling":23,"mcwfurnituresbop:jacaranda_striped_chair":3,"travelersbackpack:emerald":1,"minecraft:string":17,"minecraft:raw_copper":46,"minecraft:cobbled_deepslate":28,"minecraft:spruce_planks":24,"minecraft:beef":3,"minecraft:rose_bush":14,"minecraft:spruce_slab":1,"minecraft:lectern":15,"minecraft:chest":1,"minecraft:birch_sapling":41,"minecraft:furnace":1,"minecraft:raw_iron":3,"minecraft:stick":47,"mcwfurnituresbop:jacaranda_stool_chair":1,"mcwfurnituresbop:jacaranda_coffee_table":1,"minecraft:torch":2,"minecraft:spruce_stairs":3,"minecraft:porkchop":6,"minecraft:lightning_rod":1,"minecraft:diorite":10,"slashblade:proudsoul":3,"minecraft:arrow":5,"minecraft:rotten_flesh":24,"biomesoplenty:jacaranda_log":66,"minecraft:gold_ingot":1,"minecraft:mutton":1,"alexsmobs:kangaroo_meat":1,"minecraft:white_wool":2,"minecraft:cobblestone":2217,"minecraft:birch_log":87,"minecraft:feather":3,"minecraft:leather":6,"minecraft:oak_log":60,"biomesoplenty:jacaranda_planks":1,"minecraft:gunpowder":1,"travelersbackpack:gold_tier_upgrade":1,"minecraft:dirt":2548,"minecraft:lantern":3,"minecraft:bone":4,"minecraft:stone_bricks":10,"minecraft:wheat_seeds":8,"minecraft:iron_ingot":2,"minecraft:fletching_table":5,"slashblade:bladestand_2w":1,"slashblade:slashblade":5,"minecraft:acacia_sapling":5,"minecraft:book":9,"slashblade:proudsoul_tiny":1,"rpgsmw:copper_knife":1,"minecraft:gravel":3,"minecraft:spruce_sapling":14,"minecraft:white_bed":1,"minecraft:spruce_log":21,"minecraft:spider_eye":3,"alexsmobs:kangaroo_hide":2,"alexsmobs:raw_catfish":1,"biomesoplenty:maple_sapling":8,"minecraft:diamond":1,"minecraft:emerald":2,"alexsmobs:maggot":4,"alexsmobs:banana_slug_slime":4,"biomesoplenty:pink_daffodil":6,"minecraft:oak_sapling":2,"minecraft:diamond_pickaxe":1,"biomesoplenty:stripped_jacaranda_log":8,"minecraft:coal":89,"minecraft:ender_pearl":1},"minecraft:custom":{"minecraft:interact_with_smithing_table":2,"minecraft:mob_kills":73,"minecraft:interact_with_anvil":10,"minecraft:interact_with_crafting_table":41,"minecraft:interact_with_campfire":3,"minecraft:sword_summoned":85,"minecraft:leave_game":6,"minecraft:time_since_death":114450,"minecraft:sprint_one_cm":594239,"minecraft:walk_one_cm":632213,"minecraft:drop":38,"minecraft:talked_to_villager":70,"minecraft:play_time":268628,"minecraft:deaths":4,"minecraft:sneak_time":7111,"minecraft:walk_under_water_one_cm":5768,"minecraft:jump":2168,"minecraft:interact_with_blast_furnace":6,"minecraft:walk_on_water_one_cm":15593,"minecraft:total_world_time":268628,"minecraft:interact_with_furnace":32,"minecraft:traded_with_villager":147,"minecraft:sleep_in_bed":13,"minecraft:time_since_rest":8539,"minecraft:damage_taken":2536,"minecraft:damage_dealt":10510,"minecraft:swim_one_cm":10495,"minecraft:fly_one_cm":872894,"minecraft:open_chest":99,"minecraft:crouch_one_cm":12027,"minecraft:interact_with_smoker":6,"minecraft:fall_one_cm":49248},"minecraft:used":{"minecraft:enchanting_table":1,"mcwroofs:spruce_planks_top_roof":31,"minecraft:spruce_slab":5,"mcwroofs:spruce_planks_steep_roof":1,"rpgsmw:iron_scythe":47,"slashblade:bladestand_s":1,"minecraft:chest":11,"minecraft:spruce_planks":362,"slashblade:bladestand_v":2,"minecraft:stone":1,"vanillaplustools:stone_hammer":356,"slashblade:bladestand_2":7,"slashblade:bladestand_1":1,"minecraft:cooked_chicken":3,"minecraft:rotten_flesh":4,"minecraft:torch":3,"minecraft:dirt":538,"minecraft:anvil":3,"slashblade:bladestand_2w":7,"mcwfurnituresbop:jacaranda_coffee_table":10,"minecraft:spruce_stairs":36,"mcwroofs:spruce_planks_upper_lower_roof":1,"mcwfurnituresbop:jacaranda_striped_chair":5,"biomesoplenty:maple_sapling":8,"minecraft:wooden_axe":70,"minecraft:lava_bucket":1,"minecraft:bookshelf":3,"minecraft:lantern":15,"minecraft:grass_block":86,"minecraft:iron_axe":124,"slashblade:slashblade":387,"biomesoplenty:jacaranda_log":8,"minecraft:stone_bricks":173,"minecraft:bamboo":3,"biomesoplenty:jacaranda_sapling":23,"minecraft:furnace":6,"minecraft:water_bucket":1,"biomesoplenty:jacaranda_door":2,"minecraft:diorite":3,"mcwfurnituresbop:jacaranda_stool_chair":1,"minecraft:stone_pickaxe":27,"minecraft:wooden_pickaxe":5,"minecraft:fletching_table":9,"mcwroofs:spruce_planks_roof":386,"rpgsmw:copper_scythe":7,"minecraft:crafting_table":6,"minecraft:blast_furnace":7,"vanillaplustools:stone_shovel":429,"minecraft:white_bed":1,"minecraft:campfire":1,"minecraft:smoker":2,"biomesoplenty:jacaranda_planks":185,"mcwroofs:spruce_planks_attic_roof":1,"minecraft:lightning_rod":2,"minecraft:oak_log":54,"minecraft:bread":39,"minecraft:iron_pickaxe":47,"minecraft:lectern":19,"minecraft:spruce_trapdoor":29,"slashblade:bladestand_1w":3,"minecraft:spruce_sapling":11,"minecraft:stone_axe":146,"mcwroofs:spruce_planks_lower_roof":2,"minecraft:cobblestone":60,"minecraft:grindstone":2,"minecraft:smithing_table":1,"minecraft:bucket":1,"minecraft:chain":2,"minecraft:glass_pane":48,"minecraft:yellow_bed":2},"minecraft:killed_by":{"minecraft:enderman":1,"alexsmobs:grizzly_bear":3},"minecraft:dropped":{"minecraft:bread":10,"minecraft:wheat_seeds":2,"alexsmobs:banana_slug_slime":4,"minecraft:oak_log":12,"minecraft:lead":2,"minecraft:feather":3,"minecraft:cobblestone":65,"minecraft:leather":2,"travelersbackpack:standard":1,"minecraft:stick":3,"minecraft:rose_bush":14,"rpgsmw:class_choose_orb":1,"minecraft:string":6,"rpgsmw:copper_knife":2,"rpgsmw:class_remove_orb":1,"travelersbackpack:gold_tier_upgrade":1,"slashblade:slashblade":5,"minecraft:arrow":1,"rpgsmw:copper_sickle":1},"minecraft:mined":{"minecraft:white_bed":1,"mcwfurnituresbop:jacaranda_stool_chair":1,"gravestone:gravestone":3,"minecraft:grass_block":1263,"mcwfurnituresbop:jacaranda_coffee_table":1,"minecraft:spruce_leaves":1,"biomesoplenty:jacaranda_log":66,"minecraft:spruce_sapling":3,"minecraft:furnace":1,"minecraft:iron_ore":3,"minecraft:fletching_table":5,"minecraft:bookshelf":3,"minecraft:lantern":1,"minecraft:stone":2218,"minecraft:spruce_slab":1,"biomesoplenty:jacaranda_planks":1,"minecraft:crafting_table":2,"minecraft:torch":2,"mcwfurnituresbop:jacaranda_striped_chair":3,"minecraft:emerald_ore":2,"minecraft:lectern":15,"minecraft:rose_bush":14,"minecraft:chest":1,"minecraft:lightning_rod":1,"biomesoplenty:stripped_jacaranda_log":8,"minecraft:campfire":1,"biomesoplenty:high_grass_plant":6,"minecraft:tall_grass":1,"minecraft:copper_ore":13,"minecraft:cobblestone":6,"biomesoplenty:sprout":2,"minecraft:diorite":10,"minecraft:spruce_stairs":3,"minecraft:birch_log":98,"biomesoplenty:pink_daffodil":6,"biomesoplenty:maple_sapling":1,"minecraft:spruce_log":21,"minecraft:birch_leaves":1,"minecraft:grass":21,"minecraft:oak_log":48,"minecraft:coal_ore":89,"minecraft:gravel":4,"minecraft:dirt":1286,"minecraft:stone_bricks":10,"minecraft:deepslate":25,"minecraft:fern":1},"minecraft:killed":{"alexsmobs:raccoon":1,"minecraft:spider":16,"minecraft:skeleton":4,"alexsmobs:banana_slug":2,"minecraft:chicken":3,"minecraft:llama":1,"minecraft:drowned":2,"alexsmobs:kangaroo":1,"minecraft:pig":3,"minecraft:wandering_trader":1,"minecraft:creeper":2,"minecraft:sheep":1,"alexsmobs:catfish":1,"minecraft:trader_llama":2,"minecraft:zombie":23,"alexsmobs:fly":3,"minecraft:cow":1,"minecraft:enderman":5},"minecraft:broken":{"slashblade:slashblade":3,"vanillaplustools:stone_hammer":2,"minecraft:stone_axe":1,"vanillaplustools:stone_shovel":2,"minecraft:wooden_axe":1}},"DataVersion":3465}