{"stats":{"minecraft:used":{"minecraft:wooden_axe":61,"beachparty:coconut":5,"beachparty:coconut_open":2,"minecraft:bread":2,"minecraft:stone_pickaxe":51,"minecraft:wooden_pickaxe":37,"minecraft:stone":1,"minecraft:stone_axe":1,"minecraft:torch":2,"minecraft:crafting_table":3,"epicfight:stone_spear":26},"minecraft:mined":{"minecraft:iron_ore":11,"minecraft:crafting_table":3,"minecraft:torch":2,"minecraft:grass":1,"bloomingnature:fan_palm_log":4,"beachparty:palm_log":13,"minecraft:coal_ore":32,"minecraft:oak_log":26,"minecraft:chest":1,"candlelight:wild_tomatoes":2,"minecraft:sand":18,"minecraft:tall_grass":1,"bloomingnature:bluebell":1,"minecraft:stone":31,"minecraft:sugar_cane":1,"minecraft:oak_leaves":2,"minecraft:sandstone":14,"vinery:apple_log":7},"minecraft:crafted":{"epicfight:stone_spear":1,"minecraft:crafting_table":1,"minecraft:stick":4,"minecraft:wooden_pickaxe":1,"minecraft:stone_pickaxe":1,"minecraft:wooden_axe":1,"minecraft:stone_sword":1,"minecraft:torch":8,"minecraft:stone_axe":1,"beachparty:palm_planks":12},"minecraft:dropped":{"minecraft:stone":1,"minecraft:wooden_axe":1,"minecraft:wooden_pickaxe":1},"minecraft:custom":{"minecraft:time_since_rest":17517,"minecraft:sprint_one_cm":32307,"minecraft:damage_taken":225,"minecraft:walk_one_cm":69162,"minecraft:mob_kills":6,"minecraft:drop":3,"minecraft:damage_dealt":1155,"minecraft:swim_one_cm":1402,"minecraft:interact_with_crafting_table":4,"minecraft:fly_one_cm":39657,"minecraft:open_chest":1,"minecraft:crouch_one_cm":316,"minecraft:play_time":17517,"minecraft:sneak_time":64,"minecraft:walk_under_water_one_cm":542,"minecraft:jump":152,"minecraft:time_since_death":17517,"minecraft:walk_on_water_one_cm":4859,"minecraft:total_world_time":17517,"minecraft:fall_one_cm":5537},"minecraft:killed":{"minecraft:zombie":5,"alexsmobs:raccoon":1},"minecraft:picked_up":{"minecraft:raw_iron":11,"minecraft:stick":22,"minecraft:crafting_table":3,"minecraft:sandstone":13,"minecraft:torch":2,"beachparty:palm_sapling":1,"beachparty:palm_log":13,"minecraft:sand":18,"minecraft:oak_log":26,"bloomingnature:fan_palm_log":3,"beachparty:coconut":5,"bloomingnature:bluebell":1,"minecraft:rotten_flesh":5,"beachparty:coconut_open":2,"knightquest:small_essence":3,"candlelight:tomato":2,"alexsmobs:raccoon_tail":1,"minecraft:oak_sapling":18,"minecraft:sugar_cane":3,"minecraft:chest":1,"minecraft:coal":33,"vinery:apple_log":7,"minecraft:cobblestone":29}},"DataVersion":3465}