{"stats":{"minecraft:mined":{"minecraft:white_bed":1,"minecraft:granite":19,"gravestone:gravestone":3,"mcwfurnituresbop:jacaranda_stool_chair":1,"minecraft:grass_block":1264,"mcwfurnituresbop:jacaranda_coffee_table":1,"minecraft:spruce_leaves":1,"biomesoplenty:jacaranda_log":66,"minecraft:spruce_sapling":3,"minecraft:furnace":1,"minecraft:iron_ore":3,"minecraft:fletching_table":5,"minecraft:bookshelf":3,"minecraft:lantern":1,"minecraft:stone":2421,"minecraft:spruce_slab":1,"minecraft:smithing_table":1,"biomesoplenty:jacaranda_planks":1,"minecraft:crafting_table":2,"minecraft:torch":2,"mcwfurnituresbop:jacaranda_striped_chair":3,"minecraft:emerald_ore":2,"minecraft:chest":1,"minecraft:rose_bush":14,"minecraft:campfire":1,"biomesoplenty:stripped_jacaranda_log":8,"minecraft:lectern":47,"biomesoplenty:high_grass_plant":6,"minecraft:lightning_rod":1,"minecraft:copper_ore":13,"minecraft:tall_grass":1,"minecraft:cobblestone":7,"biomesoplenty:sprout":2,"minecraft:diorite":10,"minecraft:spruce_stairs":3,"minecraft:birch_log":98,"biomesoplenty:pink_daffodil":6,"biomesoplenty:maple_sapling":1,"minecraft:spruce_log":21,"minecraft:birch_leaves":1,"minecraft:grass":22,"minecraft:coal_ore":115,"minecraft:oak_log":48,"minecraft:gravel":5,"minecraft:dirt":1289,"minecraft:stone_bricks":10,"minecraft:deepslate":39,"minecraft:fern":1},"minecraft:picked_up":{"minecraft:iron_chestplate":1,"minecraft:charcoal":5,"minecraft:crafting_table":2,"minecraft:chicken":4,"minecraft:lead":3,"biomesoplenty:jacaranda_sapling":23,"travelersbackpack:emerald":1,"mcwfurnituresbop:jacaranda_striped_chair":3,"minecraft:string":19,"minecraft:raw_copper":46,"minecraft:cobbled_deepslate":39,"minecraft:spruce_planks":24,"minecraft:beef":3,"minecraft:rose_bush":14,"cosmeticarmoursmod:white_skirt_chestplate":1,"minecraft:spruce_slab":1,"minecraft:lectern":47,"minecraft:chest":1,"minecraft:birch_sapling":41,"minecraft:furnace":1,"minecraft:stick":47,"minecraft:raw_iron":3,"mcwfurnituresbop:jacaranda_stool_chair":1,"minecraft:stone":128,"mcwfurnituresbop:jacaranda_coffee_table":1,"minecraft:torch":2,"minecraft:spruce_stairs":3,"minecraft:porkchop":6,"minecraft:lightning_rod":1,"minecraft:diorite":10,"slashblade:proudsoul":3,"minecraft:arrow":8,"minecraft:rotten_flesh":78,"biomesoplenty:jacaranda_log":66,"minecraft:gold_ingot":1,"minecraft:obsidian":15,"minecraft:mutton":1,"alexsmobs:kangaroo_meat":1,"minecraft:white_wool":3,"minecraft:cobblestone":2419,"minecraft:birch_log":87,"minecraft:feather":3,"minecraft:leather":13,"minecraft:oak_log":60,"biomesoplenty:jacaranda_planks":1,"minecraft:gunpowder":26,"travelersbackpack:gold_tier_upgrade":1,"minecraft:dirt":2552,"minecraft:lantern":3,"cosmeticarmoursmod:crown_helmet":1,"minecraft:bone":7,"minecraft:stone_bricks":10,"minecraft:wheat_seeds":10,"minecraft:iron_ingot":2,"minecraft:fletching_table":5,"slashblade:bladestand_2w":1,"slashblade:slashblade":5,"minecraft:acacia_sapling":5,"minecraft:book":9,"slashblade:proudsoul_tiny":1,"rpgsmw:copper_knife":1,"minecraft:gravel":4,"minecraft:spruce_sapling":14,"minecraft:ink_sac":1,"minecraft:white_bed":1,"minecraft:spruce_log":21,"minecraft:spider_eye":4,"alexsmobs:raw_catfish":1,"alexsmobs:kangaroo_hide":2,"biomesoplenty:maple_sapling":8,"minecraft:diamond":1,"minecraft:granite":19,"minecraft:diamond_axe":1,"cosmeticarmoursmod:white_skirt_boots":2,"minecraft:emerald":42,"alexsmobs:banana_slug_slime":4,"alexsmobs:maggot":6,"biomesoplenty:pink_daffodil":6,"minecraft:oak_sapling":2,"biomesoplenty:stripped_jacaranda_log":8,"minecraft:coal":211,"minecraft:ender_pearl":1,"minecraft:diamond_pickaxe":1},"minecraft:broken":{"slashblade:slashblade":3,"vanillaplustools:stone_hammer":2,"minecraft:stone_axe":1,"vanillaplustools:stone_shovel":2,"minecraft:wooden_axe":1},"minecraft:killed":{"alexsmobs:lobster":3,"alexsmobs:raccoon":2,"minecraft:spider":20,"minecraft:skeleton":8,"alexsmobs:banana_slug":2,"minecraft:chicken":3,"minecraft:llama":3,"minecraft:drowned":2,"alexsmobs:kangaroo":2,"minecraft:pig":3,"minecraft:zombie_villager":1,"minecraft:wandering_trader":1,"minecraft:creeper":12,"minecraft:squid":1,"minecraft:sheep":1,"alexsmobs:catfish":1,"minecraft:trader_llama":2,"minecraft:zombie":50,"alexsmobs:fly":5,"minecraft:cow":1,"minecraft:enderman":5},"minecraft:dropped":{"minecraft:bread":10,"minecraft:wheat_seeds":2,"alexsmobs:banana_slug_slime":4,"minecraft:oak_log":12,"minecraft:feather":3,"minecraft:cobblestone":65,"minecraft:lead":2,"minecraft:leather":2,"travelersbackpack:standard":1,"minecraft:stick":3,"minecraft:rose_bush":14,"rpgsmw:class_choose_orb":1,"minecraft:string":6,"cosmeticarmoursmod:white_skirt_chestplate":1,"rpgsmw:copper_knife":2,"cosmeticarmoursmod:white_skirt_leggings":1,"cosmeticarmoursmod:crown_helmet":2,"rpgsmw:class_remove_orb":1,"travelersbackpack:gold_tier_upgrade":1,"cosmeticarmoursmod:black_skirt_chestplate":1,"cosmeticarmoursmod:white_skirt_boots":3,"minecraft:iron_chestplate":1,"minecraft:diamond_pickaxe":1,"slashblade:slashblade":5,"minecraft:arrow":1,"rpgsmw:copper_sickle":1},"minecraft:crafted":{"minecraft:black_dye":1,"minecraft:wooden_sword":1,"rpgsmw:copper_scythe":1,"minecraft:oak_planks":16,"minecraft:chainmail_helmet":12,"minecraft:raw_iron":216,"minecraft:stone_shovel":21,"vanillaplustools:stone_hammer":2,"minecraft:iron_nugget":9,"minecraft:cooked_chicken":3,"minecraft:furnace":1,"minecraft:stone":128,"minecraft:bookshelf":3,"cosmeticarmoursmod:black_skirt_chestplate":1,"cosmeticarmoursmod:white_skirt_boots":1,"travelersbackpack:white_sleeping_bag":1,"minecraft:diamond_helmet":1,"minecraft:diamond_leggings":1,"minecraft:stone_pickaxe":18,"minecraft:chest":7,"minecraft:diamond_boots":1,"minecraft:copper_block":2,"vanillaplustools:stone_shovel":1,"rpgsmw:copper_sickle":1,"minecraft:stone_bricks":128,"mcwfurnituresbop:jacaranda_coffee_table":6,"travelersbackpack:iron_tier_upgrade":2,"minecraft:emerald":401,"biomesoplenty:jacaranda_planks":124,"minecraft:diamond_axe":1,"minecraft:crafting_table":1,"minecraft:spruce_planks":12,"slashblade:slashblade":1,"minecraft:wooden_pickaxe":1,"travelersbackpack:standard":1,"minecraft:iron_sword":6,"minecraft:bell":32,"minecraft:chainmail_chestplate":12,"minecraft:copper_ingot":28,"rpgsmw:copper_knife":1,"rpgsmw:bullet":8,"mcwfurnituresbop:jacaranda_stool_chair":2,"minecraft:birch_planks":92,"minecraft:campfire":1,"minecraft:stone_axe":2,"minecraft:enchanted_book":7,"biomesoplenty:jacaranda_slab":6,"minecraft:air":0,"biomesoplenty:jacaranda_fence":30,"travelersbackpack:emerald":2,"minecraft:spruce_trapdoor":4,"cosmeticarmoursmod:white_skirt_chestplate":1,"minecraft:white_wool":9,"minecraft:charcoal":6,"minecraft:diamond_pickaxe":2,"minecraft:shield":2,"minecraft:stick":100,"minecraft:iron_ingot":35,"minecraft:iron_pickaxe":3,"minecraft:wooden_axe":1,"minecraft:iron_shovel":6,"mcwfurnituresbop:jacaranda_striped_chair":2,"minecraft:torch":8,"rpgsmw:class_choose_orb":1,"minecraft:diamond_chestplate":1,"slashblade:proudsoul_tiny":4},"minecraft:custom":{"minecraft:interact_with_smithing_table":6,"minecraft:interact_with_anvil":13,"minecraft:mob_kills":136,"minecraft:interact_with_crafting_table":45,"minecraft:interact_with_campfire":3,"minecraft:sword_summoned":241,"minecraft:leave_game":8,"minecraft:time_since_death":219724,"minecraft:damage_resisted":185,"minecraft:sprint_one_cm":844514,"minecraft:walk_one_cm":881001,"minecraft:drop":48,"minecraft:talked_to_villager":246,"minecraft:play_time":373902,"minecraft:sneak_time":9041,"minecraft:deaths":4,"minecraft:walk_under_water_one_cm":13529,"minecraft:jump":2649,"minecraft:interact_with_blast_furnace":6,"minecraft:walk_on_water_one_cm":18924,"minecraft:enchant_item":15,"minecraft:total_world_time":373902,"minecraft:interact_with_furnace":37,"minecraft:traded_with_villager":503,"minecraft:sleep_in_bed":20,"minecraft:time_since_rest":2196,"minecraft:damage_taken":2958,"minecraft:damage_dealt":19046,"minecraft:swim_one_cm":21412,"minecraft:fly_one_cm":1074739,"minecraft:open_chest":125,"minecraft:crouch_one_cm":16667,"minecraft:fall_one_cm":64426,"minecraft:interact_with_smoker":6},"minecraft:killed_by":{"minecraft:enderman":1,"alexsmobs:grizzly_bear":3},"minecraft:used":{"mcwfences:spruce_highley_gate":6,"minecraft:enchanting_table":2,"mcwroofs:spruce_planks_top_roof":31,"minecraft:spruce_slab":96,"minecraft:armor_stand":1,"mcwroofs:spruce_planks_steep_roof":1,"rpgsmw:iron_scythe":51,"minecraft:diamond_hoe":122,"slashblade:bladestand_s":1,"minecraft:chest":11,"minecraft:spruce_planks":362,"slashblade:bladestand_v":2,"minecraft:stone":1,"slashblade:bladestand_2":7,"vanillaplustools:stone_hammer":396,"slashblade:bladestand_1":1,"minecraft:cooked_chicken":3,"minecraft:rotten_flesh":4,"rpgsmw:diamond_sickle":22,"minecraft:torch":3,"minecraft:dirt":822,"minecraft:anvil":3,"slashblade:bladestand_2w":7,"mcwdoors:iron_portcullis":5,"minecraft:spruce_stairs":43,"mcwroofs:spruce_planks_upper_lower_roof":1,"mcwfurnituresbop:jacaranda_coffee_table":10,"cosmeticarmoursmod:white_skirt_chestplate":1,"travelersbackpack:emerald":1,"mcwfurnituresbop:jacaranda_striped_chair":5,"biomesoplenty:maple_sapling":8,"minecraft:wooden_axe":70,"minecraft:lava_bucket":1,"minecraft:villager_spawn_egg":15,"minecraft:bookshelf":21,"minecraft:lantern":15,"minecraft:iron_axe":154,"minecraft:grass_block":103,"slashblade:slashblade":563,"mcwfences:spruce_picket_fence":20,"biomesoplenty:jacaranda_log":8,"minecraft:stone_bricks":346,"minecraft:bamboo":3,"biomesoplenty:jacaranda_sapling":23,"minecraft:furnace":6,"minecraft:potato":60,"minecraft:wheat_seeds":45,"minecraft:water_bucket":30,"mcwfences:spruce_pyramid_gate":3,"biomesoplenty:jacaranda_door":2,"minecraft:diorite":3,"mcwfurnituresbop:jacaranda_stool_chair":1,"minecraft:stone_pickaxe":27,"minecraft:wooden_pickaxe":5,"minecraft:diamond_axe":2,"minecraft:fletching_table":9,"rpgsmw:diamond_gauntlet":6,"mcwroofs:spruce_planks_roof":387,"minecraft:blast_furnace":7,"rpgsmw:copper_scythe":7,"minecraft:crafting_table":6,"vanillaplustools:stone_shovel":429,"minecraft:white_bed":1,"minecraft:campfire":1,"biomesoplenty:jacaranda_planks":185,"minecraft:smoker":2,"mcwroofs:spruce_planks_attic_roof":1,"minecraft:lightning_rod":2,"minecraft:oak_log":54,"minecraft:diamond_pickaxe":17,"minecraft:bread":55,"minecraft:iron_pickaxe":47,"minecraft:lectern":68,"minecraft:spruce_trapdoor":57,"slashblade:bladestand_1w":3,"minecraft:spruce_sapling":11,"minecraft:stone_axe":146,"mcwroofs:spruce_planks_lower_roof":2,"minecraft:cobblestone":106,"minecraft:grindstone":2,"minecraft:smithing_table":3,"minecraft:bucket":1,"minecraft:chain":2,"minecraft:glass_pane":48,"mcwfences:railing_stone_brick_wall":10,"minecraft:yellow_bed":2,"mcwfences:stone_pillar_wall":2}},"DataVersion":3465}