{"stats":{"minecraft:custom":{"minecraft:mob_kills":45,"minecraft:interact_with_crafting_table":25,"minecraft:leave_game":7,"minecraft:time_since_death":41097,"minecraft:climb_one_cm":380,"minecraft:sprint_one_cm":1077108,"minecraft:walk_one_cm":1182237,"minecraft:drop":17,"minecraft:damage_dealt_absorbed":775,"minecraft:talked_to_villager":12,"minecraft:play_time":234823,"minecraft:deaths":4,"minecraft:sneak_time":8555,"minecraft:walk_under_water_one_cm":8873,"minecraft:jump":2405,"minecraft:walk_on_water_one_cm":35116,"minecraft:total_world_time":234823,"minecraft:interact_with_furnace":4,"minecraft:sleep_in_bed":15,"minecraft:time_since_rest":41125,"minecraft:damage_taken":2542,"minecraft:damage_dealt":10404,"minecraft:swim_one_cm":52382,"minecraft:fly_one_cm":1767017,"minecraft:player_kills":1,"minecraft:open_chest":71,"minecraft:crouch_one_cm":78775,"minecraft:fall_one_cm":48429},"minecraft:used":{"bloomingnature:genisteae":1,"mcwwindows:spruce_pane_window":2,"fantasyfurniture:decorations/venthyr_tea_set":2,"minecraft:iron_shovel":1652,"mcwwindows:spruce_plank_pane_window":127,"fantasyfurniture:decorations/bowl_empty":1,"minecraft:spruce_planks":188,"farmersdelight:stove":3,"fantasyfurniture:decorations/tankards_empty":2,"minecraft:chest":10,"butchersdelight:hook":21,"days_in_the_middle_ages:gallow_bottom":3,"minecraft:iron_sword":1,"minecraft:stone_hoe":113,"minecraft:iron_chestplate":1,"minecraft:torch":10,"fantasyfurniture:nordic/painting_wide":1,"minecraft:dirt":60,"days_in_the_middle_ages:fishhookempty":6,"minecraft:spruce_stairs":178,"mcwlights:iron_low_candle_holder":3,"wom:stone_staff":43,"wom:iron_greataxe":12,"fantasyfurniture:bone/skeleton/carpet":8,"days_in_the_middle_ages:roof":25,"minecraft:wooden_axe":46,"wom:ender_blaster":4,"minecraft:iron_axe":376,"minecraft:lantern":70,"biomesoplenty:fir_sapling":21,"minecraft:grass_block":6,"fantasyfurniture:venthyr/wardrobe_bottom":1,"days_in_the_middle_ages:barrel":2,"mcwpaths:andesite_honeycomb_paving":18,"minecraft:iron_helmet":1,"minecraft:iron_boots":1,"wom:iron_staff":194,"mcwwindows:spruce_four_window":3,"epicfight:stone_greatsword":5,"minecraft:item_frame":3,"days_in_the_middle_ages:fishhooksalmon":1,"farmersdelight:cutting_board":2,"fantasyfurniture:decorations/bolts_of_cloth":1,"fantasyfurniture:venthyr/painting_wide":1,"wom:antitheus":12,"fantasyfurniture:venthyr/drawer":2,"minecraft:furnace":3,"fantasyfurniture:decorations/cookie_jar":1,"farmersdelight:cooking_pot":2,"days_in_the_middle_ages:roof_split":8,"some_assembly_required:sandwiching_station":1,"minecraft:iron_leggings":1,"biomesoplenty:fir_fence":6,"days_in_the_middle_ages:gallow_standalone":3,"minecraft:wheat_seeds":2,"minecraft:water_bucket":18,"epicfight:skillbook":13,"fantasyfurniture:nordic/stool":2,"epicfight:iron_spear":22,"minecraft:spruce_door":2,"farmersdelight:skillet":3,"minecraft:stone_pickaxe":131,"days_in_the_middle_ages:shaft":4,"fantasyfurniture:decorations/venthyr_platter":29,"wom:golden_chrono":1,"minecraft:wooden_pickaxe":40,"fantasyfurniture:nordic/desk_left":1,"biomesoplenty:fir_planks":1052,"days_in_the_middle_ages:welltaking":2,"fantasyfurniture:nordic/bed_double":1,"minecraft:sand":5,"fantasyfurniture:venthyr/dresser":1,"minecraft:crafting_table":5,"minecraft:blast_furnace":1,"minecraft:white_bed":3,"some_assembly_required:sandwich":1,"cfm:stripped_spruce_kitchen_drawer":2,"minecraft:spruce_log":324,"epicfight:stone_spear":47,"minecraft:smoker":1,"epicfight:iron_tachi":5,"fantasyfurniture:decorations/venthyr_food_0":1,"fantasyfurniture:nordic/oven":3,"fantasyfurniture:nordic/table_large":3,"cfm:stripped_spruce_kitchen_sink_dark":1,"minecraft:apple":3,"days_in_the_middle_ages:campfire":3,"minecraft:iron_pickaxe":87,"fantasyfurniture:decorations/berry_basket_strawberry":2,"minecraft:bread":40,"fantasyfurniture:decorations/muffins_chocolate":3,"fantasyfurniture:nordic/chair":8,"days_in_the_middle_ages:boat":4,"cfm:fridge_dark":2,"biomesoplenty:fir_stairs":603,"days_in_the_middle_ages:fishhook":1,"cfm:stripped_spruce_kitchen_counter":7,"minecraft:spruce_sapling":4,"biomesoplenty:stripped_fir_log":2,"minecraft:stone_axe":243,"fantasyfurniture:furniture_station":2,"fantasyfurniture:venthyr/oven":1,"fantasyfurniture:bone/wither/bed_double":1,"minecraft:bucket":16,"days_in_the_middle_ages:gallow_middle":6,"alexsmobs:animal_dictionary":1},"minecraft:killed_by":{"minecraft:iron_golem":1,"alexsmobs:cachalot_whale":1,"alexsmobs:grizzly_bear":1},"minecraft:broken":{"minecraft:iron_shovel":6,"minecraft:stone_pickaxe":1,"minecraft:iron_axe":1},"minecraft:killed":{"minecraft:witch":1,"alexsmobs:raccoon":4,"minecraft:spider":2,"alexsmobs:seagull":1,"minecraft:skeleton":6,"alexsmobs:orca":1,"alexsmobs:grizzly_bear":1,"knightquest:eldbomb":1,"minecraft:iron_golem":1,"minecraft:wandering_trader":2,"minecraft:creeper":7,"minecraft:sheep":2,"minecraft:zombie":7,"knightquest:lizzy":1,"meadow:wooly_cow":1,"alexsmobs:fly":4,"minecraft:villager":2},"minecraft:crafted":{"biomesoplenty:fir_stairs":52,"minecraft:oak_planks":8,"minecraft:iron_nugget":36,"wom:stone_staff":1,"minecraft:furnace":1,"minecraft:stone_pickaxe":1,"minecraft:chest":4,"minecraft:wheat":117,"epicfight:stone_spear":1,"butchersdelight:hook":2,"minecraft:crafting_table":2,"minecraft:spruce_planks":432,"minecraft:wooden_pickaxe":1,"minecraft:spruce_door":3,"minecraft:bucket":1,"epicfight:stone_greatsword":1,"butchersdelight:cleaver":1,"minecraft:stone_axe":1,"minecraft:bread":44,"minecraft:air":0,"biomesoplenty:fir_planks":556,"biomesoplenty:fir_fence":6,"aquaculture:iron_hook":2,"minecraft:stick":8,"minecraft:iron_ingot":16,"minecraft:wooden_axe":1,"minecraft:stone_sword":1,"biomesoplenty:fir_door":3},"minecraft:dropped":{"bloomingnature:foxglove_white":2,"minecraft:wheat_seeds":3,"minecraft:apple":1,"epicfight:stone_spear":1,"minecraft:coal":4,"minecraft:wooden_axe":1,"gravestone:obituary":4,"epicfight:iron_tachi":1,"minecraft:white_wool":1,"minecraft:bone":3,"alexsmobs:maggot":1},"minecraft:mined":{"minecraft:spruce_planks":11,"minecraft:white_bed":3,"minecraft:dark_oak_log":5,"gravestone:gravestone":3,"minecraft:grass_block":198,"bloomingnature:genisteae":2,"farmersdelight:wild_cabbages":1,"minecraft:spruce_leaves":9,"minecraft:oxeye_daisy":3,"minecraft:large_fern":1,"minecraft:hay_block":13,"minecraft:furnace":1,"minecraft:carrots":11,"candlelight:wild_lettuce":3,"minecraft:iron_ore":5,"minecraft:andesite":6,"minecraft:stripped_spruce_log":3,"minecraft:potatoes":6,"biomesoplenty:fir_stairs":7,"bloomingnature:bluebell":1,"minecraft:stone":226,"brewery:wild_hops":1,"minecraft:lily_of_the_valley":2,"bloomingnature:aspen_log":14,"minecraft:crafting_table":2,"minecraft:cornflower":5,"biomesoplenty:fir_planks":14,"minecraft:poppy":1,"candlelight:wild_tomatoes":5,"bloomingnature:foxglove_white":5,"bloomingnature:flower_pot_big":1,"minecraft:tall_grass":104,"minecraft:cobblestone":1,"minecraft:sugar_cane":10,"minecraft:wall_torch":4,"farmersdelight:skillet":1,"farmersdelight:sandy_shrub":1,"some_assembly_required:sandwich":2,"minecraft:birch_leaves":1,"biomesoplenty:umbran_log":23,"biomesoplenty:fir_fence":6,"minecraft:wheat":16,"minecraft:spruce_log":171,"biomesoplenty:fir_log":267,"minecraft:grass":382,"biomesoplenty:dead_log":45,"minecraft:oak_log":50,"minecraft:coal_ore":18,"minecraft:beetroots":2,"biomesoplenty:fir_leaves":4,"minecraft:sand":405,"minecraft:dirt":1099,"biomesoplenty:fir_sapling":1,"minecraft:fern":4},"minecraft:picked_up":{"minecraft:crafting_table":2,"minecraft:wheat":15,"minecraft:chicken":2,"days_in_the_middle_ages:shaft":4,"minecraft:lead":4,"biomesoplenty:orange_autumn_sapling":3,"minecraft:potion":1,"minecraft:cornflower":8,"bloomingnature:beach_grass":3,"candlelight:lettuce_seeds":1,"minecraft:item_frame":1,"butchersdelight:cleaver":1,"beachparty:seashell":3,"butchersdelight:dead_cow":3,"minecraft:beetroot":2,"biomesoplenty:dead_sapling":1,"farmersdelight:cabbage":2,"biomesoplenty:fir_planks":14,"minecraft:spruce_planks":11,"minecraft:beef":23,"candlelight:tomato_seeds":1,"minecraft:poppy":2,"alexsmobs:raccoon_tail":1,"minecraft:light_gray_wool":1,"minecraft:sugar_cane":18,"some_assembly_required:tomato_slices":5,"bloomingnature:aspen_log":14,"farmersdelight:cabbage_seeds":10,"minecraft:furnace":1,"minecraft:stick":69,"minecraft:raw_iron":5,"some_assembly_required:bread_slice":12,"minecraft:torch":4,"epicfight:skillbook":2,"minecraft:porkchop":28,"minecraft:carrot":43,"butchersdelight:deadsheep":1,"minecraft:arrow":4,"minecraft:rotten_flesh":8,"biomesoplenty:umbran_sapling":18,"minecraft:beetroot_seeds":5,"minecraft:hay_block":13,"minecraft:mutton":32,"minecraft:cod":2,"minecraft:cobblestone":227,"minecraft:white_wool":2,"minecraft:oxeye_daisy":13,"candlelight:lettuce":2,"minecraft:feather":5,"bloomingnature:aspen_sapling":2,"minecraft:andesite":4,"minecraft:salmon":2,"minecraft:leather":4,"biomesoplenty:dead_log":39,"minecraft:potato":25,"biomesoplenty:fir_sapling":86,"biomesoplenty:fir_log":267,"butchersdelight:deadpig":4,"bloomingnature:genisteae":5,"minecraft:oak_log":50,"minecraft:gunpowder":7,"biomesoplenty:fir_stairs":7,"farmersdelight:skillet":1,"butchersdelight:goat_fur":4,"minecraft:dirt":1305,"brewery:hops_seeds":2,"butchersdelight:deadchiken":2,"minecraft:cooked_mutton":2,"bloomingnature:flower_pot_big":1,"minecraft:bone":23,"bloomingnature:bluebell":4,"bloomingnature:foxglove_white":7,"minecraft:apple":4,"minecraft:wheat_seeds":126,"candlelight:tomato":4,"biomesoplenty:umbran_log":23,"meadow:umbra_wool":1,"vinery:taiga_grape_seeds_red":1,"farmersdelight:cabbage_leaf":3,"butchersdelight:skullcow":5,"butchersdelight:cow_hide":5,"minecraft:sand":405,"minecraft:stripped_spruce_log":3,"biomesoplenty:fir_fence":6,"minecraft:spruce_sapling":26,"minecraft:dark_oak_log":5,"minecraft:white_bed":3,"minecraft:spruce_log":154,"minecraft:lily_of_the_valley":3,"farmersdelight:ham":8,"biomesoplenty:maple_sapling":4,"butchersdelight:sheephide":4,"minecraft:sugar":2,"some_assembly_required:sandwich":2,"knightquest:small_essence":14,"butchersdelight:deadllama":4,"alexsmobs:maggot":1,"minecraft:oak_sapling":15,"butchersdelight:hook":2,"minecraft:coal":30}},"DataVersion":3465}