{"stats":{"minecraft:crafted":{"sophisticatedbackpacks:netherite_backpack":1},"minecraft:used":{"minecraft:pink_bed":1,"minecraft:spruce_door":1,"minecraft:lime_bed":1,"minecraft:birch_planks":8,"minecraft:crafting_table":1,"minecraft:red_bed":3,"biomeswevegone:orchard_sapling":1,"minecraft:yellow_bed":1,"minecraft:oak_planks":10,"minecraft:netherite_axe":31,"minecraft:white_bed":8,"minecraft:light_blue_bed":1,"minecraft:spruce_trapdoor":8,"minecraft:blue_bed":2,"minecraft:light_gray_bed":1,"minecraft:bone_meal":4},"minecraft:mined":{"minecraft:oak_log":30},"minecraft:custom":{"minecraft:time_since_rest":4203,"minecraft:crouch_one_cm":581,"minecraft:sprint_one_cm":3442,"minecraft:play_time":15721,"minecraft:walk_one_cm":19651,"minecraft:sneak_time":216,"minecraft:jump":20,"minecraft:damage_dealt":10,"minecraft:leave_game":2,"minecraft:time_since_death":15721,"minecraft:sleep_in_bed":1,"minecraft:total_world_time":15721,"minecraft:interact_with_crafting_table":1,"minecraft:fly_one_cm":54177},"minecraft:picked_up":{"minecraft:stick":2,"minecraft:oak_log":30,"biomeswevegone:orchard_sapling":6,"minecraft:spruce_door":1}},"DataVersion":3465}