{"stats":{"minecraft:used":{"wom:satsujin":17,"beachparty:coconut":5,"minecraft:stone_pickaxe":126,"minecraft:wooden_pickaxe":37,"minecraft:stone":1,"minecraft:torch":9,"minecraft:crafting_table":3,"epicfight:stone_spear":85,"minecraft:wooden_axe":61,"beachparty:coconut_open":2,"minecraft:bread":7,"minecraft:iron_pickaxe":11,"minecraft:stone_axe":1,"wom:antitheus":18,"minecraft:cobblestone":9},"minecraft:mined":{"minecraft:deepslate_diamond_ore":7,"minecraft:crafting_table":3,"minecraft:torch":2,"minecraft:granite":1,"minecraft:chest":1,"candlelight:wild_tomatoes":2,"minecraft:tall_grass":1,"minecraft:cobblestone":9,"minecraft:sugar_cane":1,"minecraft:sandstone":14,"minecraft:wall_torch":2,"vinery:apple_log":7,"minecraft:iron_ore":51,"beachparty:palm_log":13,"minecraft:grass":1,"bloomingnature:fan_palm_log":4,"minecraft:oak_log":26,"minecraft:coal_ore":40,"beachparty:coconut_block":1,"minecraft:sand":18,"minecraft:stone":42,"bloomingnature:bluebell":1,"minecraft:oak_leaves":2,"minecraft:deepslate":8},"minecraft:crafted":{"epicfight:stone_spear":1,"minecraft:crafting_table":1,"minecraft:wooden_pickaxe":1,"minecraft:stone_axe":1,"minecraft:stick":4,"minecraft:stone_pickaxe":1,"minecraft:wooden_axe":1,"minecraft:stone_sword":1,"minecraft:torch":8,"beachparty:palm_planks":12},"minecraft:dropped":{"minecraft:bread":6,"minecraft:stone":1,"minecraft:wooden_axe":1,"minecraft:sand":18,"minecraft:wooden_pickaxe":1},"minecraft:custom":{"minecraft:mob_kills":31,"minecraft:interact_with_crafting_table":4,"minecraft:leave_game":1,"minecraft:time_since_death":36749,"minecraft:time_since_rest":36749,"minecraft:sprint_one_cm":129782,"minecraft:damage_taken":1006,"minecraft:walk_one_cm":145819,"minecraft:drop":10,"minecraft:damage_dealt":5302,"minecraft:damage_dealt_absorbed":219,"minecraft:swim_one_cm":1402,"minecraft:fly_one_cm":221159,"minecraft:open_chest":1,"minecraft:crouch_one_cm":571,"minecraft:play_time":36749,"minecraft:sneak_time":578,"minecraft:walk_under_water_one_cm":770,"minecraft:jump":384,"minecraft:walk_on_water_one_cm":5976,"minecraft:total_world_time":36749,"minecraft:fall_one_cm":11139},"minecraft:killed":{"minecraft:cave_spider":7,"alexsmobs:raccoon":1,"minecraft:spider":2,"minecraft:creeper":4,"minecraft:skeleton":4,"alexsmobs:cockroach":1,"minecraft:zombie":10,"alexsmobs:centipede_head":1},"minecraft:picked_up":{"minecraft:crafting_table":3,"beachparty:palm_log":13,"minecraft:oak_log":26,"bloomingnature:fan_palm_log":3,"beachparty:coconut":5,"minecraft:gunpowder":1,"minecraft:string":8,"minecraft:bone":3,"bloomingnature:bluebell":1,"beachparty:coconut_open":2,"minecraft:cobbled_deepslate":7,"alexsmobs:cockroach_wing_fragment":1,"candlelight:tomato":2,"alexsmobs:raccoon_tail":1,"minecraft:chest":1,"minecraft:sugar_cane":3,"minecraft:oak_planks":5,"minecraft:stick":22,"minecraft:raw_iron":51,"minecraft:sandstone":13,"minecraft:torch":4,"beachparty:palm_sapling":1,"epicfight:skillbook":3,"minecraft:sand":18,"alexsmobs:centipede_leg":1,"minecraft:spider_eye":5,"minecraft:stone_sword":1,"minecraft:arrow":5,"minecraft:diamond":7,"minecraft:rotten_flesh":8,"minecraft:granite":1,"knightquest:small_essence":19,"minecraft:oak_sapling":18,"minecraft:coal":41,"vinery:apple_log":7,"minecraft:rail":2,"minecraft:cobblestone":51}},"DataVersion":3465}