{"stats":{"minecraft:custom":{"minecraft:mob_kills":12,"minecraft:interact_with_crafting_table":8,"minecraft:leave_game":1,"minecraft:time_since_death":4017,"minecraft:sleep_in_bed":1,"minecraft:climb_one_cm":380,"minecraft:time_since_rest":4043,"minecraft:sprint_one_cm":233125,"minecraft:damage_taken":850,"minecraft:walk_one_cm":208666,"minecraft:drop":6,"minecraft:damage_dealt":2184,"minecraft:swim_one_cm":21289,"minecraft:fly_one_cm":256856,"minecraft:open_chest":9,"minecraft:crouch_one_cm":295,"minecraft:play_time":40678,"minecraft:deaths":2,"minecraft:sneak_time":70,"minecraft:walk_under_water_one_cm":782,"minecraft:jump":656,"minecraft:walk_on_water_one_cm":13421,"minecraft:total_world_time":40678,"minecraft:fall_one_cm":14415},"minecraft:picked_up":{"minecraft:crafting_table":1,"minecraft:wheat":15,"minecraft:feather":1,"minecraft:potato":25,"biomesoplenty:fir_sapling":86,"biomesoplenty:fir_log":267,"butchersdelight:deadpig":2,"minecraft:oak_log":36,"minecraft:gunpowder":3,"minecraft:dirt":3,"brewery:hops_seeds":2,"butchersdelight:deadchiken":2,"minecraft:beetroot":2,"butchersdelight:dead_cow":3,"minecraft:apple":3,"minecraft:wheat_seeds":52,"candlelight:tomato_seeds":1,"candlelight:tomato":4,"minecraft:poppy":1,"minecraft:light_gray_wool":1,"minecraft:stick":55,"minecraft:raw_iron":5,"vinery:taiga_grape_seeds_red":1,"epicfight:skillbook":1,"minecraft:stripped_spruce_log":3,"minecraft:spruce_sapling":21,"minecraft:carrot":43,"minecraft:spruce_log":49,"minecraft:white_bed":2,"minecraft:arrow":1,"butchersdelight:deadsheep":1,"minecraft:beetroot_seeds":4,"minecraft:hay_block":13,"knightquest:small_essence":1,"alexsmobs:maggot":1,"minecraft:oak_sapling":15,"minecraft:coal":18,"minecraft:white_wool":2,"minecraft:cobblestone":43,"minecraft:oxeye_daisy":1},"minecraft:killed":{"alexsmobs:grizzly_bear":1,"alexsmobs:raccoon":1,"minecraft:spider":1,"alexsmobs:seagull":1,"minecraft:creeper":2,"minecraft:sheep":2,"minecraft:skeleton":1,"knightquest:lizzy":1,"alexsmobs:fly":2},"minecraft:mined":{"minecraft:white_bed":2,"brewery:wild_hops":1,"minecraft:crafting_table":1,"gravestone:gravestone":1,"minecraft:grass_block":3,"minecraft:poppy":1,"candlelight:wild_tomatoes":5,"minecraft:tall_grass":33,"minecraft:spruce_leaves":8,"minecraft:oxeye_daisy":1,"minecraft:hay_block":13,"minecraft:carrots":11,"minecraft:iron_ore":5,"minecraft:wheat":16,"minecraft:spruce_log":51,"minecraft:stripped_spruce_log":3,"biomesoplenty:fir_log":267,"minecraft:potatoes":6,"minecraft:grass":133,"minecraft:beetroots":2,"minecraft:coal_ore":18,"minecraft:oak_log":36,"biomesoplenty:fir_leaves":4,"biomesoplenty:fir_sapling":1,"minecraft:stone":43,"minecraft:fern":3},"minecraft:dropped":{"alexsmobs:maggot":1,"epicfight:stone_spear":1,"minecraft:wooden_axe":1,"gravestone:obituary":2,"minecraft:white_wool":1},"minecraft:killed_by":{"alexsmobs:grizzly_bear":1},"minecraft:used":{"epicfight:skillbook":1,"minecraft:stone_pickaxe":26,"minecraft:chest":2,"minecraft:wooden_pickaxe":40,"minecraft:stone_hoe":113,"minecraft:torch":2,"minecraft:dirt":59,"minecraft:crafting_table":3,"minecraft:white_bed":2,"wom:stone_staff":41,"epicfight:stone_spear":47,"epicfight:iron_tachi":5,"minecraft:wooden_axe":46,"minecraft:apple":3,"minecraft:iron_axe":148,"biomesoplenty:fir_sapling":13,"minecraft:grass_block":2,"minecraft:bread":3,"epicfight:stone_greatsword":5,"minecraft:stone_axe":199,"alexsmobs:animal_dictionary":1},"minecraft:crafted":{"epicfight:stone_spear":1,"minecraft:oak_planks":8,"minecraft:crafting_table":2,"wom:stone_staff":1,"minecraft:spruce_planks":32,"minecraft:wooden_pickaxe":1,"epicfight:stone_greatsword":1,"minecraft:stone_axe":1,"minecraft:stick":8,"minecraft:stone_pickaxe":1,"minecraft:wooden_axe":1,"minecraft:stone_sword":1,"minecraft:chest":2}},"DataVersion":3465}