{"stats":{"minecraft:broken":{"minecraft:iron_shovel":1,"minecraft:iron_axe":2},"minecraft:used":{"mcwfences:spruce_highley_gate":1,"farmersdelight:onion_crate":1,"mcwwindows:spruce_pane_window":2,"crittersandcompanions:dumbo_octopus_spawn_egg":6,"minecraft:iron_shovel":288,"minecraft:polished_deepslate":8,"mcwwindows:stripped_spruce_log_window2":63,"farmersdelight:cabbage_seeds":56,"farmersdelight:stove":2,"minecraft:chest":2,"minecraft:stone":30,"butchersdelight:hook":9,"avalight:gun_colouring_table":2,"minecraft:farmland":78,"minecraft:iron_chestplate":1,"minecraft:carrot":80,"mcwwindows:spruce_plank_window":1,"ironchest:iron_chest":6,"fantasyfurniture:venthyr/table_small_fancy":1,"fantasyfurniture:venthyr/table_large_fancy":1,"candlelight:tomato_seeds":76,"minecraft:obsidian":1,"minecraft:milk_bucket":2,"avalight:gun_modifying_table":2,"vanillaplustools:iron_shovel":31,"minecraft:glass":54,"bakery:oat_seeds":60,"mcwlights:chain_lantern":66,"beachparty:rubber_ring_axolotl":1,"mcwdoors:spruce_glass_door":13,"minecraft:lantern":1,"minecraft:grass_block":198,"minecraft:packed_mud":130,"fantasyfurniture:venthyr/wardrobe_bottom":2,"mcwwindows:stripped_spruce_log_four_window":202,"fantasyfurniture:venthyr/door_single":5,"minecraft:stone_brick_stairs":46,"minecraft:stone_bricks":7,"ironfurnaces:iron_furnace":6,"farmersdelight:cutting_board":4,"ribbits:ribbit_merchant_spawn_egg":2,"fantasyfurniture:venthyr/drawer":3,"bakery:stone_bricks_stove":2,"fantasyfurniture:venthyr/chandelier":14,"jeg:revolver":5,"candlelight:tomato":3,"minecraft:egg":1,"bakery:crafting_bowl":2,"herbalbrews:oolong_tea":1,"minecraft:potato":68,"minecraft:deepslate_brick_wall":354,"mcwfences:spruce_pyramid_gate":8,"crittersandcompanions:koi_fish_spawn_egg":21,"minecraft:diorite":1,"minecraft:stone_pickaxe":126,"minecraft:wooden_pickaxe":37,"fantasyfurniture:venthyr/door_double":4,"fantasyfurniture:necrolord/chandelier":1,"minecraft:sugar_cane":6,"brewery:corn_seeds":76,"biomesoplenty:rainbow_birch_sapling":4,"minecraft:sand":45,"ironchest:copper_chest":3,"minecraft:sponge":23,"some_assembly_required:sandwich":4,"farmersdelight:rice":59,"mcwpaths:deepslate_basket_weave_paving":202,"minecraft:deepslate_brick_stairs":3,"fantasyfurniture:venthyr/bookshelf":2,"spartanweaponry:diamond_longsword":13,"fantasyfurniture:nordic/oven":4,"bakery:wall_cabinet":14,"minecraft:bread":33,"ironchest:iron_to_gold_chest_upgrade":3,"fantasyfurniture:venthyr/table_wide_fancy":2,"brewery:hops_seeds":70,"cfm:stripped_spruce_park_bench":3,"fantasyfurniture:venthyr/table_small":3,"minecraft:dark_oak_fence":2,"fantasyfurniture:venthyr/chair":9,"minecraft:bone_meal":9,"hamsters:hamster_wheel":1,"fantasyfurniture:venthyr/wardrobe_top":2,"beachparty:coconut":5,"fantasyfurniture:decorations/venthyr_tea_set":1,"minecraft:enchanting_table":2,"candlelight:stone_bricks_kitchen_sink":2,"candlelight:stone_bricks_stove":3,"minecraft:spruce_planks":16,"herbalbrews:yerba_mate_leaf":26,"fantasyfurniture:decorations/tankards_empty":2,"tacz:gun_smith_table":6,"farmersdelight:rice_bag":1,"cfm:stripped_spruce_table":3,"avalight:gun_crafting_table":2,"brewery:barley_seeds":55,"minecraft:torch":19,"minecraft:dirt":581,"minecraft:anvil":1,"ribbits:ribbit_gardener_spawn_egg":2,"fantasyfurniture:decorations/bowl_beetroot_soup":1,"farmersdelight:carrot_crate":2,"minecraft:spruce_stairs":43,"ribbits:toadstool_stem":2,"minecraft:oak_wood":1,"mcwwindows:mud_brick_gothic":8,"mcwtrpdoors:spruce_glass_trapdoor":21,"candlelight:lettuce_seeds":80,"herbalbrews:tea_kettle":4,"fantasyfurniture:venthyr/wall_light":28,"minecraft:iron_hoe":472,"herbalbrews:rooibos_leaf":19,"minecraft:wooden_axe":62,"cfm:black_sofa":8,"hamsters:hamster_spawn_egg":1,"minecraft:bookshelf":35,"fantasyfurniture:decorations/nordic_mead_bottles":3,"beachparty:coconut_open":2,"minecraft:iron_axe":918,"minecraft:rooted_dirt":1,"fantasyfurniture:venthyr/floor_light":3,"mcwfences:spruce_picket_fence":3,"mcwdoors:spruce_japanese2_door":1,"candlelight:cherry_big_table":2,"bakery:strawberry_seeds":60,"farmersdelight:cooking_pot":1,"bakery:baker_station":3,"mcwfences:spruce_horse_fence":157,"minecraft:cobbled_deepslate":1,"some_assembly_required:sandwiching_station":2,"vinery:red_grape":3,"farmersdelight:potato_crate":1,"minecraft:calcite":1,"minecraft:wheat_seeds":48,"minecraft:water_bucket":84,"fantasyfurniture:venthyr/bed_double":2,"mcwdoors:birch_japanese2_door":1,"fantasyfurniture:venthyr/desk_left":1,"farmersdelight:skillet":2,"ribbits:ribbit_fisherman_spawn_egg":9,"farmersdelight:tomato_crate":1,"minecraft:birch_planks":24,"ribbits:ribbit_sorcerer_spawn_egg":3,"ribbits:ribbit_nitwit_spawn_egg":39,"fantasyfurniture:venthyr/carpet":7,"minecraft:deepslate_bricks":25,"squarry:powered_quarry":1,"farmersdelight:onion":41,"candlelight:stone_bricks_counter":2,"minecraft:stripped_dark_oak_log":5,"mcwlights:chain_wall_lantern":107,"minecraft:crafting_table":5,"bakery:small_cooking_pot":2,"plushies:axolotl_plushie":2,"minecraft:dark_oak_fence_gate":2,"fantasyfurniture:decorations/bone_wither_skull_blossoms":1,"minecraft:spruce_log":1446,"minecraft:oak_log":1,"minecraft:black_wool":2,"minecraft:apple":4,"candlelight:spruce_cabinet":4,"minecraft:diamond_shovel":507,"minecraft:iron_pickaxe":73,"cfm:fridge_dark":1,"candlelight:lettuce_crate":2,"minecraft:spruce_sapling":21,"herbalbrews:tea_blossom":81,"minecraft:stone_axe":34,"minecraft:cobblestone":17,"travelersbackpack:standard":2,"vanillaplustools:iron_hammer":25,"bakery:brick_stove":3,"fantasyfurniture:venthyr/sofa":3,"herbalbrews:stove":2,"minecraft:bucket":1,"mcwfences:spruce_stockade_fence":1},"minecraft:custom":{"minecraft:interact_with_crafting_table":9,"minecraft:open_barrel":4,"minecraft:eat_cake_slice":1,"minecraft:leave_game":16,"minecraft:time_since_death":239558,"minecraft:sprint_one_cm":1003014,"minecraft:drop":44,"minecraft:talked_to_villager":5,"minecraft:play_time":464150,"minecraft:deaths":2,"minecraft:jump":3448,"minecraft:walk_on_water_one_cm":82286,"minecraft:enchant_item":9,"minecraft:interact_with_furnace":17,"minecraft:sleep_in_bed":20,"minecraft:damage_dealt":14861,"minecraft:player_kills":1,"minecraft:crouch_one_cm":43656,"minecraft:interact_with_smithing_table":2,"minecraft:mob_kills":108,"minecraft:interact_with_anvil":1,"minecraft:climb_one_cm":1336,"minecraft:walk_one_cm":1608770,"minecraft:damage_dealt_absorbed":261,"minecraft:sneak_time":18258,"minecraft:walk_under_water_one_cm":47874,"minecraft:total_world_time":464150,"minecraft:time_since_rest":138544,"minecraft:damage_taken":2544,"minecraft:swim_one_cm":52224,"minecraft:fly_one_cm":2125829,"minecraft:open_chest":79,"minecraft:fall_one_cm":75320},"minecraft:mined":{"minecraft:dark_oak_planks":10,"biomesoplenty:glowshroom":11,"minecraft:spruce_planks":1,"ribbits:giant_lilypad":6,"minecraft:granite":1,"minecraft:acacia_log":25,"minecraft:grass_block":552,"bloomingnature:freesia_pink":1,"vinery:apple_log":7,"minecraft:iron_ore":51,"minecraft:barrel":1,"biomesoplenty:rainbow_birch_sapling":3,"minecraft:moss_carpet":1,"minecraft:cave_vines":2,"minecraft:azalea":2,"candlelight:lettuce_crop":4,"wildlands:duckweed":1,"biomesoplenty:glowing_moss_carpet":6,"minecraft:smoker":1,"minecraft:torch":6,"minecraft:blast_furnace":1,"minecraft:chest":1,"minecraft:cobblestone":9,"brewery:hops_crop":5,"minecraft:sugar_cane":8,"minecraft:wall_torch":2,"minecraft:mud":9,"ribbits:toadstool_stem":2,"minecraft:birch_log":40,"herbalbrews:wild_rooibos_plant":2,"some_assembly_required:sandwich":1,"minecraft:grass":148,"mcwfences:spruce_pyramid_gate":2,"beachparty:palm_log":13,"minecraft:oak_log":138,"plushies:axolotl_plushie":1,"minecraft:sand":18,"minecraft:dirt":388,"minecraft:oak_leaves":21,"minecraft:deepslate":11,"biomesoplenty:reed":1,"biomesoplenty:glowing_moss_block":100,"minecraft:tuff":2,"minecraft:deepslate_diamond_ore":7,"biomesoplenty:desert_grass":2,"brewery:hops_crop_body":2,"gravestone:gravestone":1,"minecraft:dark_oak_fence":10,"biomesoplenty:bush":9,"minecraft:moss_block":65,"minecraft:sandstone":14,"minecraft:rooted_dirt":3,"minecraft:large_fern":1,"minecraft:hay_block":15,"minecraft:spruce_sapling":1,"minecraft:packed_mud":27,"minecraft:deepslate_iron_ore":3,"ribbits:mossy_oak_door":2,"minecraft:stripped_acacia_log":1,"minecraft:stripped_oak_log":15,"bloomingnature:bluebell":3,"minecraft:stone":207,"wildlands:cattail":3,"minecraft:flowering_azalea":3,"minecraft:crafting_table":3,"minecraft:cornflower":1,"ribbits:swamp_lantern":6,"candlelight:wild_tomatoes":6,"minecraft:tall_grass":63,"minecraft:lily_pad":1,"candlelight:spruce_cabinet":1,"minecraft:big_dripleaf":2,"bloomingnature:stripped_swamp_oak_log":4,"bloomingnature:swamp_oak_log":187,"mcwfences:spruce_horse_fence":34,"minecraft:spruce_log":457,"bloomingnature:fan_palm_log":4,"minecraft:coal_ore":43,"beachparty:coconut_block":1},"minecraft:crafted":{"minecraft:chest":2,"minecraft:crafting_table":1,"farmersdelight:iron_knife":1,"minecraft:wooden_pickaxe":1,"travelersbackpack:standard":1,"minecraft:birch_planks":16,"minecraft:stick":4,"minecraft:iron_ingot":0,"minecraft:iron_pickaxe":1,"minecraft:stone_sword":1,"minecraft:bone_meal":9,"minecraft:iron_axe":1,"minecraft:iron_hoe":1,"minecraft:stone_pickaxe":1,"candlelight:tomato_seeds":3,"beachparty:palm_planks":12,"minecraft:wheat":135,"minecraft:stone_axe":1,"minecraft:bread":7,"minecraft:air":0,"minecraft:wooden_axe":1,"minecraft:iron_shovel":1,"minecraft:torch":8},"minecraft:picked_up":{"minecraft:iron_chestplate":1,"vinery:red_grape":4,"beachparty:rubber_ring_axolotl":1,"farmersdelight:rice_panicle":68,"bakery:strawberry_seeds":140,"bloomingnature:fan_palm_log":3,"biomesoplenty:rainbow_birch_sapling":24,"farmersdelight:cutting_board":1,"minecraft:string":8,"brewery:hops":44,"beachparty:coconut_open":2,"minecraft:cobbled_deepslate":11,"herbalbrews:rooibos_leaf":129,"minecraft:spruce_planks":1,"crittersandcompanions:koi_fish":1,"minecraft:azalea":4,"plushies:axolotl_plushie":1,"alexsmobs:raccoon_tail":1,"wildlands:cattail":3,"avalight:m4a1_sumire":1,"minecraft:stick":204,"bakery:small_cooking_pot":1,"minecraft:big_dripleaf":4,"minecraft:torch":25,"minecraft:acacia_log":25,"minecraft:porkchop":8,"alexsmobs:centipede_leg":1,"minecraft:stone_sword":1,"minecraft:rotten_flesh":12,"minecraft:tropical_fish":2,"mcwfences:spruce_pyramid_gate":2,"mcwdoors:spruce_glass_door":1,"vinery:apple_log":7,"minecraft:cobblestone":216,"minecraft:birch_log":40,"candlelight:lettuce":56,"farmersdelight:rice":43,"biomesoplenty:glowshroom":16,"minecraft:smoker":1,"herbalbrews:tea_blossom":79,"minecraft:potato":189,"beachparty:palm_log":13,"brewery:corn_seeds":150,"minecraft:tuff":2,"minecraft:dirt":936,"minecraft:lantern":92,"knightquest:lizzy_scale":9,"brewery:hops_seeds":117,"brewery:barley_seeds":1,"tacz:ammo_box":1,"minecraft:bone":17,"bloomingnature:bluebell":8,"minecraft:wheat_seeds":134,"bakery:oat":51,"minecraft:glowstone_dust":1,"minecraft:moss_block":60,"bloomingnature:freesia_pink":1,"minecraft:oak_planks":5,"mcwwindows:stripped_spruce_log_window2":2,"minecraft:poisonous_potato":2,"butchersdelight:skullcow":2,"butchersdelight:cow_hide":1,"minecraft:sand":18,"wildlands:duckweed":1,"minecraft:lily_of_the_valley":18,"farmersdelight:ham":2,"naturalist:duck_egg":3,"minecraft:barrel":1,"avalight:m4a1_cotton_candy":1,"minecraft:stripped_acacia_log":1,"bloomingnature:stripped_swamp_oak_log":4,"some_assembly_required:sandwich":2,"minecraft:diamond":24,"bloomingnature:swamp_oak_log":187,"knightquest:small_essence":30,"minecraft:granite":1,"minecraft:bone_meal":1,"minecraft:grass":1,"minecraft:bread":40,"minecraft:rooted_dirt":3,"minecraft:oak_sapling":106,"butchersdelight:hook":8,"minecraft:dark_oak_fence":8,"minecraft:mud":9,"minecraft:crafting_table":3,"minecraft:allium":7,"minecraft:brown_mushroom":3,"gravestone:obituary":4,"mcwfences:spruce_horse_fence":34,"beachparty:coconut":5,"ribbits:toadstool_stem":2,"minecraft:cornflower":22,"candlelight:lettuce_seeds":163,"minecraft:moss_carpet":10,"minecraft:acacia_door":4,"tacz:ammo":360,"minecraft:beef":6,"candlelight:tomato_seeds":153,"minecraft:birch_sapling":52,"minecraft:chest":1,"some_assembly_required:tomato_slices":4,"biomesoplenty:wildflower":2,"minecraft:sugar_cane":20,"minecraft:egg":35,"minecraft:raw_iron":54,"minecraft:sandstone":13,"ribbits:giant_lilypad":6,"some_assembly_required:bread_slice":49,"minecraft:carrot":184,"alexsmobs:crocodile_scute":1,"minecraft:dark_oak_planks":10,"minecraft:arrow":10,"avalight:desert_eagle_the_argus":1,"ribbits:swamp_lantern":6,"aquaculture:brown_trout":1,"minecraft:hay_block":15,"brewery:corn":52,"avalight:desert_eagle":1,"minecraft:glow_berries":1,"minecraft:mutton":9,"minecraft:rail":2,"avalight:fn57_snowfall":1,"minecraft:stripped_oak_log":15,"herbalbrews:yerba_mate_leaf":181,"minecraft:glow_ink_sac":6,"alexsmobs:acacia_blossom":1,"minecraft:red_mushroom":1,"minecraft:packed_mud":27,"bloomingnature:genisteae":1,"minecraft:oak_log":138,"minecraft:lily_pad":1,"minecraft:gunpowder":3,"biomesoplenty:glowing_moss_carpet":58,"bloomingnature:swamp_oak_sapling":120,"minecraft:apple":4,"bakery:oat_seeds":140,"alexsmobs:cockroach_wing_fragment":1,"candlelight:tomato":64,"bloomingnature:chestnut_sapling":17,"herbalbrews:green_tea_leaf":48,"minecraft:acacia_sapling":14,"minecraft:flowering_azalea":6,"minecraft:scaffolding":8,"bakery:strawberry":53,"beachparty:palm_sapling":1,"minecraft:spruce_sapling":22,"minecraft:blast_furnace":1,"minecraft:white_bed":2,"minecraft:spruce_log":456,"biomesoplenty:glowing_moss_block":97,"farmersdelight:cabbage_leaf":6,"minecraft:spider_eye":5,"minecraft:diamond_shovel":1,"butchersdelight:sheephide":2,"tacz:modern_kinetic_gun":2,"candlelight:spruce_cabinet":1,"minecraft:coal":72},"minecraft:killed":{"minecraft:cave_spider":7,"minecraft:witch":1,"minecraft:spider":4,"aquaculture:smallmouth_bass":2,"minecraft:skeleton":6,"bloomingnature:squirrel":1,"alexsmobs:centipede_head":1,"alexsmobs:kangaroo":1,"minecraft:iron_golem":2,"minecraft:creeper":10,"minecraft:pillager":8,"minecraft:zombie":13,"ribbits:ribbit":20,"crittersandcompanions:koi_fish":1,"crittersandcompanions:dumbo_octopus":1,"aquaculture:bluegill":1,"alexsmobs:raccoon":1,"crittersandcompanions:otter":3,"alexsmobs:cockroach":3,"knightquest:lizzy":18,"minecraft:villager":1},"minecraft:dropped":{"minecraft:red_mushroom":1,"minecraft:grass":2,"gravestone:obituary":6,"minecraft:sand":18,"avalight:m4a1_cotton_candy":2,"biomesoplenty:rainbow_birch_sapling":20,"avalight:regular_rifle_magazine":64,"beachparty:rubber_ring_axolotl":1,"bloomingnature:bluebell":2,"minecraft:bread":6,"minecraft:wheat_seeds":1,"avalight:fn57_snowfall":1,"avalight:m4a1_sumire":1,"minecraft:tropical_fish":1,"avalight:desert_eagle":1,"tacz:ammo_box":1,"avalight:desert_eagle_the_argus":1,"minecraft:wooden_axe":2,"plushies:red_fox_plushie":1,"tacz:modern_kinetic_gun":3,"minecraft:spruce_sapling":33,"mcwdoors:spruce_glass_door":1,"minecraft:stone":1,"minecraft:iron_chestplate":2,"tacz:ammo":120,"minecraft:wooden_pickaxe":1}},"DataVersion":3465}