{"stats":{"minecraft:used":{"mcwwindows:spruce_pane_window":2,"minecraft:iron_shovel":5305,"mcwwindows:spruce_plank_pane_window":127,"farmersdelight:cabbage_seeds":78,"minecraft:chest":10,"farmersdelight:stove":3,"days_in_the_middle_ages:gallow_bottom":3,"minecraft:iron_sword":1,"butchersdelight:hook":21,"minecraft:iron_chestplate":1,"fantasyfurniture:nordic/dresser":1,"mcwlights:iron_low_candle_holder":3,"vinery:taiga_grape_seeds_red":2,"fantasyfurniture:nordic/wardrobe_bottom":1,"fantasyfurniture:bone/skeleton/carpet":8,"days_in_the_middle_ages:roof":25,"bakery:oat_seeds":80,"biomesoplenty:fir_sapling":21,"minecraft:lantern":70,"minecraft:grass_block":113,"fantasyfurniture:venthyr/wardrobe_bottom":1,"days_in_the_middle_ages:barrel":2,"minecraft:iron_helmet":1,"wom:iron_staff":194,"mcwwindows:spruce_four_window":3,"minecraft:item_frame":3,"days_in_the_middle_ages:fishhooksalmon":1,"fantasyfurniture:decorations/bolts_of_cloth":1,"farmersdelight:cutting_board":2,"fantasyfurniture:venthyr/drawer":2,"minecraft:furnace":3,"fantasyfurniture:decorations/cookie_jar":1,"days_in_the_middle_ages:roof_split":8,"vinery:white_grape_seeds":37,"biomesoplenty:fir_fence":6,"epicfight:skillbook":13,"minecraft:spruce_door":2,"days_in_the_middle_ages:shaft":4,"minecraft:stone_pickaxe":131,"minecraft:wooden_pickaxe":40,"fantasyfurniture:nordic/desk_left":2,"biomesoplenty:fir_planks":1052,"fantasyfurniture:nordic/wall_light":20,"fantasyfurniture:nordic/carpet":2,"minecraft:sand":5,"fantasyfurniture:venthyr/dresser":1,"fantasyfurniture:dunmer/floor_light":1,"minecraft:blast_furnace":1,"some_assembly_required:sandwich":1,"farmersdelight:rice":1,"epicfight:iron_tachi":5,"fantasyfurniture:decorations/venthyr_food_0":1,"minecraft:redstone_torch":13,"fantasyfurniture:nordic/oven":3,"fantasyfurniture:nordic/table_large":3,"cfm:stripped_spruce_kitchen_sink_dark":1,"fantasyfurniture:decorations/berry_basket_strawberry":2,"fantasyfurniture:decorations/muffins_chocolate":3,"minecraft:bread":49,"fantasyfurniture:nordic/chair":8,"biomesoplenty:fir_stairs":603,"vinery:savanna_grape_seeds_white":39,"days_in_the_middle_ages:fishhook":1,"brewery:hops_seeds":98,"cfm:stripped_spruce_kitchen_counter":7,"biomesoplenty:stripped_fir_log":2,"fantasyfurniture:venthyr/oven":1,"days_in_the_middle_ages:gallow_middle":6,"bloomingnature:genisteae":1,"fantasyfurniture:decorations/venthyr_tea_set":2,"fantasyfurniture:decorations/bowl_empty":1,"fantasyfurniture:decorations/tankards_empty":2,"minecraft:spruce_planks":188,"minecraft:stone_hoe":113,"brewery:barley_seeds":80,"minecraft:torch":10,"fantasyfurniture:nordic/painting_wide":1,"minecraft:brewing_stand":1,"minecraft:dirt":297,"vinery:spruce_lattice":11,"minecraft:spruce_stairs":178,"days_in_the_middle_ages:fishhookempty":6,"wom:stone_staff":43,"candlelight:lettuce_seeds":80,"wom:iron_greataxe":13,"minecraft:iron_hoe":1286,"wom:ender_blaster":4,"minecraft:wooden_axe":46,"minecraft:iron_axe":411,"mcwpaths:andesite_honeycomb_paving":18,"minecraft:iron_boots":1,"epicfight:stone_greatsword":5,"fantasyfurniture:venthyr/painting_wide":1,"wom:antitheus":12,"bakery:strawberry_seeds":80,"farmersdelight:cooking_pot":2,"farmersdelight:tomato_seeds":80,"some_assembly_required:sandwiching_station":1,"days_in_the_middle_ages:gallow_standalone":3,"minecraft:iron_leggings":1,"minecraft:wheat_seeds":2,"minecraft:water_bucket":43,"fantasyfurniture:nordic/stool":2,"epicfight:iron_spear":22,"farmersdelight:skillet":3,"fantasyfurniture:decorations/venthyr_platter":29,"wom:golden_chrono":1,"wom:ruine":7,"days_in_the_middle_ages:welltaking":2,"fantasyfurniture:nordic/bed_double":1,"farmersdelight:onion":107,"minecraft:crafting_table":5,"simplyswords:tempest":2,"minecraft:white_bed":3,"cfm:stripped_spruce_kitchen_drawer":2,"minecraft:smoker":1,"minecraft:spruce_log":324,"epicfight:stone_spear":47,"minecraft:apple":3,"fantasyfurniture:nordic/wardrobe_top":1,"days_in_the_middle_ages:campfire":3,"minecraft:command_block":2,"days_in_the_middle_ages:boat":4,"minecraft:iron_pickaxe":296,"cfm:fridge_dark":2,"minecraft:spruce_sapling":4,"minecraft:stone_axe":243,"fantasyfurniture:furniture_station":2,"vinery:savanna_grape_seeds_red":37,"minecraft:cobblestone":5,"fantasyfurniture:bone/wither/bed_double":1,"minecraft:bucket":25,"alexsmobs:animal_dictionary":1,"vinery:red_grape_seeds":39},"minecraft:mined":{"minecraft:spruce_planks":11,"minecraft:white_bed":3,"minecraft:grass_block":2274,"bloomingnature:genisteae":14,"minecraft:oxeye_daisy":9,"minecraft:iron_ore":8,"brewery:wild_hops":1,"bloomingnature:aspen_log":14,"minecraft:poppy":1,"minecraft:cobblestone":1,"minecraft:sugar_cane":10,"minecraft:wall_torch":4,"farmersdelight:sandy_shrub":1,"minecraft:wheat":16,"some_assembly_required:sandwich":2,"biomesoplenty:umbran_log":23,"biomesoplenty:fir_log":267,"minecraft:grass":806,"biomesoplenty:dead_log":45,"minecraft:oak_log":86,"minecraft:beetroots":2,"minecraft:sand":405,"minecraft:dirt":2567,"biomesoplenty:fir_sapling":1,"minecraft:oak_leaves":2,"minecraft:dark_oak_log":5,"gravestone:gravestone":3,"farmersdelight:wild_cabbages":1,"minecraft:spruce_leaves":9,"minecraft:large_fern":1,"minecraft:hay_block":13,"minecraft:furnace":1,"minecraft:carrots":11,"candlelight:wild_lettuce":3,"minecraft:andesite":6,"minecraft:stripped_spruce_log":3,"minecraft:potatoes":6,"biomesoplenty:fir_stairs":7,"minecraft:stone":432,"bloomingnature:bluebell":2,"minecraft:lily_of_the_valley":7,"minecraft:crafting_table":2,"minecraft:cornflower":13,"biomesoplenty:fir_planks":14,"candlelight:wild_tomatoes":5,"bloomingnature:foxglove_white":5,"bloomingnature:flower_pot_big":1,"minecraft:tall_grass":238,"farmersdelight:skillet":1,"biomesoplenty:fir_fence":6,"minecraft:spruce_log":171,"minecraft:birch_leaves":1,"minecraft:coal_ore":18,"biomesoplenty:fir_leaves":4,"minecraft:fern":4},"minecraft:crafted":{"minecraft:oak_planks":8,"minecraft:chest":4,"minecraft:crafting_table":2,"minecraft:spruce_planks":432,"minecraft:wooden_pickaxe":1,"minecraft:spruce_door":3,"butchersdelight:cleaver":1,"biomesoplenty:fir_planks":556,"aquaculture:iron_hook":2,"minecraft:stick":8,"minecraft:iron_ingot":16,"minecraft:stone_sword":1,"biomesoplenty:fir_door":3,"biomesoplenty:fir_stairs":52,"minecraft:iron_nugget":36,"wom:stone_staff":1,"minecraft:furnace":1,"minecraft:stone_pickaxe":1,"minecraft:wheat":117,"epicfight:stone_spear":1,"butchersdelight:hook":2,"epicfight:stone_greatsword":1,"minecraft:bucket":1,"minecraft:stone_axe":1,"minecraft:bread":44,"minecraft:air":0,"biomesoplenty:fir_fence":6,"minecraft:wooden_axe":1},"minecraft:killed_by":{"alexsmobs:cachalot_whale":1,"alexsmobs:grizzly_bear":1,"minecraft:iron_golem":1},"minecraft:dropped":{"gravestone:obituary":4,"epicfight:iron_tachi":1,"minecraft:white_wool":1,"minecraft:bone":3,"minecraft:wheat_seeds":3,"bloomingnature:foxglove_white":2,"minecraft:apple":1,"epicfight:stone_spear":1,"minecraft:coal":4,"minecraft:wooden_axe":1,"alexsmobs:maggot":1,"minecraft:oak_sapling":3},"minecraft:custom":{"minecraft:interact_with_crafting_table":25,"minecraft:open_barrel":1,"minecraft:leave_game":8,"minecraft:time_since_death":144903,"minecraft:sprint_one_cm":1315088,"minecraft:drop":18,"minecraft:talked_to_villager":12,"minecraft:play_time":338629,"minecraft:deaths":4,"minecraft:jump":2699,"minecraft:interact_with_brewingstand":1,"minecraft:walk_on_water_one_cm":46773,"minecraft:interact_with_furnace":4,"minecraft:sleep_in_bed":18,"minecraft:damage_dealt":11394,"minecraft:player_kills":1,"minecraft:crouch_one_cm":79603,"minecraft:mob_kills":52,"minecraft:climb_one_cm":2560,"minecraft:walk_one_cm":2042965,"minecraft:damage_dealt_absorbed":775,"minecraft:sneak_time":9101,"minecraft:walk_under_water_one_cm":11001,"minecraft:total_world_time":338629,"minecraft:time_since_rest":44119,"minecraft:damage_taken":2662,"minecraft:swim_one_cm":56822,"minecraft:fly_one_cm":2007404,"minecraft:open_chest":95,"minecraft:fall_one_cm":53288},"minecraft:killed":{"minecraft:witch":1,"minecraft:spider":2,"minecraft:skeleton":6,"alexsmobs:orca":1,"alexsmobs:grizzly_bear":1,"minecraft:iron_golem":1,"minecraft:creeper":7,"minecraft:sheep":2,"minecraft:zombie":11,"meadow:wooly_cow":1,"alexsmobs:fly":5,"alexsmobs:raccoon":5,"alexsmobs:seagull":1,"knightquest:eldbomb":1,"minecraft:wandering_trader":2,"knightquest:lizzy":1,"alexsmobs:crow":1,"minecraft:villager":2},"minecraft:broken":{"minecraft:iron_shovel":10,"minecraft:stone_pickaxe":1,"minecraft:iron_axe":1,"minecraft:iron_pickaxe":1},"minecraft:picked_up":{"minecraft:wheat":15,"days_in_the_middle_ages:shaft":4,"minecraft:lead":4,"biomesoplenty:orange_autumn_sapling":3,"minecraft:potion":1,"bloomingnature:beach_grass":3,"minecraft:string":1,"butchersdelight:cleaver":1,"minecraft:beetroot":2,"biomesoplenty:dead_sapling":1,"farmersdelight:cabbage":2,"biomesoplenty:fir_planks":14,"minecraft:spruce_planks":11,"alexsmobs:raccoon_tail":1,"bloomingnature:aspen_log":14,"farmersdelight:cabbage_seeds":10,"minecraft:furnace":1,"minecraft:stick":81,"farmersdelight:rotten_tomato":1,"minecraft:torch":4,"epicfight:skillbook":2,"minecraft:porkchop":28,"minecraft:command_block":1,"minecraft:rotten_flesh":22,"minecraft:cod":2,"minecraft:cobblestone":433,"candlelight:lettuce":6,"minecraft:feather":13,"bloomingnature:aspen_sapling":2,"minecraft:andesite":4,"biomesoplenty:dead_log":39,"minecraft:potato":25,"herbalbrews:tea_blossom":1,"biomesoplenty:fir_sapling":86,"biomesoplenty:fir_log":267,"butchersdelight:deadpig":4,"biomesoplenty:fir_stairs":7,"butchersdelight:goat_fur":4,"minecraft:lapis_lazuli":3,"farmersdelight:tomato":5,"minecraft:dirt":4865,"brewery:hops_seeds":6,"minecraft:bone":23,"bloomingnature:bluebell":14,"minecraft:wheat_seeds":381,"meadow:umbra_wool":1,"butchersdelight:cow_hide":5,"butchersdelight:skullcow":5,"minecraft:sand":405,"minecraft:stripped_spruce_log":3,"biomesoplenty:fir_fence":6,"minecraft:ink_sac":21,"minecraft:lily_of_the_valley":41,"minecraft:dark_oak_log":5,"farmersdelight:ham":8,"naturalist:duck_egg":5,"minecraft:sugar":2,"some_assembly_required:sandwich":2,"knightquest:small_essence":16,"butchersdelight:deadllama":4,"alexsmobs:maggot":1,"alexsmobs:banana_slug_slime":3,"minecraft:oak_sapling":37,"butchersdelight:hook":2,"minecraft:crafting_table":2,"minecraft:chicken":2,"minecraft:cornflower":29,"candlelight:lettuce_seeds":1,"minecraft:item_frame":1,"butchersdelight:dead_cow":3,"beachparty:seashell":3,"candlelight:tomato_seeds":1,"minecraft:beef":23,"minecraft:poppy":2,"minecraft:light_gray_wool":1,"minecraft:sugar_cane":18,"some_assembly_required:tomato_slices":5,"minecraft:egg":33,"minecraft:raw_iron":8,"some_assembly_required:bread_slice":12,"aquaculture:perch":1,"minecraft:carrot":44,"butchersdelight:deadsheep":1,"minecraft:arrow":4,"minecraft:beetroot_seeds":5,"biomesoplenty:umbran_sapling":18,"minecraft:hay_block":13,"aquaculture:carp":1,"minecraft:mutton":32,"minecraft:white_wool":2,"minecraft:oxeye_daisy":36,"minecraft:salmon":2,"minecraft:leather":4,"beachparty:raw_mussel_meat":3,"bloomingnature:genisteae":17,"minecraft:oak_log":86,"minecraft:gunpowder":7,"farmersdelight:skillet":1,"butchersdelight:deadchiken":2,"minecraft:cooked_mutton":2,"bloomingnature:flower_pot_big":1,"bloomingnature:foxglove_white":7,"minecraft:apple":5,"minecraft:stone_pickaxe":1,"candlelight:tomato":4,"biomesoplenty:umbran_log":23,"aquaculture:smallmouth_bass":1,"vinery:taiga_grape_seeds_red":1,"minecraft:spruce_sapling":26,"minecraft:white_bed":3,"minecraft:spruce_log":155,"farmersdelight:cabbage_leaf":3,"butchersdelight:sheephide":4,"biomesoplenty:maple_sapling":4,"minecraft:baked_potato":1,"minecraft:coal":30}},"DataVersion":3465}