{"stats":{"minecraft:custom":{"minecraft:mob_kills":16,"minecraft:interact_with_crafting_table":21,"minecraft:leave_game":1,"minecraft:time_since_death":64017,"minecraft:climb_one_cm":380,"minecraft:sprint_one_cm":503078,"minecraft:walk_one_cm":705909,"minecraft:drop":11,"minecraft:play_time":100678,"minecraft:deaths":2,"minecraft:sneak_time":3659,"minecraft:walk_under_water_one_cm":2304,"minecraft:jump":1251,"minecraft:walk_on_water_one_cm":25137,"minecraft:total_world_time":100678,"minecraft:interact_with_furnace":4,"minecraft:sleep_in_bed":6,"minecraft:time_since_rest":3960,"minecraft:damage_taken":980,"minecraft:damage_dealt":3178,"minecraft:swim_one_cm":23268,"minecraft:fly_one_cm":479578,"minecraft:open_chest":38,"minecraft:crouch_one_cm":33424,"minecraft:fall_one_cm":23494},"minecraft:picked_up":{"minecraft:crafting_table":2,"minecraft:wheat":15,"minecraft:chicken":2,"minecraft:potion":1,"minecraft:cornflower":8,"butchersdelight:dead_cow":3,"minecraft:beetroot":2,"biomesoplenty:fir_planks":14,"minecraft:spruce_planks":11,"minecraft:beef":12,"candlelight:tomato_seeds":1,"minecraft:poppy":1,"minecraft:light_gray_wool":1,"minecraft:furnace":1,"minecraft:stick":57,"minecraft:raw_iron":5,"minecraft:torch":4,"epicfight:skillbook":1,"minecraft:porkchop":8,"minecraft:carrot":43,"butchersdelight:deadsheep":1,"minecraft:arrow":1,"minecraft:rotten_flesh":2,"minecraft:beetroot_seeds":4,"minecraft:hay_block":13,"minecraft:mutton":4,"minecraft:white_wool":2,"minecraft:cobblestone":227,"minecraft:oxeye_daisy":13,"minecraft:feather":5,"minecraft:andesite":4,"minecraft:potato":25,"biomesoplenty:fir_sapling":86,"biomesoplenty:fir_log":267,"butchersdelight:deadpig":2,"bloomingnature:genisteae":5,"minecraft:oak_log":36,"minecraft:gunpowder":3,"biomesoplenty:fir_stairs":7,"minecraft:dirt":1281,"brewery:hops_seeds":2,"butchersdelight:deadchiken":2,"minecraft:bone":6,"bloomingnature:bluebell":2,"bloomingnature:foxglove_white":5,"minecraft:apple":3,"minecraft:wheat_seeds":119,"candlelight:tomato":4,"vinery:taiga_grape_seeds_red":1,"butchersdelight:skullcow":3,"butchersdelight:cow_hide":3,"minecraft:stripped_spruce_log":3,"biomesoplenty:fir_fence":6,"minecraft:spruce_sapling":22,"minecraft:white_bed":3,"minecraft:spruce_log":143,"minecraft:lily_of_the_valley":1,"farmersdelight:ham":3,"butchersdelight:sheephide":1,"minecraft:sugar":2,"knightquest:small_essence":2,"alexsmobs:maggot":1,"butchersdelight:hook":2,"minecraft:oak_sapling":15,"minecraft:coal":30},"minecraft:killed":{"minecraft:witch":1,"alexsmobs:raccoon":1,"minecraft:spider":1,"alexsmobs:seagull":1,"minecraft:skeleton":1,"alexsmobs:orca":1,"alexsmobs:grizzly_bear":1,"minecraft:creeper":2,"minecraft:sheep":2,"minecraft:zombie":1,"knightquest:lizzy":1,"alexsmobs:fly":3},"minecraft:mined":{"minecraft:spruce_planks":11,"minecraft:white_bed":3,"gravestone:gravestone":1,"minecraft:grass_block":196,"bloomingnature:genisteae":2,"minecraft:spruce_leaves":8,"minecraft:oxeye_daisy":3,"minecraft:hay_block":13,"minecraft:furnace":1,"minecraft:carrots":11,"minecraft:iron_ore":5,"minecraft:andesite":6,"minecraft:stripped_spruce_log":3,"minecraft:potatoes":6,"biomesoplenty:fir_stairs":7,"minecraft:stone":226,"bloomingnature:bluebell":1,"brewery:wild_hops":1,"minecraft:lily_of_the_valley":2,"minecraft:crafting_table":2,"minecraft:cornflower":5,"biomesoplenty:fir_planks":14,"minecraft:poppy":1,"candlelight:wild_tomatoes":5,"bloomingnature:foxglove_white":3,"minecraft:tall_grass":93,"minecraft:cobblestone":1,"minecraft:wall_torch":4,"biomesoplenty:fir_fence":6,"minecraft:wheat":16,"minecraft:spruce_log":160,"biomesoplenty:fir_log":267,"minecraft:grass":368,"minecraft:oak_log":36,"minecraft:coal_ore":18,"minecraft:beetroots":2,"biomesoplenty:fir_leaves":4,"minecraft:dirt":1085,"biomesoplenty:fir_sapling":1,"minecraft:fern":4},"minecraft:dropped":{"minecraft:wheat_seeds":3,"minecraft:apple":1,"epicfight:stone_spear":1,"minecraft:coal":4,"minecraft:wooden_axe":1,"gravestone:obituary":2,"minecraft:white_wool":1,"alexsmobs:maggot":1},"minecraft:killed_by":{"alexsmobs:grizzly_bear":1},"minecraft:broken":{"minecraft:iron_shovel":5,"minecraft:stone_pickaxe":1,"minecraft:iron_axe":1},"minecraft:used":{"bloomingnature:genisteae":1,"minecraft:iron_shovel":1250,"minecraft:spruce_planks":188,"minecraft:chest":4,"butchersdelight:hook":21,"minecraft:stone_hoe":113,"minecraft:torch":10,"minecraft:dirt":60,"minecraft:spruce_stairs":156,"wom:stone_staff":43,"minecraft:wooden_axe":46,"minecraft:lantern":17,"minecraft:grass_block":2,"biomesoplenty:fir_sapling":21,"minecraft:iron_axe":253,"wom:iron_staff":39,"epicfight:stone_greatsword":5,"minecraft:item_frame":2,"minecraft:furnace":1,"biomesoplenty:fir_fence":6,"minecraft:wheat_seeds":2,"epicfight:skillbook":3,"minecraft:water_bucket":14,"epicfight:iron_spear":4,"minecraft:stone_pickaxe":131,"wom:golden_chrono":1,"minecraft:wooden_pickaxe":40,"biomesoplenty:fir_planks":636,"minecraft:crafting_table":4,"minecraft:white_bed":3,"minecraft:spruce_log":168,"epicfight:stone_spear":47,"epicfight:iron_tachi":5,"minecraft:apple":3,"minecraft:bread":16,"minecraft:iron_pickaxe":87,"biomesoplenty:fir_stairs":167,"minecraft:spruce_sapling":4,"minecraft:stone_axe":243,"minecraft:bucket":15,"alexsmobs:animal_dictionary":1},"minecraft:crafted":{"biomesoplenty:fir_stairs":20,"minecraft:oak_planks":8,"minecraft:iron_nugget":36,"wom:stone_staff":1,"minecraft:furnace":1,"minecraft:stone_pickaxe":1,"minecraft:chest":4,"minecraft:wheat":117,"epicfight:stone_spear":1,"butchersdelight:hook":2,"minecraft:crafting_table":2,"minecraft:spruce_planks":432,"minecraft:wooden_pickaxe":1,"epicfight:stone_greatsword":1,"minecraft:bucket":1,"butchersdelight:cleaver":1,"minecraft:stone_axe":1,"minecraft:bread":44,"minecraft:air":0,"biomesoplenty:fir_planks":556,"biomesoplenty:fir_fence":6,"aquaculture:iron_hook":2,"minecraft:stick":8,"minecraft:iron_ingot":16,"minecraft:wooden_axe":1,"minecraft:stone_sword":1}},"DataVersion":3465}