{"stats":{"minecraft:picked_up":{"minecraft:iron_chestplate":1,"biomesoplenty:burning_blossom":3,"minecraft:nether_brick_fence":2,"minecraft:lead":3,"mcwfurnituresbop:jacaranda_striped_chair":3,"travelersbackpack:emerald":1,"minecraft:string":23,"minecraft:raw_copper":46,"alexsmobs:blood_sac":2,"minecraft:cobbled_deepslate":39,"minecraft:spruce_planks":24,"minecraft:rose_bush":14,"cosmeticarmoursmod:white_skirt_chestplate":1,"minecraft:furnace":1,"minecraft:stick":49,"mcwfurnituresbop:jacaranda_coffee_table":1,"minecraft:torch":2,"minecraft:spruce_stairs":3,"minecraft:porkchop":6,"minecraft:lightning_rod":1,"minecraft:diorite":10,"slashblade:proudsoul":3,"minecraft:rotten_flesh":82,"minecraft:deepslate_brick_stairs":3,"minecraft:obsidian":30,"minecraft:cobblestone":2457,"minecraft:birch_log":87,"minecraft:magma_block":15,"minecraft:feather":3,"travelersbackpack:gold_tier_upgrade":1,"minecraft:dirt":2562,"minecraft:lantern":3,"minecraft:twisting_vines":1,"cosmeticarmoursmod:crown_helmet":1,"minecraft:bone":11,"minecraft:wheat_seeds":10,"minecraft:fletching_table":5,"slashblade:slashblade":5,"minecraft:cooked_porkchop":5,"minecraft:warped_wart_block":1,"rpgsmw:copper_knife":1,"minecraft:ink_sac":1,"biomesoplenty:hellbark_log":11,"alexsmobs:kangaroo_hide":2,"minecraft:diamond":1,"minecraft:cracked_polished_blackstone_bricks":4,"minecraft:granite":19,"minecraft:emerald":42,"alexsmobs:maggot":6,"alexsmobs:banana_slug_slime":4,"biomesoplenty:pink_daffodil":6,"minecraft:oak_sapling":2,"cosmeticarmoursmod:white_skirt_boots":2,"minecraft:netherrack":1333,"biomesoplenty:stripped_jacaranda_log":8,"minecraft:diamond_pickaxe":1,"minecraft:charcoal":5,"minecraft:crafting_table":2,"minecraft:chicken":4,"biomesoplenty:jacaranda_sapling":23,"biomesoplenty:hellbark_sapling":1,"minecraft:blackstone":13,"minecraft:beef":3,"minecraft:spruce_slab":1,"minecraft:lectern":47,"minecraft:chest":1,"minecraft:birch_sapling":41,"minecraft:raw_iron":3,"mcwfurnituresbop:jacaranda_stool_chair":1,"minecraft:stone":128,"minecraft:polished_blackstone_bricks":14,"minecraft:arrow":8,"biomesoplenty:jacaranda_log":66,"minecraft:nether_bricks":3,"minecraft:gold_ingot":1,"minecraft:mutton":1,"alexsmobs:kangaroo_meat":1,"minecraft:white_wool":3,"minecraft:basalt":1,"minecraft:leather":15,"minecraft:oak_log":60,"minecraft:ancient_debris":9,"biomesoplenty:jacaranda_planks":1,"minecraft:gunpowder":26,"minecraft:stone_bricks":10,"minecraft:iron_ingot":2,"slashblade:bladestand_2w":1,"minecraft:acacia_sapling":5,"minecraft:book":15,"slashblade:proudsoul_tiny":1,"minecraft:quartz":40,"minecraft:gravel":5,"minecraft:spruce_sapling":14,"minecraft:white_bed":1,"minecraft:spruce_log":21,"minecraft:spider_eye":5,"alexsmobs:raw_catfish":1,"biomesoplenty:maple_sapling":8,"biomesoplenty:bramble":34,"minecraft:diamond_axe":1,"minecraft:warped_roots":1,"minecraft:ender_pearl":2,"minecraft:coal":211},"minecraft:killed":{"alexsmobs:lobster":3,"minecraft:spider":22,"minecraft:skeleton":10,"alexsmobs:banana_slug":2,"minecraft:chicken":3,"minecraft:piglin_brute":2,"alexsmobs:kangaroo":2,"minecraft:piglin":13,"minecraft:pig":3,"minecraft:zombie_villager":1,"minecraft:creeper":12,"alexsmobs:crimson_mosquito":4,"minecraft:sheep":1,"minecraft:trader_llama":2,"minecraft:zombie":53,"alexsmobs:fly":5,"minecraft:cow":1,"alexsmobs:raccoon":2,"minecraft:llama":3,"minecraft:drowned":2,"minecraft:wandering_trader":1,"minecraft:hoglin":1,"minecraft:squid":1,"alexsmobs:catfish":1,"alexsmobs:crow":1,"minecraft:wither_skeleton":1,"minecraft:enderman":5},"minecraft:killed_by":{"alexsmobs:grizzly_bear":3,"minecraft:enderman":1},"minecraft:used":{"mcwfences:spruce_highley_gate":6,"minecraft:spruce_slab":96,"mcwroofs:spruce_planks_steep_roof":1,"minecraft:diamond_hoe":122,"minecraft:chest":11,"minecraft:stone":1,"minecraft:rotten_flesh":4,"slashblade:bladestand_2w":7,"mcwdoors:iron_portcullis":5,"travelersbackpack:emerald":1,"minecraft:obsidian":10,"minecraft:lava_bucket":1,"minecraft:villager_spawn_egg":15,"minecraft:lantern":17,"minecraft:grass_block":103,"minecraft:stone_bricks":346,"biomesoplenty:jacaranda_sapling":23,"minecraft:furnace":6,"minecraft:potato":60,"mcwfences:spruce_pyramid_gate":3,"minecraft:diorite":3,"mcwfurnituresbop:jacaranda_stool_chair":1,"minecraft:stone_pickaxe":27,"minecraft:wooden_pickaxe":5,"minecraft:diamond_axe":104,"minecraft:blast_furnace":7,"biomesoplenty:jacaranda_planks":185,"minecraft:deepslate_brick_stairs":36,"mcwroofs:spruce_planks_attic_roof":1,"minecraft:lightning_rod":2,"minecraft:bread":69,"minecraft:lectern":68,"mcwroofs:spruce_planks_lower_roof":2,"minecraft:grindstone":2,"minecraft:smithing_table":3,"minecraft:chain":2,"minecraft:enchanting_table":3,"mcwroofs:spruce_planks_top_roof":31,"minecraft:armor_stand":1,"rpgsmw:iron_scythe":51,"slashblade:bladestand_s":1,"minecraft:spruce_planks":362,"slashblade:bladestand_v":2,"vanillaplustools:stone_hammer":396,"slashblade:bladestand_2":7,"slashblade:bladestand_1":1,"minecraft:netherrack":53,"minecraft:cooked_chicken":3,"rpgsmw:diamond_sickle":24,"minecraft:torch":3,"minecraft:dirt":880,"minecraft:anvil":4,"mcwroofs:spruce_planks_upper_lower_roof":1,"minecraft:spruce_stairs":43,"mcwfurnituresbop:jacaranda_coffee_table":10,"cosmeticarmoursmod:white_skirt_chestplate":1,"mcwfurnituresbop:jacaranda_striped_chair":5,"biomesoplenty:maple_sapling":8,"minecraft:wooden_axe":70,"minecraft:bookshelf":29,"minecraft:iron_axe":154,"slashblade:slashblade":683,"mcwfences:spruce_picket_fence":20,"biomesoplenty:jacaranda_log":8,"minecraft:bamboo":3,"minecraft:wheat_seeds":45,"biomesoplenty:jacaranda_door":2,"minecraft:water_bucket":30,"minecraft:netherite_chestplate":1,"minecraft:fletching_table":9,"minecraft:deepslate_bricks":61,"rpgsmw:diamond_gauntlet":6,"mcwroofs:spruce_planks_roof":387,"rpgsmw:copper_scythe":7,"minecraft:crafting_table":6,"vanillaplustools:stone_shovel":430,"minecraft:campfire":1,"minecraft:white_bed":1,"minecraft:smoker":2,"minecraft:oak_log":54,"minecraft:diamond_pickaxe":2625,"minecraft:iron_pickaxe":47,"minecraft:spruce_trapdoor":57,"slashblade:bladestand_1w":3,"minecraft:spruce_sapling":11,"minecraft:stone_axe":146,"minecraft:cobblestone":106,"minecraft:bucket":1,"minecraft:glass_pane":48,"minecraft:yellow_bed":2,"mcwfences:railing_stone_brick_wall":10,"mcwfences:stone_pillar_wall":2},"minecraft:broken":{"minecraft:stone_axe":1,"minecraft:wooden_axe":1,"slashblade:slashblade":3,"vanillaplustools:stone_hammer":2,"vanillaplustools:stone_shovel":2},"minecraft:mined":{"minecraft:white_bed":1,"biomesoplenty:burning_blossom":4,"minecraft:granite":19,"biomesoplenty:bramble":69,"minecraft:grass_block":1272,"minecraft:cracked_polished_blackstone_bricks":4,"mcwfurnituresbop:jacaranda_coffee_table":1,"minecraft:gilded_blackstone":1,"biomesoplenty:blackstone_bulb":2,"biomesoplenty:bramble_leaves":8,"minecraft:polished_blackstone_bricks":14,"minecraft:magma_block":15,"minecraft:iron_ore":3,"minecraft:fire":12,"minecraft:fletching_table":5,"biomesoplenty:hellbark_log":11,"minecraft:deepslate_brick_stairs":3,"minecraft:spruce_slab":1,"minecraft:blackstone":24,"biomesoplenty:jacaranda_planks":1,"minecraft:torch":2,"mcwfurnituresbop:jacaranda_striped_chair":3,"minecraft:chest":1,"minecraft:nether_quartz_ore":22,"minecraft:cobblestone":7,"minecraft:warped_nylium":16,"minecraft:birch_log":98,"biomesoplenty:maple_sapling":1,"minecraft:grass":22,"minecraft:oak_log":48,"minecraft:dirt":1291,"minecraft:ancient_debris":9,"minecraft:netherrack":2454,"minecraft:deepslate":39,"minecraft:nether_bricks":3,"gravestone:gravestone":3,"mcwfurnituresbop:jacaranda_stool_chair":1,"minecraft:spruce_leaves":1,"biomesoplenty:dead_grass":6,"biomesoplenty:jacaranda_log":66,"minecraft:spruce_sapling":3,"minecraft:furnace":1,"minecraft:nether_brick_fence":2,"minecraft:bookshelf":5,"minecraft:lantern":1,"minecraft:stone":2459,"minecraft:smithing_table":1,"minecraft:basalt":1,"minecraft:crafting_table":2,"minecraft:emerald_ore":2,"minecraft:warped_roots":1,"minecraft:rose_bush":14,"minecraft:lectern":47,"minecraft:campfire":1,"biomesoplenty:stripped_jacaranda_log":8,"biomesoplenty:high_grass_plant":6,"minecraft:lightning_rod":1,"minecraft:tall_grass":1,"minecraft:copper_ore":13,"biomesoplenty:sprout":7,"minecraft:diorite":10,"minecraft:warped_wart_block":1,"minecraft:spruce_stairs":3,"biomesoplenty:pink_daffodil":6,"minecraft:spruce_log":21,"minecraft:birch_leaves":1,"minecraft:coal_ore":115,"minecraft:gravel":5,"minecraft:stone_bricks":10,"minecraft:fern":1},"minecraft:crafted":{"minecraft:black_dye":1,"rpgsmw:copper_scythe":1,"minecraft:oak_planks":16,"minecraft:chainmail_helmet":12,"minecraft:cooked_chicken":3,"minecraft:stone":128,"minecraft:bookshelf":11,"cosmeticarmoursmod:white_skirt_boots":1,"minecraft:deepslate_brick_stairs":28,"minecraft:diamond_leggings":1,"minecraft:diamond_helmet":1,"minecraft:chest":7,"minecraft:copper_block":2,"vanillaplustools:stone_shovel":1,"minecraft:stone_bricks":128,"mcwfurnituresbop:jacaranda_coffee_table":6,"travelersbackpack:iron_tier_upgrade":2,"minecraft:emerald":401,"biomesoplenty:jacaranda_planks":124,"minecraft:diamond_axe":1,"minecraft:crafting_table":1,"minecraft:spruce_planks":12,"slashblade:slashblade":1,"minecraft:wooden_pickaxe":1,"travelersbackpack:standard":1,"minecraft:chainmail_chestplate":12,"rpgsmw:copper_knife":1,"minecraft:copper_ingot":44,"rpgsmw:bullet":8,"minecraft:birch_planks":92,"minecraft:campfire":1,"biomesoplenty:jacaranda_slab":6,"biomesoplenty:jacaranda_fence":30,"travelersbackpack:emerald":2,"minecraft:spruce_trapdoor":4,"minecraft:diamond_pickaxe":2,"minecraft:charcoal":6,"minecraft:shield":2,"minecraft:stick":100,"minecraft:iron_ingot":49,"minecraft:iron_pickaxe":3,"mcwfurnituresbop:jacaranda_striped_chair":2,"minecraft:netherite_ingot":7,"minecraft:deepslate_bricks":140,"minecraft:wooden_sword":1,"minecraft:raw_iron":216,"minecraft:stone_shovel":21,"vanillaplustools:stone_hammer":2,"minecraft:iron_nugget":9,"minecraft:furnace":1,"cosmeticarmoursmod:black_skirt_chestplate":1,"minecraft:netherite_chestplate":1,"travelersbackpack:white_sleeping_bag":1,"minecraft:polished_deepslate":140,"minecraft:stone_pickaxe":18,"minecraft:diamond_boots":1,"rpgsmw:copper_sickle":1,"minecraft:netherite_scrap":0,"minecraft:enchanting_table":1,"minecraft:bell":32,"minecraft:iron_sword":6,"mcwfurnituresbop:jacaranda_stool_chair":2,"minecraft:stone_axe":2,"minecraft:enchanted_book":7,"minecraft:air":0,"minecraft:white_wool":9,"cosmeticarmoursmod:white_skirt_chestplate":1,"minecraft:wooden_axe":1,"minecraft:iron_shovel":6,"minecraft:torch":8,"rpgsmw:class_choose_orb":1,"minecraft:diamond_chestplate":1,"slashblade:proudsoul_tiny":4},"minecraft:custom":{"minecraft:interact_with_crafting_table":49,"minecraft:leave_game":9,"minecraft:time_since_death":275086,"minecraft:damage_resisted":185,"minecraft:sprint_one_cm":1009116,"minecraft:drop":49,"minecraft:talked_to_villager":246,"minecraft:play_time":429264,"minecraft:deaths":4,"minecraft:jump":3118,"minecraft:walk_on_water_one_cm":18971,"minecraft:enchant_item":18,"minecraft:interact_with_furnace":50,"minecraft:traded_with_villager":503,"minecraft:sleep_in_bed":21,"minecraft:damage_dealt":23430,"minecraft:crouch_one_cm":22337,"minecraft:interact_with_smoker":6,"minecraft:interact_with_smithing_table":11,"minecraft:mob_kills":171,"minecraft:interact_with_anvil":16,"minecraft:interact_with_campfire":3,"minecraft:sword_summoned":242,"minecraft:climb_one_cm":1092,"minecraft:walk_one_cm":1046237,"minecraft:sneak_time":11495,"minecraft:walk_under_water_one_cm":13529,"minecraft:interact_with_blast_furnace":9,"minecraft:total_world_time":429264,"minecraft:time_since_rest":54950,"minecraft:damage_taken":3466,"minecraft:swim_one_cm":21412,"minecraft:fly_one_cm":1197731,"minecraft:open_chest":173,"minecraft:fall_one_cm":88272},"minecraft:dropped":{"alexsmobs:banana_slug_slime":4,"minecraft:oak_log":12,"minecraft:cooked_porkchop":5,"minecraft:leather":2,"travelersbackpack:standard":1,"cosmeticarmoursmod:white_skirt_chestplate":1,"rpgsmw:copper_knife":2,"rpgsmw:class_remove_orb":1,"travelersbackpack:gold_tier_upgrade":1,"cosmeticarmoursmod:black_skirt_chestplate":1,"cosmeticarmoursmod:white_skirt_boots":3,"minecraft:arrow":1,"minecraft:bread":10,"minecraft:wheat_seeds":2,"minecraft:cobblestone":65,"minecraft:feather":3,"minecraft:lead":2,"minecraft:stick":3,"minecraft:rose_bush":14,"rpgsmw:class_choose_orb":1,"minecraft:string":6,"cosmeticarmoursmod:white_skirt_leggings":1,"cosmeticarmoursmod:crown_helmet":2,"minecraft:iron_chestplate":1,"minecraft:diamond_pickaxe":1,"slashblade:slashblade":5,"rpgsmw:copper_sickle":1}},"DataVersion":3465}