{"stats":{"minecraft:broken":{"slashblade:slashblade":2,"vanillaplustools:stone_hammer":2,"minecraft:stone_axe":1,"vanillaplustools:stone_shovel":2,"minecraft:wooden_axe":1},"minecraft:used":{"mcwroofs:spruce_planks_top_roof":10,"mcwroofs:spruce_planks_steep_roof":1,"rpgsmw:iron_scythe":41,"minecraft:spruce_planks":84,"minecraft:chest":11,"minecraft:stone":1,"vanillaplustools:stone_hammer":356,"slashblade:bladestand_2":7,"slashblade:bladestand_1":1,"minecraft:cooked_chicken":3,"minecraft:rotten_flesh":4,"minecraft:torch":3,"minecraft:dirt":520,"minecraft:anvil":2,"minecraft:spruce_stairs":6,"mcwroofs:spruce_planks_upper_lower_roof":1,"biomesoplenty:maple_sapling":8,"minecraft:wooden_axe":70,"minecraft:lava_bucket":1,"minecraft:grass_block":86,"minecraft:iron_axe":54,"slashblade:slashblade":228,"minecraft:bamboo":3,"biomesoplenty:jacaranda_sapling":17,"minecraft:furnace":6,"biomesoplenty:jacaranda_door":2,"minecraft:water_bucket":1,"minecraft:diorite":3,"minecraft:stone_pickaxe":27,"minecraft:wooden_pickaxe":5,"mcwroofs:spruce_planks_roof":111,"rpgsmw:copper_scythe":7,"minecraft:crafting_table":6,"minecraft:blast_furnace":2,"vanillaplustools:stone_shovel":429,"minecraft:campfire":1,"minecraft:smoker":2,"biomesoplenty:jacaranda_planks":184,"mcwroofs:spruce_planks_attic_roof":1,"minecraft:oak_log":54,"minecraft:bread":16,"minecraft:iron_pickaxe":35,"slashblade:bladestand_1w":3,"minecraft:spruce_sapling":11,"minecraft:stone_axe":146,"mcwroofs:spruce_planks_lower_roof":2,"minecraft:cobblestone":60,"minecraft:bucket":1,"minecraft:glass_pane":48,"minecraft:yellow_bed":2},"minecraft:custom":{"minecraft:mob_kills":48,"minecraft:interact_with_anvil":5,"minecraft:interact_with_crafting_table":27,"minecraft:interact_with_campfire":3,"minecraft:sword_summoned":1,"minecraft:leave_game":5,"minecraft:time_since_death":17187,"minecraft:sprint_one_cm":280856,"minecraft:walk_one_cm":406962,"minecraft:drop":17,"minecraft:play_time":171365,"minecraft:deaths":4,"minecraft:sneak_time":3460,"minecraft:walk_under_water_one_cm":5768,"minecraft:jump":1535,"minecraft:walk_on_water_one_cm":15593,"minecraft:total_world_time":171365,"minecraft:interact_with_furnace":17,"minecraft:sleep_in_bed":6,"minecraft:time_since_rest":6598,"minecraft:damage_taken":1726,"minecraft:damage_dealt":6914,"minecraft:swim_one_cm":10495,"minecraft:fly_one_cm":600228,"minecraft:open_chest":55,"minecraft:crouch_one_cm":3697,"minecraft:interact_with_smoker":2,"minecraft:fall_one_cm":26253},"minecraft:crafted":{"minecraft:wooden_sword":1,"rpgsmw:copper_scythe":1,"minecraft:oak_planks":16,"minecraft:stone_shovel":9,"vanillaplustools:stone_hammer":2,"minecraft:iron_nugget":9,"minecraft:cooked_chicken":3,"minecraft:furnace":1,"minecraft:stone_pickaxe":18,"minecraft:chest":6,"vanillaplustools:stone_shovel":1,"rpgsmw:copper_sickle":1,"biomesoplenty:jacaranda_planks":4,"minecraft:crafting_table":1,"slashblade:slashblade":1,"minecraft:wooden_pickaxe":1,"minecraft:copper_ingot":12,"rpgsmw:copper_knife":1,"minecraft:birch_planks":92,"minecraft:campfire":1,"minecraft:stone_axe":2,"minecraft:air":0,"minecraft:charcoal":6,"minecraft:stick":100,"minecraft:iron_ingot":2,"minecraft:wooden_axe":1,"minecraft:torch":8,"slashblade:proudsoul_tiny":4},"minecraft:killed":{"alexsmobs:raccoon":1,"minecraft:spider":1,"minecraft:skeleton":3,"alexsmobs:banana_slug":2,"minecraft:chicken":3,"minecraft:llama":1,"minecraft:drowned":2,"minecraft:pig":3,"minecraft:creeper":2,"minecraft:sheep":1,"alexsmobs:catfish":1,"minecraft:zombie":19,"alexsmobs:fly":3,"minecraft:enderman":5},"minecraft:dropped":{"minecraft:wheat_seeds":2,"alexsmobs:banana_slug_slime":4,"minecraft:oak_log":12,"minecraft:feather":3,"minecraft:cobblestone":65,"minecraft:stick":3,"minecraft:string":6,"rpgsmw:copper_knife":2,"slashblade:slashblade":3,"minecraft:arrow":1,"rpgsmw:copper_sickle":1},"minecraft:picked_up":{"minecraft:charcoal":5,"minecraft:crafting_table":2,"minecraft:chicken":3,"biomesoplenty:jacaranda_sapling":17,"minecraft:string":2,"minecraft:raw_copper":46,"minecraft:cobbled_deepslate":28,"minecraft:chest":1,"minecraft:birch_sapling":41,"minecraft:furnace":1,"minecraft:raw_iron":3,"minecraft:stick":40,"minecraft:torch":2,"minecraft:porkchop":6,"minecraft:diorite":10,"slashblade:proudsoul":2,"minecraft:arrow":3,"minecraft:rotten_flesh":19,"biomesoplenty:jacaranda_log":49,"minecraft:mutton":1,"minecraft:white_wool":2,"minecraft:cobblestone":2217,"minecraft:birch_log":87,"minecraft:feather":3,"minecraft:oak_log":60,"biomesoplenty:jacaranda_planks":1,"minecraft:gunpowder":1,"minecraft:dirt":2517,"minecraft:bone":3,"minecraft:wheat_seeds":7,"minecraft:iron_ingot":2,"slashblade:slashblade":3,"minecraft:acacia_sapling":5,"slashblade:proudsoul_tiny":1,"rpgsmw:copper_knife":1,"minecraft:gravel":3,"minecraft:spruce_sapling":14,"minecraft:spruce_log":21,"alexsmobs:raw_catfish":1,"biomesoplenty:maple_sapling":8,"minecraft:emerald":2,"alexsmobs:banana_slug_slime":4,"alexsmobs:maggot":4,"biomesoplenty:pink_daffodil":6,"minecraft:oak_sapling":2,"minecraft:coal":89,"minecraft:ender_pearl":1},"minecraft:killed_by":{"minecraft:enderman":1,"alexsmobs:grizzly_bear":3},"minecraft:mined":{"gravestone:gravestone":3,"minecraft:grass_block":1252,"minecraft:spruce_leaves":1,"biomesoplenty:jacaranda_log":49,"minecraft:spruce_sapling":3,"minecraft:furnace":1,"minecraft:iron_ore":3,"minecraft:stone":2218,"biomesoplenty:jacaranda_planks":1,"minecraft:crafting_table":2,"minecraft:torch":2,"minecraft:emerald_ore":2,"minecraft:chest":1,"minecraft:campfire":1,"biomesoplenty:high_grass_plant":6,"minecraft:copper_ore":13,"minecraft:tall_grass":1,"minecraft:cobblestone":6,"biomesoplenty:sprout":2,"minecraft:diorite":10,"minecraft:birch_log":98,"biomesoplenty:pink_daffodil":6,"biomesoplenty:maple_sapling":1,"minecraft:spruce_log":21,"minecraft:birch_leaves":1,"minecraft:grass":15,"minecraft:oak_log":48,"minecraft:coal_ore":89,"minecraft:gravel":4,"minecraft:dirt":1267,"minecraft:deepslate":25,"minecraft:fern":1}},"DataVersion":3465}