{"stats":{"minecraft:picked_up":{"minecraft:raw_iron":5,"minecraft:stick":10,"minecraft:crafting_table":1,"epicfight:skillbook":1,"butchersdelight:deadpig":2,"minecraft:gunpowder":3,"minecraft:stripped_spruce_log":3,"minecraft:spruce_sapling":21,"minecraft:spruce_log":49,"minecraft:dirt":3,"butchersdelight:dead_cow":2,"knightquest:small_essence":1,"alexsmobs:maggot":1,"minecraft:coal":18,"minecraft:cobblestone":43},"minecraft:custom":{"minecraft:time_since_rest":2266,"minecraft:sprint_one_cm":61519,"minecraft:damage_taken":340,"minecraft:walk_one_cm":90819,"minecraft:mob_kills":5,"minecraft:drop":3,"minecraft:damage_dealt":921,"minecraft:swim_one_cm":3955,"minecraft:interact_with_crafting_table":5,"minecraft:fly_one_cm":20134,"minecraft:crouch_one_cm":223,"minecraft:play_time":16678,"minecraft:deaths":1,"minecraft:sneak_time":33,"minecraft:walk_under_water_one_cm":134,"minecraft:jump":156,"minecraft:walk_on_water_one_cm":2066,"minecraft:leave_game":1,"minecraft:time_since_death":2231,"minecraft:total_world_time":16678,"minecraft:fall_one_cm":4363},"minecraft:killed":{"knightquest:lizzy":1,"alexsmobs:fly":2,"minecraft:creeper":2},"minecraft:mined":{"minecraft:iron_ore":5,"minecraft:spruce_log":51,"minecraft:stripped_spruce_log":3,"minecraft:crafting_table":1,"gravestone:gravestone":1,"minecraft:grass_block":3,"minecraft:coal_ore":18,"minecraft:spruce_leaves":8,"minecraft:stone":43},"minecraft:dropped":{"alexsmobs:maggot":1,"minecraft:wooden_axe":1,"gravestone:obituary":1},"minecraft:crafted":{"epicfight:stone_spear":1,"minecraft:crafting_table":2,"minecraft:spruce_planks":24,"wom:stone_staff":1,"minecraft:stick":8,"minecraft:wooden_pickaxe":1,"minecraft:stone_pickaxe":1,"minecraft:wooden_axe":1,"minecraft:stone_sword":1,"minecraft:stone_axe":1},"minecraft:used":{"minecraft:wooden_axe":46,"minecraft:stone_pickaxe":26,"minecraft:wooden_pickaxe":40,"minecraft:stone_axe":19,"minecraft:torch":2,"minecraft:dirt":3,"minecraft:crafting_table":2,"wom:stone_staff":17,"alexsmobs:animal_dictionary":1,"epicfight:stone_spear":10}},"DataVersion":3465}