{"stats":{"minecraft:custom":{"minecraft:mob_kills":10,"minecraft:interact_with_crafting_table":5,"minecraft:leave_game":1,"minecraft:time_since_death":14231,"minecraft:climb_one_cm":380,"minecraft:time_since_rest":14266,"minecraft:sprint_one_cm":179885,"minecraft:damage_taken":460,"minecraft:walk_one_cm":146387,"minecraft:drop":4,"minecraft:damage_dealt":1444,"minecraft:swim_one_cm":21289,"minecraft:fly_one_cm":194860,"minecraft:open_chest":1,"minecraft:crouch_one_cm":295,"minecraft:play_time":28678,"minecraft:deaths":1,"minecraft:sneak_time":44,"minecraft:walk_under_water_one_cm":782,"minecraft:jump":545,"minecraft:walk_on_water_one_cm":10297,"minecraft:total_world_time":28678,"minecraft:fall_one_cm":10846},"minecraft:picked_up":{"minecraft:crafting_table":1,"minecraft:feather":1,"butchersdelight:deadpig":2,"minecraft:oak_log":36,"minecraft:gunpowder":3,"minecraft:dirt":3,"butchersdelight:deadchiken":2,"butchersdelight:dead_cow":2,"minecraft:apple":3,"candlelight:tomato_seeds":1,"candlelight:tomato":4,"minecraft:light_gray_wool":1,"minecraft:stick":17,"minecraft:raw_iron":5,"vinery:taiga_grape_seeds_red":1,"epicfight:skillbook":1,"minecraft:stripped_spruce_log":3,"minecraft:spruce_sapling":21,"minecraft:spruce_log":49,"minecraft:white_bed":1,"minecraft:arrow":1,"butchersdelight:deadsheep":1,"minecraft:hay_block":13,"knightquest:small_essence":1,"alexsmobs:maggot":1,"minecraft:oak_sapling":15,"minecraft:coal":18,"minecraft:white_wool":1,"minecraft:cobblestone":43},"minecraft:killed":{"minecraft:spider":1,"alexsmobs:seagull":1,"minecraft:creeper":2,"minecraft:sheep":2,"minecraft:skeleton":1,"knightquest:lizzy":1,"alexsmobs:fly":2},"minecraft:mined":{"minecraft:white_bed":1,"minecraft:crafting_table":1,"gravestone:gravestone":1,"minecraft:grass_block":3,"candlelight:wild_tomatoes":5,"minecraft:tall_grass":11,"minecraft:spruce_leaves":8,"minecraft:hay_block":13,"minecraft:iron_ore":5,"minecraft:spruce_log":51,"minecraft:stripped_spruce_log":3,"minecraft:grass":51,"minecraft:coal_ore":18,"minecraft:oak_log":36,"minecraft:stone":43},"minecraft:dropped":{"alexsmobs:maggot":1,"minecraft:wooden_axe":1,"gravestone:obituary":1,"minecraft:white_wool":1},"minecraft:used":{"epicfight:skillbook":1,"minecraft:stone_pickaxe":26,"minecraft:wooden_pickaxe":40,"minecraft:stone_hoe":67,"minecraft:torch":2,"minecraft:dirt":3,"minecraft:crafting_table":2,"wom:stone_staff":34,"epicfight:stone_spear":17,"minecraft:wooden_axe":46,"minecraft:apple":3,"minecraft:bread":3,"minecraft:stone_axe":75,"alexsmobs:animal_dictionary":1},"minecraft:crafted":{"epicfight:stone_spear":1,"minecraft:crafting_table":2,"wom:stone_staff":1,"minecraft:spruce_planks":24,"minecraft:wooden_pickaxe":1,"minecraft:stone_axe":1,"minecraft:stick":8,"minecraft:stone_pickaxe":1,"minecraft:wooden_axe":1,"minecraft:stone_sword":1}},"DataVersion":3465}