{"stats":{"minecraft:custom":{"minecraft:interact_with_smithing_table":3,"minecraft:mob_kills":117,"minecraft:interact_with_crafting_table":68,"minecraft:sword_summoned":3,"minecraft:leave_game":13,"minecraft:time_since_death":40754,"minecraft:damage_resisted":574,"minecraft:sprint_one_cm":912671,"minecraft:walk_one_cm":1265241,"minecraft:damage_blocked_by_shield":4225,"minecraft:drop":51,"minecraft:talked_to_villager":52,"minecraft:play_time":439174,"minecraft:sneak_time":1117,"minecraft:deaths":17,"minecraft:walk_under_water_one_cm":33250,"minecraft:jump":6496,"minecraft:interact_with_blast_furnace":3,"minecraft:walk_on_water_one_cm":77999,"minecraft:total_world_time":439174,"minecraft:interact_with_furnace":54,"minecraft:traded_with_villager":123,"minecraft:sleep_in_bed":14,"minecraft:time_since_rest":15994,"minecraft:damage_taken":7979,"minecraft:damage_dealt":16777,"minecraft:swim_one_cm":24453,"minecraft:fly_one_cm":1083640,"minecraft:open_chest":101,"minecraft:crouch_one_cm":568,"minecraft:interact_with_smoker":2,"minecraft:fall_one_cm":194292},"minecraft:crafted":{"minecraft:oak_planks":16,"rpgsmw:paladin_diamond_armor_chestplate":1,"vanillaplustools:stone_hammer":1,"minecraft:diamond_hoe":1,"minecraft:cooked_chicken":2,"rpgsmw:red_fabric":7,"minecraft:furnace":3,"minecraft:diamond_shovel":1,"rpgsmw:paladin_diamond_armor_leggings":1,"minecraft:bookshelf":10,"minecraft:cooked_mutton":7,"vanillaplustools:iron_hammer":2,"minecraft:iron_boots":1,"minecraft:iron_axe":1,"minecraft:stone_pickaxe":9,"minecraft:chest":5,"minecraft:wheat":144,"rpgsmw:fabric":7,"minecraft:red_dye":30,"minecraft:diamond_sword":1,"minecraft:emerald":112,"biomesoplenty:jacaranda_planks":1342,"minecraft:cooked_porkchop":5,"minecraft:diamond_axe":2,"minecraft:crafting_table":5,"minecraft:wooden_pickaxe":1,"minecraft:iron_helmet":1,"minecraft:copper_ingot":2,"rpgsmw:bullet":8,"minecraft:bucket":2,"minecraft:birch_planks":644,"minecraft:stone_axe":1,"minecraft:bread":52,"minecraft:air":0,"rpgsmw:diamond_knife":1,"rpgsmw:paladin_diamond_armor_boots":1,"minecraft:diamond_pickaxe":2,"minecraft:shield":2,"minecraft:stick":3598,"minecraft:iron_ingot":204,"minecraft:iron_pickaxe":20,"minecraft:wooden_axe":2,"minecraft:iron_leggings":1,"minecraft:white_bed":1,"rpgsmw:diamond_rifle":1,"minecraft:torch":28},"minecraft:dropped":{"minecraft:iron_ingot":1,"minecraft:wheat_seeds":2,"minecraft:diamond_axe":2,"minecraft:lilac":1,"minecraft:diamond":2,"minecraft:cobblestone":34,"minecraft:leather":2,"minecraft:stick":3,"minecraft:dirt":5,"minecraft:diorite":1,"gravestone:obituary":1,"minecraft:iron_pickaxe":1,"cosmeticarmoursmod:white_skirt_chestplate":1,"rpgsmw:copper_knife":2,"minecraft:white_wool":1,"minecraft:spruce_sapling":1,"minecraft:gold_ingot":1,"slashblade:proudsoul":1,"minecraft:cobbled_deepslate":6,"cosmeticarmoursmod:crown_helmet":1,"minecraft:obsidian":15,"minecraft:rotten_flesh":2,"minecraft:oak_planks":4,"minecraft:pumpkin_seeds":4,"travelersbackpack:gold_tier_upgrade":1,"cosmeticarmoursmod:white_skirt_boots":2,"minecraft:gunpowder":6,"minecraft:peony":3,"minecraft:diamond_pickaxe":4,"minecraft:iron_chestplate":1,"minecraft:black_wool":1,"slashblade:proudsoul_tiny":1},"minecraft:killed_by":{"minecraft:cave_spider":4,"alexsmobs:centipede_head":1,"minecraft:skeleton":3,"minecraft:zombie":2},"minecraft:broken":{"vanillaplustools:iron_hammer":2,"minecraft:shield":1,"vanillaplustools:stone_hammer":1,"minecraft:stone_axe":1,"minecraft:iron_helmet":1,"minecraft:wooden_axe":2},"minecraft:mined":{"minecraft:large_amethyst_bud":1,"minecraft:tuff":530,"minecraft:white_bed":2,"rpgsmw:miphrildeepslateore":10,"minecraft:deepslate_diamond_ore":43,"minecraft:dark_oak_log":6,"minecraft:obsidian":15,"minecraft:budding_amethyst":4,"minecraft:granite":12,"gravestone:gravestone":15,"minecraft:grass_block":15,"minecraft:spruce_leaves":9,"biomesoplenty:dune_grass":10,"minecraft:spawner":4,"minecraft:hay_block":16,"biomesoplenty:jacaranda_log":408,"minecraft:redstone_ore":9,"minecraft:furnace":4,"biomesoplenty:toadstool":3,"minecraft:iron_ore":104,"minecraft:fire":26,"minecraft:cobbled_deepslate":8,"biomesoplenty:lavender":1,"minecraft:andesite":22,"minecraft:deepslate_lapis_ore":27,"minecraft:peony":3,"biomesoplenty:sea_oats":17,"biomesoplenty:high_grass":8,"minecraft:deepslate_iron_ore":102,"minecraft:dirt_path":1,"biomesoplenty:webbing":1,"minecraft:stone":203,"biomesoplenty:jacaranda_leaves":22,"minecraft:deepslate_redstone_ore":114,"minecraft:amethyst_cluster":21,"minecraft:oak_fence":1,"minecraft:crafting_table":6,"minecraft:emerald_ore":1,"minecraft:poppy":2,"minecraft:calcite":4,"biomesoplenty:high_grass_plant":2,"minecraft:copper_ore":1,"minecraft:tall_grass":3,"minecraft:cobblestone":3,"biomesoplenty:sprout":1,"minecraft:deepslate_gold_ore":36,"minecraft:lapis_ore":11,"minecraft:oak_planks":2,"minecraft:diorite":24,"minecraft:amethyst_block":17,"minecraft:deepslate_copper_ore":5,"minecraft:birch_planks":2,"minecraft:birch_log":110,"minecraft:wheat":12,"biomesoplenty:pink_daffodil":12,"minecraft:lilac":1,"minecraft:birch_leaves":2,"minecraft:grass":55,"minecraft:coal_ore":47,"minecraft:oak_log":111,"minecraft:gravel":24,"minecraft:dirt":15,"biomesoplenty:stringy_cobweb":1,"minecraft:cobweb":85,"minecraft:smooth_basalt":1,"minecraft:gold_ore":14,"minecraft:oak_leaves":7,"minecraft:deepslate":5187,"minecraft:fern":2},"minecraft:used":{"minecraft:oak_fence":4,"minecraft:diamond_hoe":34,"minecraft:chest":5,"minecraft:shield":89,"vanillaplustools:stone_hammer":112,"minecraft:cooked_chicken":2,"minecraft:rotten_flesh":13,"minecraft:torch":28,"minecraft:dirt":5,"minecraft:carrot":1,"minecraft:tuff":8,"biomesoplenty:maple_sapling":9,"rpgsmw:diamond_rifle":3,"minecraft:wooden_axe":141,"minecraft:lava_bucket":1,"minecraft:bookshelf":10,"minecraft:iron_axe":5,"slashblade:slashblade":5,"minecraft:furnace":6,"minecraft:cobbled_deepslate":193,"minecraft:cooked_mutton":7,"minecraft:water_bucket":21,"minecraft:birch_planks":5,"minecraft:oak_planks":6,"minecraft:wooden_pickaxe":10,"minecraft:diamond_axe":596,"minecraft:crafting_table":10,"minecraft:white_bed":3,"minecraft:diamond_pickaxe":1563,"rpgsmw:copper_sickle":145,"minecraft:diamond_shovel":27,"minecraft:iron_pickaxe":232,"minecraft:bread":58,"biomesoplenty:yellow_autumn_sapling":5,"biomesoplenty:toadstool":2,"minecraft:stone_axe":122,"minecraft:diamond_sword":145,"minecraft:cobblestone":115,"travelersbackpack:standard":1,"rpgsmw:diamond_knife":58,"vanillaplustools:iron_hammer":493,"minecraft:andesite":4,"minecraft:cooked_porkchop":6,"minecraft:bucket":24,"minecraft:birch_log":13,"alexsmobs:animal_dictionary":1,"rpgsmw:copper_knife":102},"minecraft:picked_up":{"minecraft:iron_chestplate":1,"minecraft:crafting_table":6,"minecraft:wheat":12,"minecraft:chicken":6,"minecraft:lead":2,"minecraft:smithing_table":1,"biomesoplenty:orange_autumn_sapling":4,"biomesoplenty:jacaranda_sapling":114,"gravestone:obituary":1,"minecraft:amethyst_block":11,"minecraft:string":90,"minecraft:raw_copper":16,"biomesoplenty:yellow_autumn_sapling":10,"minecraft:cobbled_deepslate":1430,"rpgsmw:rawmiphrilignot":11,"minecraft:rose_bush":14,"minecraft:calcite":4,"minecraft:poppy":2,"minecraft:iron_pickaxe":1,"cosmeticarmoursmod:white_skirt_chestplate":1,"minecraft:chest":1,"minecraft:birch_sapling":38,"minecraft:furnace":4,"minecraft:egg":1,"minecraft:raw_iron":304,"minecraft:stick":107,"minecraft:oak_fence":8,"minecraft:torch":2,"minecraft:porkchop":9,"minecraft:diorite":10,"minecraft:carrot":1,"minecraft:redstone":335,"slashblade:proudsoul":1,"minecraft:arrow":29,"minecraft:rotten_flesh":66,"biomesoplenty:jacaranda_log":336,"cosmeticarmoursmod:white_skirt_leggings":1,"minecraft:peony":3,"minecraft:hay_block":16,"minecraft:obsidian":15,"minecraft:mutton":20,"alexsmobs:kangaroo_meat":1,"minecraft:rail":2,"minecraft:white_wool":11,"minecraft:cobblestone":257,"biomesoplenty:lavender":1,"minecraft:birch_log":113,"minecraft:feather":2,"minecraft:lilac":1,"rpgsmw:copper_sickle":1,"minecraft:andesite":18,"minecraft:salmon":2,"minecraft:leather":7,"minecraft:birch_planks":58,"cosmeticarmoursmod:black_skirt_chestplate":1,"paraglider:spirit_orb":6,"minecraft:tuff":235,"minecraft:oak_log":75,"biomesoplenty:jacaranda_planks":6,"minecraft:gunpowder":6,"travelersbackpack:gold_tier_upgrade":1,"minecraft:lapis_lazuli":239,"minecraft:dirt":27,"cosmeticarmoursmod:crown_helmet":2,"minecraft:bone":23,"minecraft:apple":3,"minecraft:bow":1,"minecraft:wheat_seeds":43,"minecraft:raw_gold":82,"alexsmobs:cockroach_wing_fragment":2,"minecraft:iron_ingot":5,"minecraft:glass_bottle":1,"slashblade:slashblade":1,"minecraft:oak_planks":10,"biomesoplenty:toadstool":2,"minecraft:smooth_basalt":1,"minecraft:cooked_porkchop":1,"rpgsmw:copper_knife":3,"minecraft:gravel":4,"minecraft:amethyst_shard":156,"minecraft:spruce_sapling":1,"minecraft:white_bed":2,"minecraft:dark_oak_log":6,"minecraft:spider_eye":3,"rpgsmw:class_choose_orb":1,"travelersbackpack:standard":1,"alexsmobs:kangaroo_hide":1,"biomesoplenty:maple_sapling":15,"minecraft:diamond":45,"rpgsmw:class_remove_orb":1,"minecraft:granite":7,"minecraft:diamond_axe":1,"minecraft:gray_wool":2,"minecraft:emerald":1,"minecraft:bread":10,"alexsmobs:banana_slug_slime":1,"biomesoplenty:pink_daffodil":12,"minecraft:oak_sapling":2,"cosmeticarmoursmod:white_skirt_boots":3,"minecraft:black_wool":1,"minecraft:coal":76,"minecraft:diamond_pickaxe":4},"minecraft:killed":{"minecraft:cave_spider":6,"minecraft:witch":1,"alexsmobs:raccoon":1,"minecraft:spider":2,"alexsmobs:tasmanian_devil":1,"alexsmobs:sugar_glider":1,"minecraft:skeleton":22,"minecraft:chicken":4,"minecraft:llama":3,"alexsmobs:kangaroo":1,"minecraft:pig":2,"minecraft:zombie_villager":3,"minecraft:salmon":2,"minecraft:creeper":2,"minecraft:sheep":14,"alexsmobs:cockroach":2,"minecraft:zombie":47}},"DataVersion":3465}