{"stats":{"minecraft:used":{"minecraft:stone_sword":171,"minecraft:iron_shovel":187,"minecraft:chest":7,"minecraft:spruce_planks":24,"minecraft:shield":5,"butchersdelight:hook":7,"minecraft:iron_sword":16,"minecraft:rotten_flesh":2,"minecraft:iron_chestplate":1,"minecraft:oak_door":3,"minecraft:dirt":9,"minecraft:carrot":14,"minecraft:obsidian":4,"minecraft:wooden_axe":15,"butchersdelight:cleaver":2,"minecraft:iron_axe":75,"beachparty:rubber_ring_axolotl":1,"biomesoplenty:fir_sapling":2,"minecraft:iron_boots":1,"minecraft:golden_sword":35,"minecraft:furnace":2,"minecraft:egg":1,"minecraft:cooked_beef":12,"farmersdelight:fried_egg":1,"minecraft:iron_leggings":1,"minecraft:wheat_seeds":156,"minecraft:cooked_mutton":7,"epicfight:skillbook":1,"minecraft:birch_planks":121,"minecraft:oak_planks":6,"minecraft:stone_pickaxe":76,"minecraft:wooden_pickaxe":51,"biomesoplenty:fir_boat":3,"biomesoplenty:fir_planks":4,"minecraft:crafting_table":8,"minecraft:smoker":1,"minecraft:spruce_log":7,"epicfight:iron_tachi":65,"minecraft:oak_log":1,"minecraft:apple":2,"minecraft:iron_pickaxe":136,"minecraft:bread":37,"farmersdelight:ham":1,"minecraft:stone_axe":87,"minecraft:cobblestone":13,"minecraft:cooked_porkchop":8,"minecraft:pumpkin_pie":1,"minecraft:yellow_bed":5,"biomesoplenty:fir_log":28,"minecraft:splash_potion":1},"minecraft:mined":{"minecraft:dark_oak_planks":3,"biomesoplenty:orange_autumn_leaves":1,"minecraft:spruce_planks":11,"minecraft:deepslate_diamond_ore":11,"minecraft:oak_door":1,"farmersdelight:wild_carrots":15,"butchersdelight:deadsheepblock":2,"gravestone:gravestone":5,"minecraft:granite":8,"minecraft:grass_block":23,"bloomingnature:flower_box":2,"bloomingnature:fir_leaves":2,"biomesoplenty:white_petals":2,"bloomingnature:freesia_pink":3,"bloomingnature:genisteae":1,"minecraft:spruce_leaves":3,"minecraft:sandstone":18,"bloomingnature:beach_bush":1,"minecraft:spawner":1,"beachparty:seashell_block":21,"minecraft:large_fern":9,"minecraft:carrots":24,"minecraft:furnace":1,"biomesoplenty:toadstool":2,"farmersdelight:wild_rice":2,"minecraft:iron_ore":25,"minecraft:snow":3,"minecraft:pumpkin":2,"bloomingnature:lupine_blue":1,"minecraft:deepslate_lapis_ore":4,"minecraft:potatoes":4,"minecraft:deepslate_iron_ore":1,"minecraft:iron_bars":1,"biomesoplenty:barley":3,"minecraft:stone":70,"bloomingnature:bluebell":1,"minecraft:spruce_slab":2,"brewery:wild_hops":7,"minecraft:snow_block":14,"minecraft:powder_snow":38,"minecraft:oak_fence":1,"minecraft:crafting_table":4,"bloomingnature:tall_lupine_blue":2,"bakery:wild_strawberries":8,"vinery:red_grape_bush":1,"biomesoplenty:snowblossom_leaves":3,"minecraft:rose_bush":3,"candlelight:wild_tomatoes":1,"bloomingnature:foxglove_white":3,"minecraft:tall_grass":45,"minecraft:cobblestone":7,"biomesoplenty:sprout":26,"minecraft:deepslate_gold_ore":13,"minecraft:oak_planks":3,"farmersdelight:wild_beetroots":8,"minecraft:spruce_stairs":1,"minecraft:birch_planks":5,"farmersdelight:sandy_shrub":2,"biomesoplenty:yellow_autumn_leaves":2,"minecraft:birch_log":53,"minecraft:sweet_berry_bush":15,"minecraft:wheat":120,"minecraft:lilac":5,"minecraft:white_carpet":2,"minecraft:spruce_log":8,"biomesoplenty:fir_log":47,"minecraft:yellow_bed":5,"minecraft:oak_log":5,"minecraft:grass":137,"butchersdelight:hook":4,"minecraft:coal_ore":44,"bloomingnature:beach_grass":1,"minecraft:beetroots":1,"bloomingnature:tall_lupine_purple":1,"minecraft:sunflower":3,"minecraft:sand":149,"minecraft:dirt":7,"minecraft:cobweb":3,"biomesoplenty:fir_sapling":2,"vinery:apple_leaves":3,"minecraft:deepslate":19,"bloomingnature:beach_bush_tall":1,"minecraft:fern":17},"minecraft:crafted":{"minecraft:oak_door":3,"minecraft:oak_planks":16,"minecraft:iron_nugget":18,"minecraft:furnace":3,"minecraft:cooked_mutton":28,"minecraft:glass":20,"travelersbackpack:white_sleeping_bag":1,"minecraft:iron_boots":1,"minecraft:iron_axe":2,"minecraft:stone_pickaxe":1,"minecraft:chest":8,"travelersbackpack:fox":1,"minecraft:smoker":1,"minecraft:cooked_beef":20,"biomesoplenty:fir_boat":1,"minecraft:cooked_porkchop":8,"butchersdelight:hook":3,"minecraft:crafting_table":4,"minecraft:spruce_planks":32,"travelersbackpack:backpack_tank":2,"minecraft:wooden_pickaxe":1,"travelersbackpack:standard":1,"minecraft:iron_sword":1,"minecraft:birch_planks":176,"butchersdelight:cleaver":1,"minecraft:stone_axe":1,"minecraft:bread":34,"minecraft:air":0,"biomesoplenty:fir_planks":66,"minecraft:paper":3,"minecraft:iron_chestplate":1,"minecraft:shield":1,"minecraft:stick":24,"minecraft:iron_ingot":23,"minecraft:iron_pickaxe":1,"minecraft:stone_sword":1,"minecraft:iron_shovel":1,"minecraft:iron_leggings":1,"minecraft:gold_ingot":13,"minecraft:shears":1},"minecraft:killed_by":{"minecraft:player":1,"minecraft:iron_golem":1,"alexsmobs:cachalot_whale":1,"minecraft:skeleton":2},"minecraft:dropped":{"biomesoplenty:fir_log":1,"minecraft:moss_block":2,"minecraft:wheat_seeds":93,"bloomingnature:beach_bush_tall":1,"minecraft:granite":14,"minecraft:spruce_stairs":1,"minecraft:golden_apple":4,"minecraft:stick":2,"minecraft:dirt":6,"minecraft:large_fern":1,"bloomingnature:tall_lupine_purple":2,"gravestone:obituary":3,"minecraft:heart_of_the_sea":1,"minecraft:sand":1,"minecraft:iron_axe":2,"minecraft:iron_nugget":6,"butchersdelight:cleaver":1,"minecraft:wheat":2,"minecraft:beetroot":2,"minecraft:rotten_flesh":4,"minecraft:yellow_candle":6,"minecraft:poppy":4,"biomesoplenty:fir_planks":11,"bloomingnature:tall_lupine_blue":1,"bloomingnature:lupine_blue":1,"minecraft:spruce_log":10,"minecraft:arrow":3,"minecraft:stone_pickaxe":2,"farmersdelight:ham":1,"bloomingnature:bluebell":1},"minecraft:custom":{"minecraft:mob_kills":43,"minecraft:interact_with_crafting_table":64,"minecraft:open_barrel":2,"minecraft:leave_game":8,"minecraft:time_since_death":212678,"minecraft:climb_one_cm":4559,"minecraft:sprint_one_cm":967476,"minecraft:walk_one_cm":1309476,"minecraft:damage_blocked_by_shield":135,"minecraft:drop":148,"minecraft:talked_to_villager":2,"minecraft:play_time":332668,"minecraft:sneak_time":2360,"minecraft:deaths":5,"minecraft:walk_under_water_one_cm":39069,"minecraft:boat_one_cm":247844,"minecraft:jump":6568,"minecraft:interact_with_brewingstand":2,"minecraft:interact_with_blast_furnace":1,"minecraft:walk_on_water_one_cm":130308,"minecraft:total_world_time":332668,"minecraft:interact_with_furnace":34,"minecraft:sleep_in_bed":11,"minecraft:time_since_rest":16176,"minecraft:damage_taken":4354,"minecraft:damage_dealt":12178,"minecraft:swim_one_cm":200831,"minecraft:fly_one_cm":2448037,"minecraft:open_chest":86,"minecraft:crouch_one_cm":11888,"minecraft:interact_with_smoker":3,"minecraft:fall_one_cm":153901},"minecraft:killed":{"alexsmobs:raccoon":1,"minecraft:cod":4,"minecraft:skeleton":4,"minecraft:horse":10,"alexsmobs:orca":1,"alexsmobs:banana_slug":1,"alexsmobs:centipede_head":1,"minecraft:illusioner":1,"minecraft:iron_golem":4,"minecraft:wandering_trader":1,"minecraft:sheep":5,"minecraft:zombie":9,"minecraft:donkey":1},"minecraft:broken":{"minecraft:stone_sword":1,"minecraft:wooden_pickaxe":1,"minecraft:stone_axe":1,"minecraft:wooden_axe":1},"minecraft:picked_up":{"minecraft:crafting_table":4,"minecraft:wheat":104,"minecraft:chicken":1,"vinery:red_grape_seeds":3,"minecraft:enchanted_book":1,"gravestone:obituary":2,"minecraft:yellow_candle":6,"epicfight:iron_tachi":1,"bloomingnature:beach_grass":1,"minecraft:string":3,"bloomingnature:beach_bush":3,"minecraft:iron_axe":1,"biomesoplenty:yellow_autumn_sapling":17,"minecraft:beetroot":2,"beachparty:seashell":19,"butchersdelight:cleaver":1,"butchersdelight:dead_cow":5,"minecraft:cobbled_deepslate":17,"minecraft:spruce_planks":10,"minecraft:beef":20,"bloomingnature:beach_bush_tall":2,"minecraft:rose_bush":3,"minecraft:iron_nugget":3,"minecraft:poppy":8,"minecraft:light_gray_wool":1,"minecraft:spruce_slab":2,"minecraft:sugar_cane":6,"bloomingnature:fan_palm_sprout":1,"minecraft:furnace":1,"minecraft:egg":2,"minecraft:stick":23,"minecraft:raw_iron":26,"minecraft:oak_door":1,"bloomingnature:flower_box":2,"minecraft:oak_fence":1,"minecraft:spruce_stairs":1,"epicfight:skillbook":2,"minecraft:porkchop":8,"minecraft:carrot":79,"meadow:inky_wool":4,"minecraft:dark_oak_planks":3,"farmersdelight:fried_egg":1,"minecraft:arrow":6,"butchersdelight:deadsheep":7,"minecraft:rotten_flesh":8,"minecraft:beetroot_seeds":11,"minecraft:mutton":28,"minecraft:iron_bars":1,"minecraft:cod":4,"minecraft:snowball":16,"minecraft:white_wool":3,"minecraft:cobblestone":75,"minecraft:birch_log":48,"minecraft:lilac":3,"farmersdelight:rice":2,"minecraft:brown_wool":1,"minecraft:leather":16,"bloomingnature:tall_lupine_purple":2,"minecraft:birch_planks":5,"minecraft:potato":11,"biomesoplenty:fir_sapling":2,"biomesoplenty:fir_log":46,"bloomingnature:genisteae":1,"butchersdelight:deadpig":2,"bloomingnature:lupine_blue":1,"minecraft:oak_log":5,"minecraft:yellow_bed":5,"butchersdelight:goat_fur":2,"minecraft:lapis_lazuli":26,"minecraft:dirt":26,"brewery:hops_seeds":12,"biomesoplenty:snowblossom_sapling":1,"minecraft:bone":17,"bloomingnature:bluebell":1,"bloomingnature:foxglove_white":5,"minecraft:apple":12,"minecraft:wheat_seeds":292,"biomesoplenty:fir_boat":2,"minecraft:raw_gold":13,"minecraft:iron_ingot":21,"minecraft:stone_pickaxe":1,"meadow:patched_wool":5,"candlelight:tomato":1,"bloomingnature:chestnut_sapling":1,"bloomingnature:freesia_pink":3,"minecraft:oak_planks":3,"biomesoplenty:toadstool":2,"bakery:strawberry":7,"minecraft:pumpkin":2,"minecraft:sweet_berries":38,"bloomingnature:tall_lupine_blue":2,"butchersdelight:skullcow":5,"butchersdelight:cow_hide":5,"minecraft:sand":61,"minecraft:spruce_sapling":5,"minecraft:spruce_log":9,"farmersdelight:ham":2,"butchersdelight:sheephide":5,"minecraft:pumpkin_seeds":3,"minecraft:diamond":11,"knightquest:small_essence":12,"minecraft:granite":14,"minecraft:bone_meal":2,"minecraft:golden_apple":4,"minecraft:gray_wool":1,"butchersdelight:deadllama":2,"butchersdelight:hook":4,"minecraft:black_wool":1,"minecraft:coal":48,"minecraft:sunflower":3,"minecraft:wooden_axe":1}},"DataVersion":3465}