{"stats":{"minecraft:mined":{"alexsmobs:leafcutter_anthill":1,"minecraft:jungle_leaves":1,"minecraft:granite":3,"minecraft:grass_block":365,"vinery:savanna_grape_bush_red":2,"bloomingnature:freesia_pink":2,"bloomingnature:genisteae":1,"biomesoplenty:cattail":1,"minecraft:oxeye_daisy":1,"minecraft:spawner":4,"beachparty:seashell_block":1,"minecraft:magma_block":5,"minecraft:raw_iron_block":3,"minecraft:iron_ore":65,"minecraft:cobbled_deepslate":4,"minecraft:fire":3,"biomesoplenty:rainbow_birch_sapling":4,"bakery:strawberry_cake":1,"minecraft:deepslate_lapis_ore":2,"alexsmobs:crocodile_egg":1,"minecraft:green_carpet":1,"farmersdelight:wild_potatoes":9,"minecraft:deepslate_redstone_ore":16,"biomesoplenty:wildflower":1,"minecraft:torch":1,"vinery:red_grape_bush":2,"minecraft:poppy":1,"minecraft:chest":2,"minecraft:cobblestone":9,"minecraft:oak_planks":22,"minecraft:wall_torch":1,"minecraft:seagrass":1,"minecraft:mud":1,"minecraft:birch_log":36,"bloomingnature:begonie":1,"herbalbrews:wild_rooibos_plant":2,"biomesoplenty:waterlily":2,"minecraft:grass":618,"minecraft:oak_log":106,"minecraft:sand":4,"minecraft:dirt":69,"minecraft:smooth_basalt":1,"minecraft:netherrack":91,"minecraft:oak_leaves":3,"minecraft:deepslate":36,"bloomingnature:beach_bush_tall":1,"minecraft:tuff":14,"biomesoplenty:watergrass":1,"bloomingnature:termite_mound":5,"minecraft:deepslate_diamond_ore":17,"gravestone:gravestone":27,"minecraft:dark_oak_fence":2,"minecraft:chiseled_bookshelf":1,"biomesoplenty:bush":1,"bloomingnature:laterit":1,"alexsmobs:leafcutter_ant_chamber":3,"minecraft:spruce_leaves":3,"minecraft:rooted_dirt":57,"minecraft:hay_block":31,"minecraft:spruce_sapling":2,"minecraft:furnace":3,"candlelight:wild_lettuce":2,"minecraft:gold_block":3,"minecraft:deepslate_iron_ore":114,"minecraft:rail":1,"bloomingnature:bluebell":30,"minecraft:stone":93,"minecraft:podzol":52,"minecraft:smithing_table":1,"bloomingnature:swamp_oak_planks":1,"minecraft:lily_of_the_valley":4,"minecraft:crafting_table":4,"bakery:wild_strawberries":1,"candlelight:wild_tomatoes":6,"bloomingnature:foxglove_white":1,"minecraft:tall_grass":211,"minecraft:deepslate_gold_ore":16,"minecraft:coarse_dirt":1,"bloomingnature:swamp_oak_log":58,"butchersdelight:deadcowblock":2,"minecraft:spruce_log":193,"minecraft:yellow_bed":5,"bloomingnature:fan_palm_log":1,"minecraft:coal_ore":35,"vinery:jungle_grape_bush_white":2,"minecraft:cobweb":50,"minecraft:cracked_stone_bricks":3,"minecraft:stone_bricks":3,"minecraft:fern":25},"minecraft:dropped":{"minecraft:red_wool":1,"simplyswords:diamond_claymore":1,"minecraft:dirt":14,"minecraft:dark_oak_fence":1,"gravestone:obituary":35,"minecraft:iron_pickaxe":1,"biomesoplenty:rainbow_birch_sapling":16,"minecraft:rotten_flesh":5,"minecraft:oak_planks":2,"minecraft:diamond_shovel":1,"travelersbackpack:iron":1,"beachparty:rubber_ring_axolotl":2,"minecraft:poppy":3,"alexsmobs:elastic_tendon":1,"minecraft:netherrack":78,"minecraft:wheat_seeds":2,"bakery:strawberry_cake":1,"minecraft:cobblestone":6,"minecraft:feather":1,"biomesoplenty:cattail":1,"minecraft:granite":4,"alexsmobs:leafcutter_ant_chamber":3,"minecraft:iron_axe":1,"minecraft:coarse_dirt":1,"minecraft:stone_sword":2,"some_assembly_required:sandwich":1,"minecraft:diamond_pickaxe":1,"minecraft:oak_sapling":16,"minecraft:wooden_pickaxe":1},"minecraft:picked_up":{"minecraft:wooden_axe":1,"minecraft:iron_chestplate":1,"beachparty:rubber_ring_axolotl":2,"aquaculture:synodontis":4,"minecraft:smithing_table":1,"vinery:red_grape_seeds":5,"bloomingnature:fan_palm_log":2,"vinery:savanna_grape_seeds_red":6,"biomesoplenty:rainbow_birch_sapling":44,"minecraft:string":56,"beachparty:coconut_open":1,"minecraft:gold_nugget":56,"minecraft:cobbled_deepslate":41,"herbalbrews:rooibos_leaf":1,"minecraft:iron_pickaxe":1,"minecraft:furnace":3,"alexsmobs:leafcutter_ant_chamber":3,"vinery:jungle_grape_seeds_white":5,"minecraft:stick":38,"minecraft:torch":3,"epicfight:skillbook":2,"travelersbackpack:iron":7,"minecraft:stone_sword":2,"minecraft:rotten_flesh":21,"alexsdelight:raw_bison":5,"minecraft:cobblestone":102,"minecraft:birch_log":36,"candlelight:lettuce":2,"minecraft:magma_block":4,"bakery:strawberry_cake":4,"minecraft:feather":1,"minecraft:cooked_beef":2,"minecraft:potato":24,"minecraft:tuff":11,"minecraft:lapis_lazuli":14,"minecraft:dirt":525,"knightquest:lizzy_scale":2,"minecraft:bone":9,"bloomingnature:bluebell":42,"minecraft:bow":1,"minecraft:wheat_seeds":100,"minecraft:raw_gold":16,"bloomingnature:freesia_pink":2,"minecraft:oak_planks":47,"aquaculture:gar":1,"butchersdelight:cow_hide":5,"alexsmobs:crocodile_egg":1,"butchersdelight:skullcow":5,"minecraft:sand":4,"minecraft:lily_of_the_valley":4,"minecraft:diamond":18,"bloomingnature:swamp_oak_log":54,"knightquest:small_essence":27,"minecraft:granite":5,"minecraft:bone_meal":7,"minecraft:bread":106,"minecraft:rooted_dirt":57,"minecraft:oak_sapling":20,"butchersdelight:hook":3,"minecraft:netherrack":80,"minecraft:dark_oak_fence":1,"minecraft:crafting_table":4,"minecraft:coarse_dirt":1,"minecraft:wooden_pickaxe":1,"minecraft:gold_block":3,"gravestone:obituary":29,"minecraft:cornflower":4,"minecraft:flint_and_steel":1,"minecraft:iron_axe":1,"bloomingnature:begonie":1,"butchersdelight:dead_cow":7,"minecraft:cracked_stone_bricks":3,"vinery:apple_tree_sapling":2,"minecraft:beef":20,"minecraft:oak_boat":1,"alexsmobs:elastic_tendon":1,"minecraft:poppy":3,"minecraft:sugar_cane":1,"minecraft:chest":2,"minecraft:egg":2,"minecraft:raw_iron":180,"minecraft:sandstone":1,"minecraft:carrot":1,"minecraft:redstone":49,"minecraft:arrow":5,"biomesoplenty:cattail":2,"minecraft:hay_block":31,"aquaculture:carp":4,"minecraft:white_wool":3,"minecraft:rail":23,"minecraft:oxeye_daisy":1,"bloomingnature:laterit":1,"bloomingnature:swamp_oak_planks":1,"bloomingnature:genisteae":3,"minecraft:oak_log":77,"minecraft:yellow_bed":5,"bloomingnature:foxglove_white":1,"bloomingnature:swamp_oak_sapling":18,"minecraft:apple":10,"minecraft:stone_bricks":3,"minecraft:iron_ingot":18,"candlelight:tomato":5,"aquaculture:minnow":1,"minecraft:book":4,"biomesoplenty:waterlily":2,"minecraft:red_wool":1,"minecraft:raw_iron_block":3,"minecraft:gravel":1,"minecraft:spruce_sapling":31,"minecraft:spruce_log":187,"minecraft:green_carpet":1,"biomesoplenty:flowering_oak_sapling":2,"fantasyfurniture:decorations/tankards_empty":1,"minecraft:melon_seeds":1,"minecraft:coal":69},"minecraft:used":{"minecraft:chest":8,"minecraft:shield":14,"butchersdelight:hook":3,"minecraft:iron_sword":220,"minecraft:rotten_flesh":14,"minecraft:iron_chestplate":1,"minecraft:carrot":1,"travelersbackpack:iron":10,"minecraft:tuff":4,"beachparty:rubber_ring_axolotl":1,"minecraft:iron_helmet":1,"minecraft:stone_bricks":3,"minecraft:golden_sword":38,"minecraft:oak_sapling":4,"minecraft:furnace":5,"candlelight:tomato":5,"minecraft:egg":2,"bloomingnature:swamp_oak_planks":1,"minecraft:potato":2,"epicfight:skillbook":4,"minecraft:diamond_boots":1,"minecraft:stone_pickaxe":119,"minecraft:oak_planks":39,"bakery:strawberry_cake":4,"minecraft:wooden_pickaxe":12,"minecraft:sandstone":1,"minecraft:diamond_axe":276,"minecraft:golden_apple":1,"biomesoplenty:rainbow_birch_sapling":7,"minecraft:glow_berries":6,"minecraft:sand":4,"some_assembly_required:sandwich":2,"bloomingnature:swamp_oak_sapling":18,"minecraft:bread":79,"minecraft:cat_spawn_egg":2,"minecraft:smithing_table":2,"minecraft:oak_boat":1,"minecraft:bone_meal":32,"bloomingnature:genisteae":1,"minecraft:stone_sword":90,"minecraft:flint_and_steel":5,"fantasyfurniture:decorations/tankards_empty":1,"tacz:gun_smith_table":1,"minecraft:netherrack":2,"minecraft:torch":63,"minecraft:dirt":126,"minecraft:diamond_helmet":1,"minecraft:granite":1,"minecraft:iron_hoe":43,"butchersdelight:cleaver":6,"beachparty:coconut_open":1,"minecraft:iron_axe":220,"minecraft:rooted_dirt":2,"minecraft:iron_boots":1,"minecraft:diamond_chestplate":1,"bakery:strawberry_cupcake":1,"minecraft:cooked_beef":2,"minecraft:cobbled_deepslate":41,"minecraft:iron_leggings":1,"minecraft:wheat_seeds":89,"minecraft:water_bucket":31,"minecraft:sheep_spawn_egg":3,"minecraft:cracked_stone_bricks":3,"minecraft:crafting_table":8,"bloomingnature:laterit":1,"plushies:axolotl_plushie":1,"minecraft:oak_log":13,"minecraft:diamond_pickaxe":5,"minecraft:diamond_shovel":652,"minecraft:iron_pickaxe":434,"alexsmobs:crocodile_egg":1,"minecraft:spruce_sapling":20,"minecraft:stone_axe":92,"minecraft:green_carpet":1,"minecraft:cobblestone":68,"minecraft:bucket":32,"minecraft:yellow_bed":5,"minecraft:diamond_leggings":1,"vinery:red_grape_seeds":1},"minecraft:crafted":{"minecraft:oak_planks":200,"minecraft:diamond_shovel":2,"minecraft:diamond_helmet":1,"minecraft:diamond_leggings":1,"minecraft:iron_boots":1,"minecraft:chest":6,"minecraft:diamond_axe":1,"minecraft:crafting_table":4,"minecraft:spruce_planks":432,"minecraft:iron_helmet":1,"bloomingnature:swamp_oak_planks":216,"bloomingnature:fan_palm_planks":8,"butchersdelight:cleaver":1,"minecraft:iron_chestplate":1,"minecraft:diamond_pickaxe":1,"minecraft:shield":1,"minecraft:stick":28,"minecraft:iron_ingot":113,"minecraft:iron_pickaxe":2,"minecraft:iron_block":1,"minecraft:stone_sword":1,"minecraft:shears":1,"minecraft:raw_iron":27,"minecraft:iron_nugget":36,"minecraft:furnace":2,"minecraft:bone_meal":27,"minecraft:iron_axe":1,"minecraft:iron_hoe":1,"minecraft:stone_pickaxe":1,"minecraft:diamond_boots":1,"minecraft:wheat":279,"minecraft:diamond_sword":1,"butchersdelight:hook":3,"minecraft:iron_sword":2,"tacz:gun_smith_table":1,"minecraft:bucket":1,"minecraft:stone_axe":1,"minecraft:bread":93,"minecraft:air":0,"minecraft:oak_boat":2,"minecraft:iron_leggings":1,"minecraft:torch":36,"simplyswords:diamond_claymore":1,"minecraft:diamond_chestplate":1},"minecraft:custom":{"minecraft:interact_with_crafting_table":49,"minecraft:leave_game":9,"minecraft:time_since_death":915,"minecraft:sprint_one_cm":1626084,"minecraft:damage_blocked_by_shield":635,"minecraft:drop":103,"minecraft:talked_to_villager":6,"minecraft:play_time":397823,"minecraft:deaths":27,"minecraft:jump":8584,"minecraft:walk_on_water_one_cm":104544,"minecraft:interact_with_furnace":30,"minecraft:sleep_in_bed":18,"minecraft:damage_dealt":13644,"minecraft:crouch_one_cm":1431,"minecraft:interact_with_smithing_table":9,"minecraft:mob_kills":71,"minecraft:climb_one_cm":8038,"minecraft:walk_one_cm":1785243,"minecraft:sneak_time":1042,"minecraft:walk_under_water_one_cm":70678,"minecraft:boat_one_cm":21451,"minecraft:total_world_time":397823,"minecraft:time_since_rest":959,"minecraft:damage_taken":9539,"minecraft:swim_one_cm":81565,"minecraft:fly_one_cm":3137156,"minecraft:open_chest":102,"minecraft:fall_one_cm":186484},"minecraft:broken":{"minecraft:iron_boots":1,"minecraft:iron_chestplate":1,"minecraft:iron_leggings":1,"minecraft:golden_sword":1,"minecraft:stone_axe":1,"minecraft:stone_sword":1,"minecraft:iron_axe":1,"minecraft:iron_pickaxe":1,"minecraft:iron_helmet":1},"minecraft:killed":{"minecraft:cave_spider":3,"bloomingnature:bison":1,"alexsmobs:anaconda":1,"minecraft:spider":2,"alexsmobs:murmur":1,"aquaculture:gar":1,"naturalist:snail":1,"minecraft:skeleton":5,"alexsmobs:leafcutter_ant":8,"aquaculture:carp":4,"bloomingnature:termite":2,"naturalist:firefly":1,"minecraft:iron_golem":4,"minecraft:sheep":3,"minecraft:pillager":2,"aquaculture:minnow":1,"minecraft:zombie":17,"bloomingnature:deer":1,"minecraft:horse":2,"alexsmobs:bison":1,"hamsters:hamster":1,"aquaculture:synodontis":6,"minecraft:villager":1,"minecraft:enderman":1},"minecraft:killed_by":{"alexsmobs:crocodile":15,"minecraft:zombie":2,"minecraft:player":1,"minecraft:iron_golem":1,"alexsmobs:bison":1,"alexsmobs:centipede_head":1,"minecraft:skeleton":2,"alexsmobs:tarantula_hawk":1}},"DataVersion":3465}