{"stats":{"minecraft:broken":{"minecraft:stone_sword":1,"minecraft:stone_axe":1,"minecraft:iron_pickaxe":1},"minecraft:crafted":{"minecraft:oak_planks":36,"minecraft:raw_iron":27,"minecraft:iron_nugget":18,"minecraft:furnace":2,"minecraft:iron_boots":1,"minecraft:iron_axe":1,"minecraft:iron_hoe":1,"minecraft:stone_pickaxe":1,"minecraft:chest":2,"minecraft:wheat":279,"butchersdelight:hook":3,"minecraft:crafting_table":4,"minecraft:iron_helmet":1,"minecraft:iron_sword":2,"minecraft:bucket":1,"bloomingnature:fan_palm_planks":8,"minecraft:stone_axe":1,"minecraft:bread":93,"minecraft:air":0,"minecraft:iron_chestplate":1,"minecraft:shield":1,"minecraft:stick":28,"minecraft:iron_ingot":113,"minecraft:iron_pickaxe":2,"minecraft:stone_sword":1,"minecraft:iron_leggings":1,"minecraft:torch":36},"minecraft:used":{"bloomingnature:genisteae":1,"minecraft:stone_sword":90,"minecraft:chest":2,"minecraft:shield":14,"minecraft:iron_sword":170,"minecraft:rotten_flesh":14,"minecraft:iron_chestplate":1,"minecraft:torch":63,"minecraft:dirt":3,"minecraft:carrot":1,"minecraft:tuff":4,"minecraft:granite":1,"minecraft:iron_hoe":37,"beachparty:coconut_open":1,"beachparty:rubber_ring_axolotl":1,"minecraft:iron_axe":34,"minecraft:iron_helmet":1,"minecraft:iron_boots":1,"minecraft:furnace":4,"candlelight:tomato":5,"minecraft:potato":2,"minecraft:cobbled_deepslate":41,"minecraft:iron_leggings":1,"epicfight:skillbook":4,"minecraft:water_bucket":31,"minecraft:stone_pickaxe":119,"minecraft:oak_planks":9,"minecraft:wooden_pickaxe":12,"minecraft:sandstone":1,"minecraft:golden_apple":1,"minecraft:glow_berries":6,"minecraft:sand":4,"minecraft:crafting_table":6,"minecraft:bread":22,"minecraft:iron_pickaxe":273,"minecraft:stone_axe":92,"minecraft:green_carpet":1,"minecraft:cobblestone":46,"minecraft:bucket":32,"minecraft:yellow_bed":1,"vinery:red_grape_seeds":1},"minecraft:killed":{"minecraft:cave_spider":3,"minecraft:spider":2,"alexsmobs:murmur":1,"aquaculture:gar":1,"minecraft:skeleton":4,"alexsmobs:bison":1,"aquaculture:carp":4,"bloomingnature:termite":2,"naturalist:firefly":1,"minecraft:iron_golem":3,"hamsters:hamster":1,"aquaculture:minnow":1,"minecraft:zombie":15,"aquaculture:synodontis":6,"minecraft:enderman":1},"minecraft:custom":{"minecraft:mob_kills":46,"minecraft:interact_with_crafting_table":24,"minecraft:leave_game":3,"minecraft:time_since_death":18582,"minecraft:climb_one_cm":2530,"minecraft:sprint_one_cm":646578,"minecraft:walk_one_cm":791776,"minecraft:damage_blocked_by_shield":635,"minecraft:drop":13,"minecraft:play_time":173647,"minecraft:deaths":8,"minecraft:sneak_time":688,"minecraft:walk_under_water_one_cm":38414,"minecraft:jump":3575,"minecraft:walk_on_water_one_cm":48559,"minecraft:total_world_time":173647,"minecraft:interact_with_furnace":27,"minecraft:sleep_in_bed":2,"minecraft:time_since_rest":11084,"minecraft:damage_taken":3229,"minecraft:damage_dealt":8992,"minecraft:swim_one_cm":24734,"minecraft:fly_one_cm":1202116,"minecraft:open_chest":10,"minecraft:crouch_one_cm":895,"minecraft:fall_one_cm":72273},"minecraft:mined":{"minecraft:tuff":14,"bloomingnature:termite_mound":3,"minecraft:deepslate_diamond_ore":17,"gravestone:gravestone":8,"minecraft:granite":3,"minecraft:grass_block":4,"bloomingnature:genisteae":1,"minecraft:oxeye_daisy":1,"minecraft:spawner":4,"minecraft:hay_block":31,"minecraft:raw_iron_block":3,"minecraft:furnace":2,"minecraft:iron_ore":37,"minecraft:cobbled_deepslate":4,"minecraft:deepslate_lapis_ore":2,"minecraft:deepslate_iron_ore":114,"minecraft:rail":1,"minecraft:green_carpet":1,"minecraft:stone":82,"minecraft:deepslate_redstone_ore":16,"minecraft:crafting_table":2,"minecraft:torch":1,"vinery:red_grape_bush":2,"candlelight:wild_tomatoes":5,"minecraft:tall_grass":22,"minecraft:cobblestone":5,"minecraft:deepslate_gold_ore":16,"minecraft:oak_planks":22,"minecraft:wall_torch":1,"minecraft:yellow_bed":1,"minecraft:grass":55,"bloomingnature:fan_palm_log":1,"minecraft:oak_log":54,"minecraft:coal_ore":35,"minecraft:sand":4,"minecraft:dirt":2,"minecraft:cobweb":50,"minecraft:smooth_basalt":1,"minecraft:oak_leaves":3,"bloomingnature:beach_bush_tall":1,"minecraft:deepslate":36},"minecraft:killed_by":{"minecraft:iron_golem":1,"alexsmobs:bison":1,"alexsmobs:centipede_head":1,"minecraft:skeleton":1,"minecraft:zombie":2},"minecraft:picked_up":{"minecraft:wooden_axe":1,"minecraft:crafting_table":2,"aquaculture:synodontis":4,"beachparty:rubber_ring_axolotl":1,"minecraft:wooden_pickaxe":1,"vinery:red_grape_seeds":5,"gravestone:obituary":1,"bloomingnature:fan_palm_log":2,"minecraft:string":56,"butchersdelight:dead_cow":4,"beachparty:coconut_open":1,"minecraft:cobbled_deepslate":41,"vinery:apple_tree_sapling":2,"alexsmobs:elastic_tendon":1,"minecraft:poppy":1,"minecraft:iron_pickaxe":1,"minecraft:sugar_cane":1,"minecraft:furnace":2,"minecraft:stick":1,"minecraft:raw_iron":152,"minecraft:sandstone":1,"minecraft:torch":3,"epicfight:skillbook":2,"minecraft:carrot":1,"minecraft:redstone":49,"minecraft:stone_sword":2,"minecraft:arrow":3,"minecraft:rotten_flesh":16,"minecraft:hay_block":31,"alexsdelight:raw_bison":5,"aquaculture:carp":4,"minecraft:rail":23,"minecraft:cobblestone":84,"minecraft:oxeye_daisy":1,"bloomingnature:genisteae":1,"minecraft:tuff":11,"minecraft:oak_log":32,"minecraft:yellow_bed":1,"minecraft:lapis_lazuli":14,"minecraft:dirt":3,"minecraft:bone":3,"minecraft:bow":1,"minecraft:wheat_seeds":13,"minecraft:raw_gold":16,"minecraft:iron_ingot":13,"candlelight:tomato":5,"aquaculture:minnow":1,"minecraft:oak_planks":47,"aquaculture:gar":1,"minecraft:red_wool":1,"minecraft:raw_iron_block":3,"minecraft:gravel":1,"minecraft:sand":4,"minecraft:green_carpet":1,"minecraft:diamond":18,"minecraft:granite":5,"knightquest:small_essence":21,"minecraft:bread":6,"minecraft:oak_sapling":4,"minecraft:coal":56,"minecraft:melon_seeds":1},"minecraft:dropped":{"minecraft:wheat_seeds":1,"minecraft:granite":4,"minecraft:red_wool":1,"gravestone:obituary":3,"minecraft:iron_pickaxe":1,"minecraft:stone_sword":2,"minecraft:oak_planks":2,"beachparty:rubber_ring_axolotl":1,"alexsmobs:elastic_tendon":1}},"DataVersion":3465}