{"stats":{"minecraft:used":{"minecraft:spruce_slab":57,"vinery:calendar":2,"bakery:strawberry_jam":3,"vinery:dark_oak_wine_rack_big":5,"minecraft:chest":16,"minecraft:stone":24,"minecraft:rotten_flesh":14,"vinery:mead":10,"meadow:cheese_rack":2,"farmersdelight:steak_and_potatoes":16,"vinery:glowing_wine":6,"bakery:cupcake_display":9,"cfm:stripped_birch_mail_box":1,"beachparty:rubber_ring_axolotl":1,"minecraft:grass_block":1,"minecraft:birch_sapling":74,"days_in_the_middle_ages:barrel":5,"vinery:straw_hat":1,"vinery:wine_box":2,"minecraft:furnace":6,"minecraft:oak_sapling":4,"cfm:stripped_spruce_kitchen_sink_light":1,"candlelight:tomato":5,"bakery:crafting_bowl":3,"minecraft:egg":2,"minecraft:potato":2,"minecraft:diorite":3,"minecraft:stripped_birch_log":640,"cfm:spruce_cabinet":6,"bakery:strawberry_cake":4,"minecraft:wooden_pickaxe":12,"biomesoplenty:flowering_oak_sapling":6,"minecraft:oak_leaves":104,"minecraft:golden_apple":1,"biomesoplenty:rainbow_birch_sapling":12,"minecraft:glow_berries":6,"minecraft:dark_oak_trapdoor":15,"minecraft:sand":4,"bakery:street_sign":5,"mcwdoors:mangrove_nether_door":1,"minecraft:birch_fence":11,"cfm:oak_kitchen_sink_dark":2,"fantasyfurniture:decorations/muffins_chocolate":3,"cfm:stripped_spruce_kitchen_counter":19,"minecraft:cat_spawn_egg":2,"bakery:toast":1,"cfm:stripped_oak_crate":2,"minecraft:smithing_table":3,"minecraft:birch_log":645,"minecraft:oak_boat":1,"candlelight:spruce_big_table":1,"hamsters:hamster_wheel":1,"minecraft:oak_trapdoor":6,"ironchest:wood_to_iron_chest_upgrade":3,"minecraft:stone_sword":90,"herbalbrews:rooibos_tea":1,"minecraft:armor_stand":1,"mcwlights:spruce_ceiling_fan_light":1,"fantasyfurniture:decorations/tankards_empty":2,"candlelight:side_table":2,"moa_decor_electronics:c_nintendo_switch":1,"moa_decor_electronics:tva_roble_osc_pollo":1,"vinery:aegis_wine":4,"bakery:breadbox":6,"minecraft:netherrack":2,"minecraft:torch":64,"moa_decor_electronics:rejilla_ventilacion":3,"butchersdelight:cleaver":6,"minecraft:rooted_dirt":58,"ribbits:umbrella_leaf":1,"minecraft:iron_axe":220,"meadow:wooden_flower_pot_big":6,"brewery:beer_barley":3,"minecraft:jungle_log":2,"mcwfences:dark_oak_hedge":10,"farmersdelight:cabbage_crate":3,"minecraft:barrel":1,"minecraft:diamond_chestplate":2,"minecraft:glowstone":5,"bakery:strawberry_cupcake":1,"cfm:fridge_light":1,"farmersdelight:cooking_pot":2,"ribbits:swamp_daisy":1,"minecraft:cobbled_deepslate":41,"bakery:wild_strawberries":2,"farmersdelight:potato_crate":2,"minecraft:crimson_stem":1,"minecraft:wheat_seeds":89,"minecraft:water_bucket":35,"vinery:cristel_wine":2,"cfm:stripped_oak_kitchen_counter":7,"minecraft:sheep_spawn_egg":3,"minecraft:cracked_stone_bricks":3,"cfm:spruce_chair":7,"minecraft:oak_slab":53,"minecraft:crafting_table":10,"plushies:axolotl_plushie":1,"minecraft:cod":3,"minecraft:spruce_log":13,"minecraft:oak_log":119,"minecraft:diamond_pickaxe":140,"minecraft:diamond_shovel":1146,"cfm:white_sofa":1,"minecraft:oak_button":14,"minecraft:iron_pickaxe":434,"alexsmobs:crocodile_egg":1,"minecraft:spruce_trapdoor":20,"cfm:mangrove_hedge":6,"minecraft:spruce_sapling":55,"bakery:strawberry_cake_slice":2,"minecraft:green_carpet":22,"cfm:stripped_oak_table":6,"minecraft:cobblestone":89,"vinery:dark_oak_wine_rack_mid":1,"herbalbrews:stove":3,"minecraft:glass_pane":169,"minecraft:diamond_leggings":2,"mcwdoors:mangrove_bamboo_door":2,"vinery:red_wine":2,"moa_decor_art:pianodecola":1,"bloomingnature:foxglove_white":1,"farmersdelight:stove":1,"minecraft:shield":14,"minecraft:iron_sword":231,"butchersdelight:hook":14,"minecraft:iron_chestplate":1,"vinery:jellie_wine":6,"mcwholidays:standing_broomstick":2,"plushies:cold_frog_plushie":2,"minecraft:carrot":1,"mcwlights:wall_lamp":3,"fantasyfurniture:decorations/dunmer_pottery_1":2,"travelersbackpack:iron":14,"minecraft:tuff":4,"mcwlights:dark_oak_ceiling_fan_light":1,"minecraft:obsidian":12,"vinery:dark_oak_wine_rack_small":2,"cfm:yellow_sofa":11,"minecraft:lantern":28,"moa_decor_electronics:tv":1,"moa_decor_electronics:tv_minecraft":3,"bakery:wall_display":8,"minecraft:iron_helmet":1,"herbalbrews:cauldron":1,"minecraft:stone_bricks":3,"minecraft:golden_sword":44,"farmersdelight:cutting_board":1,"fantasyfurniture:decorations/dunmer_pottery_0":2,"bloomingnature:swamp_oak_planks":19,"farmersdelight:full_tatami_mat":2,"minecraft:diamond_boots":2,"minecraft:stone_pickaxe":119,"minecraft:oak_planks":562,"minecraft:sandstone":1,"minecraft:sugar_cane":3,"minecraft:diamond_axe":3836,"meadow:wooden_flower_pot_small":8,"some_assembly_required:sandwich":23,"minecraft:stone_brick_wall":7,"spartanweaponry:diamond_saber":4,"minecraft:shears":318,"minecraft:lever":4,"minecraft:birch_fence_gate":3,"bloomingnature:swamp_oak_sapling":18,"mcwfences:oak_stockade_fence":5,"minecraft:bread":105,"vinery:bolvar_wine":1,"minecraft:gravel":4,"herbalbrews:jug":1,"minecraft:grindstone":1,"minecraft:bone_meal":32,"biomesoplenty:flowering_oak_leaves":18,"bloomingnature:genisteae":2,"minecraft:oak_fence":40,"fantasyfurniture:decorations/venthyr_tea_set":1,"minecraft:flint_and_steel":7,"fantasyfurniture:decorations/bowl_empty":4,"meadow:cooking_cauldron":3,"tacz:gun_smith_table":1,"minecraft:spruce_planks":227,"minecraft:ender_chest":1,"cfm:stripped_spruce_crate":2,"cfm:spruce_kitchen_counter":2,"cfm:stripped_spruce_table":8,"minecraft:cooked_chicken":1,"mcwfurnitures:stripped_oak_end_table":3,"bloomingnature:white_orchid":11,"minecraft:dirt":429,"cfm:jungle_coffee_table":5,"minecraft:white_carpet":17,"farmersdelight:carrot_crate":1,"minecraft:spruce_stairs":125,"candlelight:table_set":8,"minecraft:diamond_helmet":2,"minecraft:granite":8,"herbalbrews:tea_kettle":3,"minecraft:iron_hoe":43,"minecraft:dark_oak_planks":14,"days_in_the_middle_ages:hanging_sign":2,"cfm:black_sofa":3,"beachparty:coconut_open":1,"minecraft:oak_stairs":188,"minecraft:iron_boots":1,"minecraft:crimson_planks":8,"cfm:stripped_spruce_upgraded_fence":4,"bakery:cake_display":3,"minecraft:golden_carrot":12,"moa_decor_toys:caballocastano_h":4,"minecraft:cooked_beef":2,"minecraft:iron_leggings":1,"bakery:sweetberry_cake":1,"candlelight:cooking_pot":1,"herbalbrews:green_tea":1,"farmersdelight:skillet":3,"minecraft:stonecutter":1,"bakery:deepslate_stove":1,"minecraft:glow_item_frame":9,"cfm:oak_cabinet":4,"farmersdelight:onion":2,"candlelight:table_bowl":5,"bloomingnature:laterit":1,"bakery:strawberry":3,"plushies:red_fox_plushie":1,"minecraft:painting":2,"minecraft:apple":6,"candlelight:jungle_big_table":2,"epicsamurai:white_samurai_boots_light":1,"cfm:fridge_dark":1,"moa_decor_electronics:telefono_antiguo_verde":2,"vinery:noir_wine":5,"minecraft:stone_axe":92,"mcwwindows:oak_pane_window":2,"bakery:bun":1,"minecraft:fishing_rod":1,"minecraft:bucket":36,"minecraft:yellow_bed":5,"cfm:light_gray_sofa":3,"vinery:red_grape_seeds":1,"candlelight:tool_rack":2},"minecraft:killed":{"minecraft:cave_spider":3,"bloomingnature:bison":1,"alexsmobs:murmur":1,"minecraft:skeleton":11,"alexsmobs:leafcutter_ant":8,"minecraft:cat":1,"bloomingnature:termite":2,"naturalist:firefly":1,"minecraft:iron_golem":4,"minecraft:pillager":8,"minecraft:zombie":21,"bloomingnature:deer":1,"minecraft:horse":2,"hamsters:hamster":1,"epicsamurai:akaname":1,"alexsmobs:crocodile":1,"aquaculture:synodontis":6,"minecraft:enderman":1,"minecraft:zombified_piglin":3,"alexsmobs:anaconda":1,"minecraft:spider":5,"aquaculture:gar":1,"naturalist:snail":2,"alexsmobs:kangaroo":1,"aquaculture:carp":4,"alexsmobs:grizzly_bear":1,"minecraft:creeper":3,"alexsmobs:crimson_mosquito":2,"minecraft:sheep":3,"aquaculture:minnow":2,"alexsmobs:terrapin":1,"minecraft:ghast":1,"minecraft:blaze":17,"alexsmobs:bison":1,"crittersandcompanions:otter":2,"knightquest:lizzy":4,"minecraft:wither_skeleton":3,"minecraft:villager":1},"minecraft:killed_by":{"minecraft:zombie":2,"alexsmobs:bison":1,"alexsmobs:centipede_head":1,"alexsmobs:tarantula_hawk":1,"minecraft:wither_skeleton":1,"alexsmobs:crocodile":15,"minecraft:player":4,"minecraft:iron_golem":1,"minecraft:skeleton":2},"minecraft:custom":{"minecraft:interact_with_crafting_table":168,"minecraft:open_barrel":43,"minecraft:eat_cake_slice":3,"minecraft:leave_game":25,"minecraft:time_since_death":125409,"minecraft:damage_blocked_by_shield":635,"minecraft:play_time":1197742,"minecraft:deaths":34,"minecraft:jump":18988,"minecraft:enchant_item":1,"minecraft:interact_with_furnace":67,"minecraft:sleep_in_bed":50,"minecraft:damage_dealt":24279,"minecraft:interact_with_smoker":2,"minecraft:horse_one_cm":29,"minecraft:interact_with_smithing_table":17,"minecraft:interact_with_anvil":3,"minecraft:sneak_time":14590,"minecraft:total_world_time":1197742,"minecraft:interact_with_stonecutter":6,"minecraft:time_since_rest":100252,"minecraft:swim_one_cm":159922,"minecraft:fly_one_cm":5132600,"minecraft:open_chest":743,"minecraft:fall_one_cm":459908,"minecraft:sprint_one_cm":3229385,"minecraft:drop":175,"minecraft:talked_to_villager":11,"minecraft:walk_on_water_one_cm":202970,"minecraft:open_enderchest":3,"minecraft:crouch_one_cm":24062,"minecraft:mob_kills":133,"minecraft:climb_one_cm":17620,"minecraft:walk_one_cm":4375599,"minecraft:walk_under_water_one_cm":103580,"minecraft:boat_one_cm":21451,"minecraft:interact_with_grindstone":5,"minecraft:damage_taken":18272},"minecraft:broken":{"minecraft:shears":1,"minecraft:iron_boots":1,"minecraft:iron_chestplate":1,"minecraft:iron_leggings":1,"minecraft:golden_sword":1,"minecraft:stone_sword":1,"minecraft:iron_axe":1,"minecraft:iron_pickaxe":1,"minecraft:iron_helmet":1,"minecraft:stone_axe":1},"minecraft:picked_up":{"mcwdoors:mangrove_nether_door":1,"minecraft:seagrass":9,"minecraft:iron_chestplate":1,"minecraft:smithing_table":2,"minecraft:lead":1,"vinery:red_grape_seeds":11,"minecraft:oak_stairs":18,"bloomingnature:fan_palm_log":2,"vinery:savanna_grape_seeds_red":6,"minecraft:golden_sword":2,"biomesoplenty:rainbow_birch_sapling":66,"minecraft:string":61,"minecraft:dark_oak_trapdoor":2,"brewery:beer_barley":2,"minecraft:shroomlight":1,"minecraft:gold_nugget":56,"minecraft:cobbled_deepslate":41,"minecraft:spruce_planks":18,"epicsamurai:white_samurai_chestplate_light":1,"minecraft:mangrove_log":2,"fantasyfurniture:dunmer/chair":4,"moa_decor_electronics:c_nintendo_switch":1,"travelersbackpack:iron":8,"minecraft:stone_sword":2,"farmersdelight:onion":3,"minecraft:blue_dye":1,"vinery:clark_wine":2,"biomesoplenty:barley":98,"minecraft:blaze_rod":7,"minecraft:birch_log":761,"minecraft:magma_block":4,"minecraft:feather":3,"minecraft:cooked_beef":2,"biomesoplenty:flowering_oak_leaves":27,"minecraft:jungle_log":2,"bakery:street_sign":1,"candlelight:tool_rack":2,"minecraft:flint":1,"minecraft:lantern":1,"knightquest:lizzy_scale":6,"bloomingnature:white_orchid":19,"minecraft:glowstone_dust":26,"minecraft:moss_block":28,"bloomingnature:freesia_pink":2,"biomesoplenty:magic_sapling":4,"aquaculture:gar":1,"minecraft:warped_wart_block":2,"butchersdelight:skullcow":5,"alexsmobs:crocodile_egg":2,"minecraft:birch_fence_gate":2,"minecraft:stripped_spruce_log":11,"epicsamurai:white_samurai_leggings_light":1,"minecraft:dark_oak_log":158,"avalight:m4a1_cotton_candy":2,"herbalbrews:green_tea":1,"minecraft:granite":12,"knightquest:small_essence":45,"minecraft:spruce_button":13,"minecraft:bread":107,"minecraft:rooted_dirt":59,"minecraft:dark_oak_fence":2,"minecraft:diamond_pickaxe":1,"minecraft:crafting_table":4,"minecraft:coarse_dirt":1,"gravestone:obituary":30,"paraglider:heart_container":10,"minecraft:cornflower":4,"candlelight:lettuce_seeds":4,"minecraft:flint_and_steel":1,"tacz:ammo":120,"butchersdelight:dead_cow":7,"minecraft:cracked_stone_bricks":3,"vinery:mead":4,"minecraft:beef":20,"mcwholidays:bat_sleeping":2,"minecraft:poppy":3,"minecraft:spruce_slab":16,"minecraft:chest":2,"minecraft:birch_sapling":132,"minecraft:egg":3,"minecraft:sandstone":1,"minecraft:stone":62,"ironchest:wood_to_iron_chest_upgrade":3,"minecraft:white_dye":1,"cfm:spruce_cabinet":2,"minecraft:carrot":1,"minecraft:redstone":49,"cfm:stripped_birch_mail_box":2,"biomesoplenty:blue_hydrangea":1,"minecraft:diamond_chestplate":1,"mcwfences:dark_oak_hedge":1,"minecraft:shears":1,"minecraft:hay_block":31,"aquaculture:carp":4,"bakery:wild_strawberries":2,"minecraft:rail":23,"alexsmobs:kangaroo_meat":2,"minecraft:white_wool":4,"minecraft:oxeye_daisy":1,"minecraft:stripped_oak_log":22,"herbalbrews:wild_coffee_plant":1,"bloomingnature:laterit":1,"cfm:oak_cabinet":2,"minecraft:yellow_dye":1,"minecraft:fern":2,"epicsamurai:white_samurai_helmet_light":2,"minecraft:red_mushroom":2,"vinery:straw_hat":1,"meadow:wooden_flower_pot_small":7,"candlelight:cooking_pan":2,"minecraft:oak_log":822,"minecraft:lily_pad":2,"avalight:regular_rifle_magazine":80,"minecraft:white_banner":7,"vinery:wine_bottle":1,"minecraft:apple":20,"minecraft:stone_bricks":3,"biomesoplenty:magic_log":15,"candlelight:tomato":5,"epicsamurai:white_samurai_boots_light":1,"moa_decor_toys:caballocastano_h":2,"minecraft:red_wool":1,"minecraft:gravel":5,"minecraft:spruce_sapling":134,"minecraft:spruce_log":511,"biomesoplenty:flowering_oak_sapling":6,"fantasyfurniture:decorations/tankards_empty":2,"minecraft:diamond_shovel":1,"bakery:strawberry_cake_slice":2,"tacz:modern_kinetic_gun":3,"vinery:aegis_wine":1,"minecraft:diamond_axe":4,"minecraft:warped_roots":3,"minecraft:oak_button":7,"ribbits:umbrella_leaf":3,"minecraft:melon_seeds":1,"minecraft:mangrove_propagule":1,"minecraft:ender_pearl":1,"beachparty:rubber_ring_axolotl":2,"aquaculture:synodontis":4,"minecraft:nether_brick_fence":2,"spartanweaponry:diamond_saber":1,"hamsters:hamster_wheel":1,"beachparty:coconut_open":1,"alexsmobs:blood_sac":2,"herbalbrews:rooibos_leaf":1,"minecraft:azalea":1,"minecraft:iron_pickaxe":1,"vinery:jungle_grape_seeds_white":23,"alexsmobs:leafcutter_ant_chamber":3,"minecraft:furnace":4,"minecraft:stick":197,"ribbits:toadstool":8,"ribbits:swamp_daisy":5,"minecraft:oak_fence":1,"minecraft:torch":4,"minecraft:spruce_stairs":6,"minecraft:diorite":3,"minecraft:vine":64,"bakery:breadbox":1,"minecraft:rotten_flesh":23,"mcwholidays:spider_wall_deco_1":1,"alexsdelight:raw_bison":5,"vinery:jellie_wine":2,"minecraft:mangrove_roots":17,"minecraft:obsidian":20,"biomesoplenty:orange_cosmos":5,"minecraft:cobblestone":130,"paraglider:paraglider":1,"candlelight:lettuce":5,"bakery:strawberry_cake":4,"minecraft:lilac":1,"minecraft:potato":24,"alexsmobs:bear_fur":1,"cfm:stripped_oak_kitchen_counter":1,"paraglider:spirit_orb":4,"minecraft:tuff":11,"minecraft:dirt":994,"minecraft:lapis_lazuli":14,"minecraft:stripped_birch_log":679,"cfm:stripped_oak_crate":3,"minecraft:bone":17,"bloomingnature:bluebell":42,"minecraft:bow":2,"minecraft:wheat_seeds":131,"meadow:wooden_flower_pot_big":5,"minecraft:raw_gold":16,"minecraft:grindstone":1,"minecraft:bamboo":137,"minecraft:oak_planks":89,"mcwholidays:sitting_skeleton":1,"butchersdelight:cow_hide":5,"minecraft:sand":78,"minecraft:lily_of_the_valley":5,"some_assembly_required:sandwich":18,"minecraft:diamond":19,"bloomingnature:swamp_oak_log":54,"minecraft:crossbow":1,"minecraft:bone_meal":7,"minecraft:grass":36,"minecraft:oak_sapling":125,"biomesoplenty:pink_daffodil":3,"butchersdelight:hook":3,"minecraft:netherrack":113,"minecraft:oak_leaves":159,"minecraft:chicken":1,"biomesoplenty:flesh":1,"minecraft:wooden_pickaxe":1,"cfm:stripped_spruce_crate":3,"minecraft:gold_block":3,"biomesoplenty:huge_lily_pad":5,"beachparty:coconut":2,"minecraft:moss_carpet":15,"minecraft:iron_axe":1,"bloomingnature:begonie":1,"vinery:red_wine":1,"biomesoplenty:black_sand":1,"vinery:apple_tree_sapling":2,"minecraft:oak_boat":2,"alexsmobs:elastic_tendon":1,"minecraft:sugar_cane":21,"minecraft:spruce_trapdoor":2,"minecraft:raw_iron":180,"ribbits:giant_lilypad":4,"minecraft:bowl":3,"meadow:inky_wool":3,"alexsmobs:crocodile_scute":1,"minecraft:dark_oak_planks":111,"minecraft:arrow":8,"minecraft:weeping_vines":2,"vinery:cristel_wine":1,"biomesoplenty:cattail":7,"minecraft:nether_bricks":2,"mcwdoors:mangrove_bamboo_door":1,"minecraft:crimson_stem":53,"vinery:jungle_grape_seeds_red":33,"bloomingnature:swamp_oak_planks":2,"minecraft:birch_planks":1,"bloomingnature:genisteae":4,"minecraft:yellow_bed":5,"minecraft:nether_wart_block":103,"minecraft:gunpowder":2,"plushies:cold_frog_plushie":2,"mcwwindows:oak_pane_window":5,"bloomingnature:foxglove_white":3,"bloomingnature:swamp_oak_sapling":18,"fantasyfurniture:dunmer/table_large":1,"minecraft:iron_ingot":18,"minecraft:cooked_chicken":1,"meadow:patched_wool":3,"vinery:glowing_wine":1,"aquaculture:minnow":2,"farmersdelight:full_tatami_mat":1,"minecraft:book":4,"minecraft:oak_slab":23,"bakery:strawberry":3,"biomesoplenty:waterlily":4,"minecraft:warped_fungus":3,"farmersdelight:steak_and_potatoes":16,"plushies:red_fox_plushie":2,"minecraft:raw_iron_block":3,"minecraft:green_carpet":2,"minecraft:spider_eye":1,"bloomingnature:bottlebrushes":1,"biomesoplenty:bramble":1,"meadow:cheese_rack":1,"minecraft:coal":78,"minecraft:wooden_axe":1},"minecraft:dropped":{"minecraft:diamond":17,"minecraft:red_mushroom":2,"vinery:jellie_wine":1,"minecraft:dirt":79,"minecraft:grass":36,"minecraft:dark_oak_fence":1,"cfm:stripped_oak_crate":1,"minecraft:iron_pickaxe":1,"minecraft:birch_sapling":28,"vinery:wine_bottle":2,"minecraft:rotten_flesh":5,"minecraft:oak_planks":24,"minecraft:salmon":1,"beachparty:rubber_ring_axolotl":2,"bloomingnature:white_orchid":1,"epicsamurai:white_samurai_helmet_light":1,"minecraft:egg":1,"minecraft:wheat_seeds":3,"farmersdelight:full_tatami_mat":1,"minecraft:feather":1,"minecraft:cobblestone":7,"minecraft:granite":4,"minecraft:spruce_button":13,"alexsmobs:leafcutter_ant_chamber":3,"minecraft:oak_stairs":2,"alexsmobs:crocodile_scute":1,"minecraft:stone_sword":2,"minecraft:bowl":4,"minecraft:chicken":1,"minecraft:shears":1,"mcwwindows:oak_pane_window":3,"minecraft:diamond_pickaxe":1,"minecraft:spider_eye":1,"mcwfences:dark_oak_hedge":1,"minecraft:diamond_axe":4,"minecraft:oak_log":13,"minecraft:red_wool":1,"minecraft:seagrass":9,"biomesoplenty:barley":17,"gravestone:obituary":37,"avalight:m4a1_cotton_candy":1,"minecraft:mangrove_roots":12,"biomesoplenty:rainbow_birch_sapling":16,"minecraft:diamond_shovel":2,"travelersbackpack:iron":1,"minecraft:poppy":3,"alexsmobs:elastic_tendon":1,"minecraft:netherrack":78,"minecraft:bread":1,"bakery:strawberry_cake":1,"biomesoplenty:cattail":1,"minecraft:tropical_fish":1,"minecraft:spruce_stairs":2,"minecraft:stick":9,"minecraft:green_carpet":1,"minecraft:iron_axe":1,"brewery:beer_mug":2,"minecraft:coarse_dirt":1,"cfm:stripped_spruce_crate":3,"minecraft:oak_button":6,"minecraft:diamond_chestplate":1,"cfm:stripped_oak_kitchen_counter":1,"some_assembly_required:sandwich":2,"minecraft:oak_sapling":17,"minecraft:golden_sword":2,"minecraft:spruce_log":1,"minecraft:wooden_pickaxe":1,"meadow:wooden_flower_pot_big":1,"minecraft:nautilus_shell":4},"minecraft:mined":{"minecraft:dark_oak_planks":113,"alexsmobs:leafcutter_anthill":1,"minecraft:jungle_leaves":1,"ribbits:giant_lilypad":4,"minecraft:obsidian":20,"minecraft:granite":10,"biomesoplenty:bramble":1,"minecraft:jungle_log":2,"vinery:savanna_grape_bush_red":2,"bloomingnature:freesia_pink":2,"biomesoplenty:cattail":7,"minecraft:oxeye_daisy":1,"minecraft:spawner":6,"minecraft:tall_seagrass":6,"minecraft:magma_block":5,"minecraft:dark_oak_trapdoor":2,"minecraft:cobbled_deepslate":4,"mcwholidays:bat_sleeping":2,"minecraft:fire":9,"biomesoplenty:rainbow_birch_sapling":4,"minecraft:moss_carpet":6,"minecraft:deepslate_lapis_ore":2,"minecraft:oak_stairs":16,"minecraft:green_carpet":1,"farmersdelight:wild_potatoes":9,"vinery:jungle_grape_bush_red":12,"biomesoplenty:glowworm_silk":3,"ribbits:swamp_daisy":5,"minecraft:torch":1,"vinery:red_grape_bush":4,"minecraft:sugar_cane":10,"herbalbrews:wild_coffee_plant":1,"minecraft:birch_sapling":27,"minecraft:mud":1,"minecraft:lilac":1,"minecraft:grass":735,"minecraft:mangrove_log":9,"minecraft:smooth_basalt":1,"minecraft:deepslate":36,"biomesoplenty:watergrass":1,"minecraft:dark_oak_log":164,"minecraft:stripped_birch_log":679,"minecraft:birch_fence_gate":2,"minecraft:nether_bricks":2,"minecraft:dark_oak_fence":3,"bloomingnature:laterit":1,"alexsmobs:leafcutter_ant_chamber":3,"ribbits:toadstool":8,"ribbits:umbrella_leaf":3,"minecraft:moss_block":24,"mcwholidays:spider_wall_deco_1":1,"plushies:red_fox_plushie":1,"biomesoplenty:flesh":5,"minecraft:vine":69,"biomesoplenty:rainbow_birch_leaves":12,"minecraft:rail":1,"biomesoplenty:barley":113,"minecraft:bamboo":15,"cfm:stripped_oak_crate":2,"minecraft:smithing_table":1,"minecraft:oak_slab":7,"minecraft:glass_pane":11,"mcwwindows:oak_pane_window":2,"bloomingnature:swamp_oak_planks":2,"minecraft:lily_of_the_valley":5,"biomesoplenty:black_sand":1,"plushies:cold_frog_plushie":1,"candlelight:wild_tomatoes":6,"minecraft:tall_grass":261,"minecraft:deepslate_gold_ore":16,"fantasyfurniture:dunmer/table_large":1,"fantasyfurniture:dunmer/chair":4,"minecraft:diorite":3,"minecraft:warped_wart_block":2,"minecraft:coarse_dirt":1,"minecraft:spruce_log":517,"minecraft:birch_leaves":10,"minecraft:mangrove_leaves":2,"bloomingnature:fan_palm_log":1,"minecraft:gravel":6,"minecraft:cobweb":50,"minecraft:oak_button":1,"minecraft:stone_bricks":3,"minecraft:fern":29,"minecraft:spruce_planks":22,"meadow:cheese_rack":1,"mcwdoors:mangrove_nether_door":1,"minecraft:spruce_trapdoor":2,"minecraft:grass_block":667,"biomesoplenty:flowering_oak_leaves":37,"bloomingnature:genisteae":2,"beachparty:seashell_block":1,"minecraft:raw_iron_block":3,"minecraft:glowstone":9,"biomesoplenty:orange_cosmos":5,"bloomingnature:bottlebrushes":1,"minecraft:iron_ore":65,"bakery:strawberry_cake":1,"alexsmobs:crocodile_egg":1,"hamsters:hamster_wheel":1,"minecraft:azalea":1,"minecraft:spruce_slab":16,"minecraft:deepslate_redstone_ore":16,"biomesoplenty:wildflower":1,"minecraft:poppy":1,"minecraft:chest":2,"minecraft:cobblestone":11,"minecraft:grindstone":1,"minecraft:oak_planks":56,"minecraft:wall_torch":2,"minecraft:seagrass":4,"biomesoplenty:huge_lily_pad":5,"bakery:street_sign":1,"minecraft:birch_log":820,"bloomingnature:begonie":1,"herbalbrews:wild_rooibos_plant":2,"some_assembly_required:sandwich":11,"biomesoplenty:waterlily":4,"biomesoplenty:clover":3,"minecraft:oak_log":467,"minecraft:sand":84,"minecraft:dirt":228,"minecraft:netherrack":136,"minecraft:oak_leaves":233,"bloomingnature:beach_bush_tall":1,"minecraft:tuff":14,"bloomingnature:termite_mound":5,"minecraft:deepslate_diamond_ore":18,"minecraft:mangrove_roots":46,"gravestone:gravestone":34,"minecraft:chiseled_bookshelf":1,"biomesoplenty:bush":2,"minecraft:spruce_leaves":12,"minecraft:rooted_dirt":59,"minecraft:crimson_stem":27,"minecraft:large_fern":2,"minecraft:hay_block":31,"minecraft:spruce_sapling":3,"minecraft:furnace":3,"candlelight:wild_lettuce":9,"minecraft:nether_sprouts":1,"minecraft:stripped_spruce_log":11,"minecraft:gold_block":3,"biomesoplenty:magic_log":15,"minecraft:nether_brick_fence":2,"minecraft:deepslate_iron_ore":114,"cfm:stripped_birch_mail_box":1,"minecraft:stripped_oak_log":22,"bloomingnature:bluebell":30,"minecraft:stone":119,"cfm:oak_cabinet":2,"minecraft:podzol":52,"mcwdoors:mangrove_bamboo_door":1,"moa_decor_toys:caballocastano_h":2,"minecraft:flowering_azalea":2,"mcwholidays:sitting_skeleton":1,"meadow:wooden_flower_pot_small":7,"minecraft:oak_fence":2,"minecraft:crafting_table":4,"bakery:wild_strawberries":7,"bloomingnature:foxglove_white":3,"cfm:spruce_cabinet":2,"biomesoplenty:huge_clover_petal":4,"minecraft:lily_pad":2,"bloomingnature:white_orchid":17,"minecraft:spruce_stairs":6,"minecraft:birch_planks":4,"meadow:wooden_flower_pot_big":4,"bloomingnature:swamp_oak_log":58,"butchersdelight:deadcowblock":2,"biomesoplenty:blue_hydrangea":1,"biomesoplenty:pink_daffodil":3,"minecraft:yellow_bed":5,"minecraft:coal_ore":35,"vinery:jungle_grape_bush_white":7,"biomesoplenty:flowering_oak_sapling":4,"minecraft:cracked_stone_bricks":3,"minecraft:small_dripleaf":1},"minecraft:crafted":{"minecraft:ender_chest":1,"mcwdoors:mangrove_bamboo_door":4,"minecraft:smooth_stone":3,"minecraft:blaze_powder":2,"minecraft:lever":6,"minecraft:diamond_shovel":2,"minecraft:glass":76,"minecraft:diamond_helmet":1,"minecraft:diamond_leggings":1,"minecraft:birch_fence_gate":1,"minecraft:magenta_dye":2,"cfm:oak_cabinet":2,"minecraft:diamond_axe":3,"mcwwindows:window_base":32,"minecraft:stone_slab":2,"minecraft:iron_pickaxe":2,"minecraft:iron_block":1,"minecraft:birch_stairs":32,"minecraft:iron_nugget":288,"cfm:stripped_spruce_crate":4,"minecraft:bone_meal":27,"minecraft:spruce_fence":72,"minecraft:white_carpet":3,"minecraft:lantern":27,"minecraft:spruce_stairs":236,"minecraft:spruce_slab":66,"minecraft:stone_pickaxe":1,"minecraft:diamond_boots":1,"minecraft:dark_oak_planks":632,"minecraft:wheat":279,"mcwdoors:mangrove_nether_door":1,"cfm:spruce_cabinet":8,"tacz:gun_smith_table":1,"minecraft:glowstone":5,"cfm:stripped_oak_crate":4,"minecraft:oak_stairs":228,"minecraft:iron_leggings":1,"minecraft:armor_stand":1,"mcwdoors:print_nether":4,"mcwdoors:print_bamboo":4,"minecraft:oak_planks":1565,"minecraft:barrel":1,"minecraft:stone":68,"minecraft:iron_boots":1,"minecraft:chest":14,"minecraft:oak_button":22,"minecraft:ender_eye":1,"minecraft:oak_fence":45,"minecraft:oak_slab":126,"minecraft:crafting_table":6,"meadow:wooden_flower_pot_small":7,"minecraft:spruce_planks":1268,"mcwwindows:oak_pane_window":8,"minecraft:iron_helmet":1,"bloomingnature:swamp_oak_planks":216,"bloomingnature:fan_palm_planks":8,"butchersdelight:cleaver":1,"minecraft:birch_planks":308,"minecraft:spruce_trapdoor":36,"minecraft:paper":18,"minecraft:iron_chestplate":1,"minecraft:diamond_pickaxe":1,"minecraft:shield":1,"minecraft:birch_fence":54,"minecraft:stick":284,"minecraft:iron_ingot":123,"minecraft:stone_sword":1,"minecraft:shears":3,"minecraft:raw_iron":27,"minecraft:stone_brick_wall":2,"minecraft:spruce_button":13,"minecraft:furnace":2,"minecraft:dark_oak_trapdoor":66,"minecraft:oak_trapdoor":6,"minecraft:glass_pane":176,"minecraft:flint_and_steel":1,"minecraft:iron_axe":1,"minecraft:iron_hoe":1,"minecraft:birch_sign":3,"minecraft:crimson_planks":120,"minecraft:diamond_sword":1,"minecraft:dark_oak_stairs":220,"butchersdelight:hook":3,"minecraft:iron_sword":2,"minecraft:mangrove_planks":8,"minecraft:bucket":2,"minecraft:stone_axe":1,"minecraft:bread":93,"minecraft:air":0,"minecraft:oak_boat":2,"meadow:wooden_flower_pot_big":6,"minecraft:stonecutter":1,"minecraft:crimson_door":3,"minecraft:torch":64,"minecraft:diamond_chestplate":1}},"DataVersion":3465}