{"stats":{"minecraft:broken":{"minecraft:shears":1,"minecraft:iron_boots":1,"minecraft:iron_chestplate":1,"minecraft:iron_leggings":1,"minecraft:golden_sword":1,"minecraft:stone_axe":1,"minecraft:stone_sword":1,"minecraft:iron_axe":1,"minecraft:iron_pickaxe":1,"minecraft:iron_helmet":1},"minecraft:used":{"bloomingnature:foxglove_white":1,"minecraft:shield":14,"butchersdelight:hook":3,"minecraft:chest":16,"minecraft:iron_sword":231,"minecraft:stone":24,"vinery:mead":4,"minecraft:rotten_flesh":14,"minecraft:iron_chestplate":1,"minecraft:carrot":1,"travelersbackpack:iron":10,"minecraft:tuff":4,"minecraft:obsidian":12,"minecraft:lantern":2,"beachparty:rubber_ring_axolotl":1,"minecraft:birch_sapling":74,"minecraft:iron_helmet":1,"minecraft:stone_bricks":3,"minecraft:golden_sword":44,"minecraft:oak_sapling":4,"minecraft:furnace":6,"candlelight:tomato":5,"minecraft:egg":2,"bloomingnature:swamp_oak_planks":19,"minecraft:potato":2,"minecraft:diorite":3,"minecraft:diamond_boots":1,"minecraft:stripped_birch_log":558,"minecraft:oak_planks":440,"minecraft:stone_pickaxe":119,"bakery:strawberry_cake":4,"minecraft:wooden_pickaxe":12,"minecraft:sandstone":1,"minecraft:sugar_cane":3,"minecraft:diamond_axe":3683,"biomesoplenty:flowering_oak_sapling":6,"minecraft:dark_oak_trapdoor":1,"minecraft:oak_leaves":5,"biomesoplenty:rainbow_birch_sapling":12,"minecraft:golden_apple":1,"minecraft:glow_berries":6,"minecraft:sand":4,"meadow:wooden_flower_pot_small":1,"some_assembly_required:sandwich":20,"spartanweaponry:diamond_saber":4,"minecraft:shears":318,"mcwdoors:mangrove_nether_door":1,"minecraft:birch_fence":11,"minecraft:birch_fence_gate":3,"bloomingnature:swamp_oak_sapling":18,"minecraft:bread":105,"minecraft:gravel":4,"minecraft:cat_spawn_egg":2,"minecraft:birch_log":645,"minecraft:grindstone":1,"minecraft:smithing_table":3,"biomesoplenty:flowering_oak_leaves":9,"minecraft:oak_boat":1,"minecraft:bone_meal":32,"hamsters:hamster_wheel":1,"bloomingnature:genisteae":1,"ironchest:wood_to_iron_chest_upgrade":3,"minecraft:stone_sword":90,"minecraft:flint_and_steel":7,"minecraft:spruce_planks":8,"fantasyfurniture:decorations/tankards_empty":2,"tacz:gun_smith_table":1,"minecraft:cooked_chicken":1,"minecraft:netherrack":2,"minecraft:torch":64,"bloomingnature:white_orchid":1,"minecraft:dirt":217,"minecraft:diamond_helmet":1,"minecraft:granite":8,"minecraft:iron_hoe":43,"minecraft:dark_oak_planks":14,"butchersdelight:cleaver":6,"beachparty:coconut_open":1,"minecraft:rooted_dirt":58,"ribbits:umbrella_leaf":1,"minecraft:iron_axe":220,"meadow:wooden_flower_pot_big":3,"brewery:beer_barley":3,"minecraft:jungle_log":2,"minecraft:iron_boots":1,"minecraft:crimson_planks":8,"minecraft:diamond_chestplate":1,"bakery:strawberry_cupcake":1,"minecraft:golden_carrot":12,"minecraft:cooked_beef":2,"bakery:wild_strawberries":2,"minecraft:cobbled_deepslate":41,"herbalbrews:green_tea":1,"minecraft:iron_leggings":1,"minecraft:wheat_seeds":89,"minecraft:water_bucket":35,"minecraft:sheep_spawn_egg":3,"minecraft:stonecutter":1,"minecraft:cracked_stone_bricks":3,"minecraft:oak_slab":23,"bakery:strawberry":3,"bloomingnature:laterit":1,"plushies:red_fox_plushie":1,"minecraft:crafting_table":8,"minecraft:cod":3,"plushies:axolotl_plushie":1,"minecraft:spruce_log":3,"minecraft:oak_log":85,"minecraft:diamond_pickaxe":74,"minecraft:apple":6,"minecraft:diamond_shovel":1032,"minecraft:oak_button":11,"minecraft:iron_pickaxe":434,"alexsmobs:crocodile_egg":1,"minecraft:spruce_sapling":55,"bakery:strawberry_cake_slice":2,"minecraft:stone_axe":92,"mcwwindows:oak_pane_window":2,"minecraft:green_carpet":1,"minecraft:fishing_rod":1,"minecraft:cobblestone":88,"minecraft:bucket":36,"minecraft:glass_pane":144,"minecraft:yellow_bed":5,"minecraft:diamond_leggings":1,"mcwdoors:mangrove_bamboo_door":1,"vinery:red_grape_seeds":1},"minecraft:killed_by":{"alexsmobs:crocodile":15,"minecraft:zombie":2,"minecraft:player":2,"minecraft:iron_golem":1,"alexsmobs:bison":1,"alexsmobs:centipede_head":1,"minecraft:skeleton":2,"alexsmobs:tarantula_hawk":1},"minecraft:custom":{"minecraft:interact_with_crafting_table":129,"minecraft:open_barrel":41,"minecraft:eat_cake_slice":3,"minecraft:leave_game":13,"minecraft:time_since_death":142762,"minecraft:sprint_one_cm":2684634,"minecraft:damage_blocked_by_shield":635,"minecraft:drop":147,"minecraft:talked_to_villager":11,"minecraft:play_time":842369,"minecraft:deaths":29,"minecraft:jump":15750,"minecraft:walk_on_water_one_cm":199266,"minecraft:enchant_item":1,"minecraft:interact_with_furnace":60,"minecraft:sleep_in_bed":43,"minecraft:damage_dealt":14907,"minecraft:crouch_one_cm":7032,"minecraft:interact_with_smoker":2,"minecraft:horse_one_cm":29,"minecraft:interact_with_smithing_table":14,"minecraft:interact_with_anvil":3,"minecraft:mob_kills":98,"minecraft:climb_one_cm":16176,"minecraft:walk_one_cm":3383368,"minecraft:sneak_time":4974,"minecraft:walk_under_water_one_cm":100937,"minecraft:boat_one_cm":21451,"minecraft:total_world_time":842369,"minecraft:interact_with_stonecutter":2,"minecraft:interact_with_grindstone":2,"minecraft:time_since_rest":31881,"minecraft:damage_taken":13042,"minecraft:swim_one_cm":157231,"minecraft:fly_one_cm":4571734,"minecraft:open_chest":487,"minecraft:fall_one_cm":373751},"minecraft:mined":{"minecraft:dark_oak_planks":113,"alexsmobs:leafcutter_anthill":1,"minecraft:jungle_leaves":1,"mcwdoors:mangrove_nether_door":1,"ribbits:giant_lilypad":4,"minecraft:obsidian":12,"minecraft:granite":10,"biomesoplenty:bramble":1,"minecraft:grass_block":662,"minecraft:jungle_log":2,"biomesoplenty:flowering_oak_leaves":37,"vinery:savanna_grape_bush_red":2,"bloomingnature:freesia_pink":2,"bloomingnature:genisteae":1,"biomesoplenty:cattail":7,"minecraft:oxeye_daisy":1,"minecraft:spawner":4,"beachparty:seashell_block":1,"minecraft:tall_seagrass":6,"minecraft:raw_iron_block":3,"minecraft:magma_block":5,"minecraft:glowstone":7,"biomesoplenty:orange_cosmos":5,"minecraft:dark_oak_trapdoor":1,"bloomingnature:bottlebrushes":1,"minecraft:iron_ore":65,"minecraft:fire":5,"minecraft:cobbled_deepslate":4,"biomesoplenty:rainbow_birch_sapling":4,"minecraft:moss_carpet":6,"bakery:strawberry_cake":1,"minecraft:deepslate_lapis_ore":2,"alexsmobs:crocodile_egg":1,"minecraft:green_carpet":1,"hamsters:hamster_wheel":1,"minecraft:azalea":1,"farmersdelight:wild_potatoes":9,"vinery:jungle_grape_bush_red":12,"minecraft:deepslate_redstone_ore":16,"biomesoplenty:glowworm_silk":3,"biomesoplenty:wildflower":1,"ribbits:swamp_daisy":4,"minecraft:torch":1,"vinery:red_grape_bush":4,"minecraft:poppy":1,"minecraft:chest":2,"minecraft:cobblestone":10,"minecraft:oak_planks":39,"minecraft:sugar_cane":10,"minecraft:grindstone":1,"minecraft:wall_torch":2,"herbalbrews:wild_coffee_plant":1,"minecraft:birch_sapling":27,"minecraft:seagrass":4,"biomesoplenty:huge_lily_pad":5,"minecraft:birch_log":820,"minecraft:mud":1,"bloomingnature:begonie":1,"minecraft:lilac":1,"herbalbrews:wild_rooibos_plant":2,"some_assembly_required:sandwich":11,"biomesoplenty:waterlily":4,"minecraft:grass":729,"biomesoplenty:clover":3,"minecraft:oak_log":460,"minecraft:sand":84,"minecraft:dirt":93,"minecraft:mangrove_log":9,"minecraft:smooth_basalt":1,"minecraft:netherrack":92,"minecraft:oak_leaves":211,"minecraft:deepslate":36,"bloomingnature:beach_bush_tall":1,"minecraft:tuff":14,"biomesoplenty:watergrass":1,"bloomingnature:termite_mound":5,"minecraft:deepslate_diamond_ore":18,"minecraft:stripped_birch_log":677,"minecraft:dark_oak_log":164,"minecraft:mangrove_roots":46,"gravestone:gravestone":29,"minecraft:chiseled_bookshelf":1,"minecraft:birch_fence_gate":2,"minecraft:dark_oak_fence":3,"biomesoplenty:bush":2,"bloomingnature:laterit":1,"alexsmobs:leafcutter_ant_chamber":3,"ribbits:toadstool":8,"minecraft:spruce_leaves":12,"ribbits:umbrella_leaf":3,"minecraft:moss_block":24,"minecraft:rooted_dirt":59,"minecraft:crimson_stem":27,"minecraft:large_fern":2,"minecraft:hay_block":31,"minecraft:spruce_sapling":3,"minecraft:furnace":3,"candlelight:wild_lettuce":9,"minecraft:stripped_spruce_log":1,"minecraft:gold_block":3,"biomesoplenty:magic_log":15,"minecraft:deepslate_iron_ore":114,"biomesoplenty:rainbow_birch_leaves":12,"minecraft:vine":69,"minecraft:rail":1,"minecraft:stripped_oak_log":6,"biomesoplenty:barley":113,"minecraft:bamboo":15,"minecraft:stone":117,"bloomingnature:bluebell":30,"minecraft:podzol":52,"minecraft:smithing_table":1,"mcwdoors:mangrove_bamboo_door":1,"minecraft:oak_slab":5,"minecraft:flowering_azalea":2,"minecraft:glass_pane":7,"minecraft:lily_of_the_valley":5,"mcwwindows:oak_pane_window":2,"bloomingnature:swamp_oak_planks":2,"biomesoplenty:black_sand":1,"meadow:wooden_flower_pot_small":1,"minecraft:crafting_table":4,"bakery:wild_strawberries":7,"candlelight:wild_tomatoes":6,"bloomingnature:foxglove_white":3,"minecraft:tall_grass":259,"biomesoplenty:huge_clover_petal":4,"minecraft:deepslate_gold_ore":16,"minecraft:lily_pad":2,"minecraft:diorite":3,"bloomingnature:white_orchid":17,"minecraft:birch_planks":4,"minecraft:coarse_dirt":1,"bloomingnature:swamp_oak_log":58,"meadow:wooden_flower_pot_big":3,"butchersdelight:deadcowblock":2,"biomesoplenty:blue_hydrangea":1,"biomesoplenty:pink_daffodil":3,"minecraft:spruce_log":517,"minecraft:birch_leaves":10,"minecraft:mangrove_leaves":2,"minecraft:yellow_bed":5,"bloomingnature:fan_palm_log":1,"minecraft:coal_ore":35,"vinery:jungle_grape_bush_white":7,"minecraft:gravel":6,"biomesoplenty:flowering_oak_sapling":4,"minecraft:cobweb":50,"minecraft:cracked_stone_bricks":3,"minecraft:oak_button":1,"minecraft:stone_bricks":3,"minecraft:small_dripleaf":1,"minecraft:fern":29},"minecraft:crafted":{"mcwdoors:mangrove_bamboo_door":4,"mcwdoors:print_bamboo":4,"minecraft:oak_planks":992,"minecraft:stone":68,"minecraft:lever":6,"minecraft:diamond_shovel":2,"minecraft:glass":64,"minecraft:diamond_helmet":1,"minecraft:diamond_leggings":1,"minecraft:iron_boots":1,"minecraft:birch_fence_gate":1,"minecraft:chest":14,"minecraft:oak_button":15,"minecraft:magenta_dye":2,"minecraft:oak_slab":126,"minecraft:diamond_axe":3,"minecraft:crafting_table":4,"meadow:wooden_flower_pot_small":7,"minecraft:spruce_planks":1268,"mcwwindows:oak_pane_window":8,"minecraft:iron_helmet":1,"bloomingnature:swamp_oak_planks":216,"bloomingnature:fan_palm_planks":8,"butchersdelight:cleaver":1,"minecraft:birch_planks":308,"minecraft:spruce_trapdoor":36,"minecraft:paper":18,"minecraft:iron_chestplate":1,"minecraft:diamond_pickaxe":1,"mcwwindows:window_base":32,"minecraft:shield":1,"minecraft:birch_fence":54,"minecraft:stick":284,"minecraft:iron_ingot":113,"minecraft:iron_pickaxe":2,"minecraft:iron_block":1,"minecraft:stone_sword":1,"minecraft:birch_stairs":32,"minecraft:shears":2,"minecraft:raw_iron":27,"minecraft:stone_brick_wall":2,"minecraft:iron_nugget":288,"minecraft:spruce_button":13,"minecraft:furnace":2,"minecraft:dark_oak_trapdoor":46,"minecraft:bone_meal":27,"minecraft:spruce_fence":72,"minecraft:glass_pane":144,"minecraft:flint_and_steel":1,"minecraft:lantern":27,"minecraft:spruce_stairs":236,"minecraft:iron_axe":1,"minecraft:iron_hoe":1,"minecraft:spruce_slab":66,"minecraft:stone_pickaxe":1,"minecraft:diamond_boots":1,"minecraft:dark_oak_planks":632,"minecraft:birch_sign":3,"minecraft:wheat":279,"mcwdoors:mangrove_nether_door":1,"minecraft:crimson_planks":120,"minecraft:diamond_sword":1,"minecraft:dark_oak_stairs":220,"butchersdelight:hook":3,"minecraft:iron_sword":2,"tacz:gun_smith_table":1,"minecraft:mangrove_planks":8,"minecraft:bucket":2,"minecraft:stone_axe":1,"minecraft:glowstone":5,"minecraft:bread":93,"minecraft:air":0,"minecraft:oak_boat":2,"meadow:wooden_flower_pot_big":6,"minecraft:iron_leggings":1,"minecraft:stonecutter":1,"minecraft:crimson_door":3,"mcwdoors:print_nether":4,"minecraft:torch":64,"minecraft:diamond_chestplate":1},"minecraft:picked_up":{"minecraft:wooden_axe":1,"mcwdoors:mangrove_nether_door":1,"minecraft:seagrass":9,"minecraft:iron_chestplate":1,"beachparty:rubber_ring_axolotl":2,"aquaculture:synodontis":4,"minecraft:smithing_table":2,"minecraft:lead":1,"vinery:red_grape_seeds":11,"bloomingnature:fan_palm_log":2,"vinery:savanna_grape_seeds_red":6,"minecraft:golden_sword":1,"biomesoplenty:rainbow_birch_sapling":66,"minecraft:string":59,"minecraft:dark_oak_trapdoor":1,"spartanweaponry:diamond_saber":1,"brewery:beer_barley":2,"hamsters:hamster_wheel":1,"minecraft:shroomlight":1,"beachparty:coconut_open":1,"minecraft:gold_nugget":56,"minecraft:cobbled_deepslate":41,"herbalbrews:rooibos_leaf":1,"minecraft:azalea":1,"minecraft:iron_pickaxe":1,"minecraft:mangrove_log":2,"vinery:jungle_grape_seeds_white":23,"alexsmobs:leafcutter_ant_chamber":3,"minecraft:furnace":4,"minecraft:stick":197,"ribbits:toadstool":8,"ribbits:swamp_daisy":4,"minecraft:torch":4,"minecraft:diorite":3,"minecraft:vine":64,"travelersbackpack:iron":7,"minecraft:stone_sword":2,"minecraft:rotten_flesh":22,"minecraft:blue_dye":1,"alexsdelight:raw_bison":5,"minecraft:mangrove_roots":17,"biomesoplenty:barley":98,"minecraft:obsidian":12,"biomesoplenty:orange_cosmos":5,"minecraft:cobblestone":127,"paraglider:paraglider":1,"minecraft:birch_log":761,"candlelight:lettuce":5,"minecraft:magma_block":4,"bakery:strawberry_cake":4,"minecraft:lilac":1,"minecraft:feather":3,"minecraft:cooked_beef":2,"biomesoplenty:flowering_oak_leaves":27,"minecraft:jungle_log":2,"minecraft:potato":24,"alexsmobs:bear_fur":1,"minecraft:flint":1,"minecraft:tuff":11,"minecraft:lapis_lazuli":14,"minecraft:dirt":851,"minecraft:stripped_birch_log":677,"knightquest:lizzy_scale":5,"minecraft:bone":11,"bloomingnature:bluebell":42,"minecraft:bow":2,"bloomingnature:white_orchid":17,"minecraft:wheat_seeds":131,"meadow:wooden_flower_pot_big":3,"minecraft:raw_gold":16,"minecraft:grindstone":1,"minecraft:glowstone_dust":21,"minecraft:bamboo":137,"minecraft:moss_block":28,"bloomingnature:freesia_pink":2,"minecraft:oak_planks":64,"biomesoplenty:magic_sapling":4,"aquaculture:gar":1,"butchersdelight:skullcow":5,"alexsmobs:crocodile_egg":2,"butchersdelight:cow_hide":5,"minecraft:birch_fence_gate":2,"minecraft:sand":78,"minecraft:stripped_spruce_log":1,"minecraft:lily_of_the_valley":5,"minecraft:dark_oak_log":158,"avalight:m4a1_cotton_candy":2,"herbalbrews:green_tea":1,"some_assembly_required:sandwich":17,"minecraft:diamond":19,"bloomingnature:swamp_oak_log":54,"knightquest:small_essence":31,"minecraft:crossbow":1,"minecraft:granite":12,"minecraft:grass":36,"minecraft:bone_meal":7,"minecraft:bread":107,"minecraft:rooted_dirt":59,"minecraft:oak_sapling":124,"biomesoplenty:pink_daffodil":3,"butchersdelight:hook":3,"minecraft:netherrack":81,"minecraft:dark_oak_fence":2,"minecraft:oak_leaves":159,"minecraft:diamond_pickaxe":1,"minecraft:crafting_table":4,"minecraft:coarse_dirt":1,"minecraft:chicken":1,"minecraft:wooden_pickaxe":1,"minecraft:gold_block":3,"biomesoplenty:huge_lily_pad":5,"paraglider:heart_container":10,"gravestone:obituary":29,"beachparty:coconut":2,"minecraft:cornflower":4,"candlelight:lettuce_seeds":4,"minecraft:moss_carpet":15,"minecraft:iron_axe":1,"minecraft:flint_and_steel":1,"tacz:ammo":120,"bloomingnature:begonie":1,"butchersdelight:dead_cow":7,"minecraft:cracked_stone_bricks":3,"vinery:mead":4,"biomesoplenty:black_sand":1,"vinery:apple_tree_sapling":2,"minecraft:beef":20,"minecraft:oak_boat":2,"alexsmobs:elastic_tendon":1,"minecraft:poppy":3,"minecraft:sugar_cane":21,"minecraft:chest":2,"minecraft:birch_sapling":132,"minecraft:egg":3,"minecraft:raw_iron":180,"minecraft:sandstone":1,"minecraft:stone":62,"ribbits:giant_lilypad":4,"ironchest:wood_to_iron_chest_upgrade":3,"minecraft:white_dye":1,"minecraft:carrot":1,"minecraft:redstone":49,"meadow:inky_wool":3,"cfm:stripped_birch_mail_box":1,"alexsmobs:crocodile_scute":1,"minecraft:dark_oak_planks":111,"minecraft:arrow":5,"minecraft:weeping_vines":2,"biomesoplenty:blue_hydrangea":1,"biomesoplenty:cattail":7,"minecraft:shears":1,"minecraft:hay_block":31,"aquaculture:carp":4,"bakery:wild_strawberries":2,"alexsmobs:kangaroo_meat":2,"minecraft:white_wool":4,"minecraft:rail":23,"minecraft:oxeye_daisy":1,"minecraft:stripped_oak_log":6,"herbalbrews:wild_coffee_plant":1,"bloomingnature:laterit":1,"mcwdoors:mangrove_bamboo_door":1,"minecraft:crimson_stem":53,"vinery:jungle_grape_seeds_red":33,"minecraft:fern":2,"minecraft:yellow_dye":1,"bloomingnature:swamp_oak_planks":2,"minecraft:red_mushroom":2,"minecraft:birch_planks":1,"meadow:wooden_flower_pot_small":1,"bloomingnature:genisteae":3,"minecraft:oak_log":392,"minecraft:lily_pad":2,"minecraft:yellow_bed":5,"minecraft:nether_wart_block":103,"minecraft:gunpowder":2,"mcwwindows:oak_pane_window":5,"avalight:regular_rifle_magazine":64,"minecraft:white_banner":7,"bloomingnature:foxglove_white":3,"bloomingnature:swamp_oak_sapling":18,"minecraft:apple":20,"minecraft:stone_bricks":3,"minecraft:iron_ingot":18,"minecraft:cooked_chicken":1,"meadow:patched_wool":3,"candlelight:tomato":5,"biomesoplenty:magic_log":15,"aquaculture:minnow":1,"minecraft:book":4,"minecraft:oak_slab":5,"bakery:strawberry":3,"biomesoplenty:waterlily":4,"farmersdelight:steak_and_potatoes":16,"minecraft:red_wool":1,"plushies:red_fox_plushie":1,"minecraft:raw_iron_block":3,"minecraft:gravel":5,"minecraft:spruce_sapling":134,"minecraft:spruce_log":511,"minecraft:green_carpet":1,"minecraft:spider_eye":1,"biomesoplenty:flowering_oak_sapling":6,"fantasyfurniture:decorations/tankards_empty":2,"bloomingnature:bottlebrushes":1,"biomesoplenty:bramble":1,"bakery:strawberry_cake_slice":2,"tacz:modern_kinetic_gun":2,"minecraft:diamond_axe":4,"minecraft:oak_button":1,"ribbits:umbrella_leaf":3,"minecraft:melon_seeds":1,"minecraft:coal":77,"minecraft:mangrove_propagule":1},"minecraft:killed":{"minecraft:cave_spider":3,"bloomingnature:bison":1,"alexsmobs:anaconda":1,"minecraft:spider":5,"alexsmobs:murmur":1,"aquaculture:gar":1,"naturalist:snail":2,"minecraft:skeleton":9,"alexsmobs:leafcutter_ant":8,"alexsmobs:kangaroo":1,"aquaculture:carp":4,"alexsmobs:grizzly_bear":1,"bloomingnature:termite":2,"naturalist:firefly":1,"minecraft:iron_golem":4,"minecraft:creeper":3,"minecraft:sheep":3,"aquaculture:minnow":1,"minecraft:pillager":8,"minecraft:zombie":21,"bloomingnature:deer":1,"minecraft:horse":2,"alexsmobs:bison":1,"crittersandcompanions:otter":1,"hamsters:hamster":1,"alexsmobs:crocodile":1,"knightquest:lizzy":2,"aquaculture:synodontis":6,"minecraft:villager":1,"minecraft:enderman":1},"minecraft:dropped":{"minecraft:diamond_axe":4,"minecraft:oak_log":2,"minecraft:diamond":17,"minecraft:red_wool":1,"minecraft:red_mushroom":2,"minecraft:dirt":79,"minecraft:grass":36,"minecraft:dark_oak_fence":1,"minecraft:seagrass":9,"biomesoplenty:barley":17,"gravestone:obituary":37,"minecraft:iron_pickaxe":1,"avalight:m4a1_cotton_candy":1,"minecraft:mangrove_roots":12,"minecraft:birch_sapling":28,"biomesoplenty:rainbow_birch_sapling":16,"vinery:wine_bottle":1,"minecraft:rotten_flesh":5,"minecraft:oak_planks":2,"minecraft:diamond_shovel":1,"minecraft:salmon":1,"travelersbackpack:iron":1,"beachparty:rubber_ring_axolotl":2,"minecraft:poppy":3,"alexsmobs:elastic_tendon":1,"bloomingnature:white_orchid":1,"minecraft:netherrack":78,"minecraft:egg":1,"minecraft:bread":1,"minecraft:wheat_seeds":3,"bakery:strawberry_cake":1,"minecraft:feather":1,"minecraft:cobblestone":6,"biomesoplenty:cattail":1,"minecraft:granite":4,"minecraft:tropical_fish":1,"minecraft:stick":9,"alexsmobs:leafcutter_ant_chamber":3,"minecraft:iron_axe":1,"brewery:beer_mug":2,"alexsmobs:crocodile_scute":1,"minecraft:coarse_dirt":1,"minecraft:stone_sword":2,"minecraft:chicken":1,"minecraft:shears":1,"mcwwindows:oak_pane_window":3,"some_assembly_required:sandwich":2,"minecraft:diamond_pickaxe":1,"minecraft:oak_sapling":16,"minecraft:golden_sword":2,"minecraft:spider_eye":1,"minecraft:spruce_log":1,"minecraft:wooden_pickaxe":1,"minecraft:nautilus_shell":4}},"DataVersion":3465}