{"stats":{"minecraft:killed_by":{"alexsmobs:centipede_head":1,"minecraft:skeleton":1,"minecraft:zombie":1},"minecraft:crafted":{"minecraft:oak_planks":12,"minecraft:raw_iron":27,"minecraft:crafting_table":3,"minecraft:iron_helmet":1,"minecraft:iron_sword":1,"minecraft:furnace":1,"minecraft:bucket":1,"bloomingnature:fan_palm_planks":8,"minecraft:stone_axe":1,"minecraft:air":0,"minecraft:iron_boots":1,"minecraft:iron_chestplate":1,"minecraft:shield":1,"minecraft:stick":28,"minecraft:iron_ingot":52,"minecraft:iron_pickaxe":1,"minecraft:stone_pickaxe":1,"minecraft:stone_sword":1,"minecraft:iron_leggings":1,"minecraft:torch":36},"minecraft:killed":{"minecraft:cave_spider":3,"minecraft:spider":2,"alexsmobs:murmur":1,"minecraft:skeleton":4,"minecraft:zombie":14,"minecraft:enderman":1},"minecraft:used":{"epicfight:skillbook":4,"minecraft:water_bucket":31,"minecraft:stone_sword":90,"minecraft:stone_pickaxe":119,"minecraft:oak_planks":9,"minecraft:wooden_pickaxe":12,"minecraft:shield":14,"minecraft:sandstone":1,"minecraft:iron_sword":29,"minecraft:rotten_flesh":14,"minecraft:iron_chestplate":1,"minecraft:golden_apple":1,"minecraft:torch":63,"minecraft:glow_berries":6,"minecraft:sand":4,"minecraft:crafting_table":5,"minecraft:carrot":1,"minecraft:tuff":4,"minecraft:granite":1,"beachparty:coconut_open":1,"minecraft:bread":6,"minecraft:iron_pickaxe":236,"minecraft:iron_helmet":1,"minecraft:iron_boots":1,"minecraft:stone_axe":67,"minecraft:cobblestone":38,"minecraft:furnace":2,"minecraft:bucket":32,"minecraft:cobbled_deepslate":41,"vinery:red_grape_seeds":1,"minecraft:iron_leggings":1},"minecraft:dropped":{"minecraft:stone_sword":2,"minecraft:oak_planks":2,"minecraft:red_wool":1,"minecraft:granite":4,"gravestone:obituary":1,"minecraft:iron_pickaxe":1},"minecraft:mined":{"minecraft:deepslate_redstone_ore":16,"minecraft:tuff":14,"minecraft:deepslate_diamond_ore":17,"minecraft:crafting_table":2,"minecraft:torch":1,"gravestone:gravestone":4,"minecraft:granite":3,"minecraft:grass_block":1,"vinery:red_grape_bush":2,"minecraft:tall_grass":1,"minecraft:cobblestone":5,"minecraft:deepslate_gold_ore":16,"minecraft:oak_planks":22,"minecraft:wall_torch":1,"minecraft:spawner":4,"minecraft:raw_iron_block":3,"minecraft:furnace":1,"minecraft:iron_ore":37,"minecraft:cobbled_deepslate":4,"minecraft:deepslate_lapis_ore":2,"minecraft:grass":2,"bloomingnature:fan_palm_log":1,"minecraft:oak_log":3,"minecraft:coal_ore":28,"minecraft:deepslate_iron_ore":114,"minecraft:rail":1,"minecraft:sand":4,"minecraft:dirt":1,"minecraft:cobweb":50,"minecraft:smooth_basalt":1,"minecraft:stone":58,"minecraft:oak_leaves":3,"minecraft:deepslate":36},"minecraft:custom":{"minecraft:interact_with_furnace":24,"minecraft:mob_kills":25,"minecraft:interact_with_crafting_table":15,"minecraft:leave_game":1,"minecraft:time_since_death":10085,"minecraft:time_since_rest":10119,"minecraft:sprint_one_cm":391734,"minecraft:damage_taken":1488,"minecraft:walk_one_cm":570929,"minecraft:damage_blocked_by_shield":635,"minecraft:drop":8,"minecraft:damage_dealt":4713,"minecraft:fly_one_cm":448222,"minecraft:open_chest":1,"minecraft:crouch_one_cm":895,"minecraft:play_time":95422,"minecraft:deaths":4,"minecraft:sneak_time":675,"minecraft:walk_under_water_one_cm":25078,"minecraft:jump":1955,"minecraft:walk_on_water_one_cm":35257,"minecraft:total_world_time":95422,"minecraft:fall_one_cm":38331},"minecraft:picked_up":{"minecraft:wooden_axe":1,"minecraft:crafting_table":2,"minecraft:wooden_pickaxe":1,"vinery:red_grape_seeds":5,"minecraft:tuff":11,"minecraft:oak_log":3,"gravestone:obituary":1,"bloomingnature:fan_palm_log":2,"minecraft:lapis_lazuli":14,"minecraft:string":56,"minecraft:bone":3,"beachparty:coconut_open":1,"minecraft:bow":1,"minecraft:raw_gold":16,"minecraft:cobbled_deepslate":41,"vinery:apple_tree_sapling":2,"minecraft:iron_ingot":1,"alexsmobs:elastic_tendon":1,"minecraft:iron_pickaxe":1,"minecraft:oak_planks":23,"minecraft:furnace":1,"minecraft:raw_iron":152,"minecraft:sandstone":1,"minecraft:red_wool":1,"minecraft:torch":3,"minecraft:gravel":1,"minecraft:raw_iron_block":3,"epicfight:skillbook":2,"minecraft:sand":4,"minecraft:carrot":1,"minecraft:redstone":49,"minecraft:stone_sword":2,"minecraft:arrow":3,"minecraft:rotten_flesh":14,"minecraft:diamond":18,"knightquest:small_essence":19,"minecraft:granite":5,"minecraft:bread":6,"minecraft:melon_seeds":1,"minecraft:coal":49,"minecraft:rail":23,"minecraft:cobblestone":60},"minecraft:broken":{"minecraft:stone_sword":1}},"DataVersion":3465}