{"stats":{"minecraft:used":{"minecraft:stone_sword":171,"minecraft:iron_shovel":27,"minecraft:chest":3,"minecraft:spruce_planks":24,"minecraft:shield":5,"butchersdelight:hook":3,"minecraft:rotten_flesh":2,"minecraft:iron_chestplate":1,"minecraft:dirt":5,"minecraft:carrot":14,"minecraft:wooden_axe":15,"butchersdelight:cleaver":2,"biomesoplenty:fir_sapling":2,"minecraft:iron_boots":1,"minecraft:furnace":1,"minecraft:egg":1,"minecraft:cooked_beef":9,"minecraft:iron_leggings":1,"minecraft:wheat_seeds":156,"minecraft:cooked_mutton":7,"minecraft:stone_pickaxe":75,"minecraft:wooden_pickaxe":51,"biomesoplenty:fir_boat":1,"minecraft:crafting_table":4,"epicfight:iron_tachi":65,"minecraft:apple":2,"minecraft:iron_pickaxe":68,"farmersdelight:ham":1,"minecraft:stone_axe":87,"minecraft:cobblestone":12,"minecraft:cooked_porkchop":8,"minecraft:pumpkin_pie":1,"minecraft:yellow_bed":2},"minecraft:mined":{"minecraft:spruce_planks":7,"minecraft:deepslate_diamond_ore":11,"farmersdelight:wild_carrots":15,"butchersdelight:deadsheepblock":2,"gravestone:gravestone":5,"minecraft:granite":8,"minecraft:grass_block":12,"bloomingnature:freesia_pink":3,"bloomingnature:genisteae":1,"minecraft:spruce_leaves":3,"minecraft:spawner":1,"beachparty:seashell_block":21,"minecraft:large_fern":9,"minecraft:carrots":24,"biomesoplenty:toadstool":2,"farmersdelight:wild_rice":2,"minecraft:iron_ore":22,"minecraft:pumpkin":1,"bloomingnature:lupine_blue":1,"minecraft:deepslate_lapis_ore":4,"minecraft:potatoes":4,"minecraft:deepslate_iron_ore":1,"bloomingnature:bluebell":1,"minecraft:stone":38,"brewery:wild_hops":7,"minecraft:oak_fence":1,"minecraft:crafting_table":1,"bloomingnature:tall_lupine_blue":2,"bakery:wild_strawberries":7,"vinery:red_grape_bush":1,"minecraft:rose_bush":3,"candlelight:wild_tomatoes":1,"bloomingnature:foxglove_white":3,"minecraft:tall_grass":44,"minecraft:cobblestone":7,"biomesoplenty:sprout":7,"minecraft:deepslate_gold_ore":13,"farmersdelight:wild_beetroots":8,"farmersdelight:sandy_shrub":2,"minecraft:wheat":120,"minecraft:sweet_berry_bush":15,"minecraft:lilac":5,"minecraft:spruce_log":7,"biomesoplenty:fir_log":46,"minecraft:yellow_bed":2,"minecraft:grass":81,"minecraft:coal_ore":44,"minecraft:beetroots":1,"bloomingnature:beach_grass":1,"bloomingnature:tall_lupine_purple":1,"minecraft:sunflower":3,"minecraft:sand":20,"minecraft:dirt":4,"minecraft:cobweb":3,"biomesoplenty:fir_sapling":2,"vinery:apple_leaves":3,"minecraft:deepslate":19,"bloomingnature:beach_bush_tall":1,"minecraft:fern":13},"minecraft:crafted":{"minecraft:iron_nugget":18,"minecraft:furnace":1,"minecraft:cooked_mutton":28,"minecraft:glass":20,"travelersbackpack:white_sleeping_bag":1,"minecraft:iron_boots":1,"minecraft:stone_pickaxe":1,"minecraft:chest":4,"travelersbackpack:fox":1,"minecraft:cooked_beef":12,"biomesoplenty:fir_boat":1,"minecraft:cooked_porkchop":8,"butchersdelight:hook":3,"minecraft:crafting_table":3,"minecraft:spruce_planks":32,"travelersbackpack:backpack_tank":2,"minecraft:wooden_pickaxe":1,"travelersbackpack:standard":1,"butchersdelight:cleaver":1,"minecraft:stone_axe":1,"minecraft:bread":34,"minecraft:air":0,"biomesoplenty:fir_planks":62,"minecraft:iron_chestplate":1,"minecraft:shield":1,"minecraft:stick":8,"minecraft:iron_ingot":23,"minecraft:iron_pickaxe":1,"minecraft:stone_sword":1,"minecraft:iron_shovel":1,"minecraft:iron_leggings":1,"minecraft:gold_ingot":13,"minecraft:shears":1},"minecraft:killed_by":{"minecraft:player":1,"minecraft:iron_golem":1,"alexsmobs:cachalot_whale":1,"minecraft:skeleton":2},"minecraft:dropped":{"minecraft:wheat_seeds":93,"bloomingnature:beach_bush_tall":1,"minecraft:granite":14,"minecraft:dirt":2,"minecraft:large_fern":1,"bloomingnature:tall_lupine_purple":2,"gravestone:obituary":3,"minecraft:iron_nugget":6,"minecraft:wheat":2,"butchersdelight:cleaver":1,"minecraft:rotten_flesh":2,"minecraft:poppy":2,"bloomingnature:tall_lupine_blue":1,"bloomingnature:lupine_blue":1,"minecraft:arrow":1,"farmersdelight:ham":1,"bloomingnature:bluebell":1},"minecraft:custom":{"minecraft:mob_kills":35,"minecraft:interact_with_crafting_table":44,"minecraft:open_barrel":2,"minecraft:leave_game":5,"minecraft:time_since_death":90607,"minecraft:climb_one_cm":850,"minecraft:sprint_one_cm":575816,"minecraft:walk_one_cm":895502,"minecraft:damage_blocked_by_shield":135,"minecraft:drop":120,"minecraft:talked_to_villager":2,"minecraft:play_time":210597,"minecraft:deaths":5,"minecraft:sneak_time":2100,"minecraft:walk_under_water_one_cm":23613,"minecraft:boat_one_cm":39198,"minecraft:jump":4127,"minecraft:interact_with_blast_furnace":1,"minecraft:walk_on_water_one_cm":57846,"minecraft:total_world_time":210597,"minecraft:interact_with_furnace":30,"minecraft:sleep_in_bed":7,"minecraft:time_since_rest":90672,"minecraft:damage_taken":2786,"minecraft:damage_dealt":10534,"minecraft:swim_one_cm":80016,"minecraft:fly_one_cm":1554790,"minecraft:open_chest":49,"minecraft:crouch_one_cm":11563,"minecraft:fall_one_cm":106618},"minecraft:killed":{"alexsmobs:raccoon":1,"minecraft:cod":4,"minecraft:skeleton":3,"minecraft:horse":10,"alexsmobs:orca":1,"alexsmobs:banana_slug":1,"alexsmobs:centipede_head":1,"minecraft:illusioner":1,"minecraft:iron_golem":4,"minecraft:wandering_trader":1,"minecraft:sheep":5,"minecraft:zombie":2,"minecraft:donkey":1},"minecraft:broken":{"minecraft:stone_sword":1,"minecraft:wooden_pickaxe":1,"minecraft:stone_axe":1,"minecraft:wooden_axe":1},"minecraft:picked_up":{"minecraft:wooden_axe":1,"minecraft:crafting_table":1,"minecraft:wheat":104,"minecraft:chicken":1,"vinery:red_grape_seeds":3,"minecraft:enchanted_book":1,"gravestone:obituary":2,"epicfight:iron_tachi":1,"bloomingnature:beach_grass":1,"minecraft:string":3,"minecraft:beetroot":2,"beachparty:seashell":19,"butchersdelight:dead_cow":3,"butchersdelight:cleaver":1,"minecraft:cobbled_deepslate":17,"minecraft:spruce_planks":7,"minecraft:beef":12,"bloomingnature:beach_bush_tall":2,"minecraft:rose_bush":3,"minecraft:iron_nugget":3,"minecraft:poppy":6,"minecraft:light_gray_wool":1,"bloomingnature:fan_palm_sprout":1,"minecraft:egg":2,"minecraft:stick":8,"minecraft:raw_iron":23,"minecraft:oak_fence":1,"minecraft:porkchop":8,"minecraft:carrot":79,"meadow:inky_wool":4,"butchersdelight:deadsheep":7,"minecraft:arrow":4,"farmersdelight:fried_egg":1,"minecraft:rotten_flesh":4,"minecraft:beetroot_seeds":11,"minecraft:mutton":28,"minecraft:cod":4,"minecraft:white_wool":3,"minecraft:cobblestone":45,"minecraft:lilac":3,"farmersdelight:rice":2,"minecraft:brown_wool":1,"minecraft:leather":16,"bloomingnature:tall_lupine_purple":2,"minecraft:potato":11,"biomesoplenty:fir_sapling":2,"biomesoplenty:fir_log":45,"bloomingnature:lupine_blue":1,"butchersdelight:deadpig":2,"bloomingnature:genisteae":1,"minecraft:yellow_bed":2,"butchersdelight:goat_fur":2,"minecraft:lapis_lazuli":26,"minecraft:dirt":16,"brewery:hops_seeds":12,"minecraft:bone":13,"bloomingnature:bluebell":1,"bloomingnature:foxglove_white":5,"minecraft:apple":11,"biomesoplenty:fir_boat":1,"minecraft:wheat_seeds":288,"minecraft:raw_gold":13,"minecraft:iron_ingot":18,"meadow:patched_wool":5,"candlelight:tomato":1,"bloomingnature:chestnut_sapling":1,"bloomingnature:freesia_pink":3,"biomesoplenty:toadstool":2,"bakery:strawberry":7,"minecraft:pumpkin":1,"minecraft:sweet_berries":38,"bloomingnature:tall_lupine_blue":2,"butchersdelight:skullcow":3,"butchersdelight:cow_hide":3,"minecraft:sand":20,"minecraft:spruce_sapling":5,"minecraft:spruce_log":8,"farmersdelight:ham":2,"butchersdelight:sheephide":5,"minecraft:pumpkin_seeds":3,"minecraft:diamond":11,"knightquest:small_essence":4,"minecraft:granite":14,"minecraft:bone_meal":2,"minecraft:gray_wool":1,"butchersdelight:deadllama":2,"minecraft:black_wool":1,"minecraft:coal":48,"minecraft:sunflower":3}},"DataVersion":3465}