{"stats":{"minecraft:broken":{"vanillaplustools:iron_hammer":1,"minecraft:shield":1,"vanillaplustools:stone_hammer":1,"minecraft:stone_axe":1,"minecraft:wooden_axe":2},"minecraft:used":{"minecraft:oak_fence":4,"minecraft:chest":2,"minecraft:shield":74,"vanillaplustools:stone_hammer":112,"minecraft:cooked_chicken":2,"minecraft:rotten_flesh":13,"minecraft:torch":28,"minecraft:carrot":1,"minecraft:tuff":8,"biomesoplenty:maple_sapling":9,"minecraft:wooden_axe":141,"minecraft:furnace":4,"minecraft:cobbled_deepslate":182,"minecraft:cooked_mutton":7,"minecraft:birch_planks":5,"minecraft:oak_planks":6,"minecraft:wooden_pickaxe":10,"minecraft:crafting_table":9,"minecraft:white_bed":2,"rpgsmw:copper_sickle":145,"minecraft:bread":3,"minecraft:iron_pickaxe":232,"biomesoplenty:yellow_autumn_sapling":5,"biomesoplenty:toadstool":2,"minecraft:stone_axe":122,"minecraft:cobblestone":97,"vanillaplustools:iron_hammer":243,"minecraft:cooked_porkchop":6,"minecraft:birch_log":13,"alexsmobs:animal_dictionary":1,"rpgsmw:copper_knife":102},"minecraft:custom":{"minecraft:mob_kills":55,"minecraft:interact_with_crafting_table":33,"minecraft:leave_game":5,"minecraft:time_since_death":5081,"minecraft:damage_resisted":574,"minecraft:sprint_one_cm":393963,"minecraft:walk_one_cm":554162,"minecraft:damage_blocked_by_shield":3235,"minecraft:drop":17,"minecraft:play_time":164745,"minecraft:deaths":16,"minecraft:sneak_time":1069,"minecraft:walk_under_water_one_cm":27425,"minecraft:jump":2818,"minecraft:walk_on_water_one_cm":50706,"minecraft:total_world_time":164745,"minecraft:interact_with_furnace":43,"minecraft:sleep_in_bed":4,"minecraft:time_since_rest":5112,"minecraft:damage_taken":5730,"minecraft:damage_dealt":7599,"minecraft:swim_one_cm":8816,"minecraft:fly_one_cm":379280,"minecraft:open_chest":15,"minecraft:crouch_one_cm":466,"minecraft:fall_one_cm":99436},"minecraft:crafted":{"minecraft:oak_planks":4,"vanillaplustools:stone_hammer":1,"minecraft:cooked_chicken":2,"minecraft:furnace":2,"minecraft:cooked_mutton":7,"vanillaplustools:iron_hammer":1,"minecraft:iron_boots":1,"minecraft:stone_pickaxe":9,"minecraft:chest":2,"minecraft:cooked_porkchop":5,"minecraft:crafting_table":4,"minecraft:wooden_pickaxe":1,"minecraft:iron_helmet":1,"minecraft:birch_planks":264,"minecraft:stone_axe":1,"minecraft:air":0,"minecraft:shield":1,"minecraft:stick":36,"minecraft:iron_ingot":58,"minecraft:iron_pickaxe":11,"minecraft:wooden_axe":2,"minecraft:iron_leggings":1,"minecraft:white_bed":1,"minecraft:torch":28},"minecraft:killed":{"minecraft:cave_spider":3,"alexsmobs:raccoon":1,"minecraft:spider":2,"alexsmobs:tasmanian_devil":1,"alexsmobs:sugar_glider":1,"minecraft:skeleton":10,"minecraft:chicken":4,"minecraft:pig":2,"minecraft:zombie_villager":1,"minecraft:salmon":2,"minecraft:sheep":5,"minecraft:zombie":20},"minecraft:picked_up":{"minecraft:crafting_table":5,"minecraft:chicken":6,"biomesoplenty:orange_autumn_sapling":4,"gravestone:obituary":1,"biomesoplenty:yellow_autumn_sapling":5,"minecraft:string":42,"minecraft:raw_copper":16,"minecraft:cobbled_deepslate":669,"rpgsmw:rawmiphrilignot":2,"minecraft:iron_pickaxe":1,"minecraft:chest":1,"minecraft:birch_sapling":38,"minecraft:egg":1,"minecraft:furnace":2,"minecraft:stick":29,"minecraft:raw_iron":73,"minecraft:oak_fence":8,"minecraft:torch":2,"minecraft:porkchop":9,"minecraft:diorite":8,"minecraft:carrot":1,"minecraft:redstone":242,"minecraft:arrow":19,"minecraft:rotten_flesh":22,"minecraft:peony":3,"minecraft:mutton":7,"minecraft:rail":2,"minecraft:white_wool":4,"minecraft:cobblestone":161,"minecraft:birch_log":85,"minecraft:feather":2,"minecraft:lilac":1,"rpgsmw:copper_sickle":1,"minecraft:salmon":2,"minecraft:andesite":13,"minecraft:birch_planks":58,"paraglider:spirit_orb":2,"minecraft:tuff":123,"minecraft:oak_log":15,"minecraft:gunpowder":4,"minecraft:lapis_lazuli":114,"minecraft:dirt":11,"minecraft:bone":10,"minecraft:apple":1,"minecraft:wheat_seeds":5,"minecraft:raw_gold":10,"minecraft:iron_ingot":2,"minecraft:oak_planks":10,"biomesoplenty:toadstool":2,"minecraft:cooked_porkchop":1,"rpgsmw:copper_knife":3,"minecraft:gravel":2,"minecraft:spruce_sapling":1,"minecraft:white_bed":1,"minecraft:dark_oak_log":6,"minecraft:spider_eye":1,"biomesoplenty:maple_sapling":9,"minecraft:diamond":32,"minecraft:granite":3,"alexsmobs:banana_slug_slime":1,"biomesoplenty:pink_daffodil":12,"minecraft:black_wool":1,"minecraft:coal":33},"minecraft:dropped":{"minecraft:iron_ingot":1,"minecraft:wheat_seeds":2,"minecraft:lilac":1,"minecraft:cobblestone":26,"minecraft:dirt":3,"gravestone:obituary":1,"minecraft:iron_pickaxe":1,"rpgsmw:copper_knife":2,"minecraft:spruce_sapling":1,"minecraft:oak_planks":2,"minecraft:pumpkin_seeds":4,"minecraft:peony":3,"minecraft:black_wool":1,"slashblade:proudsoul_tiny":1},"minecraft:killed_by":{"minecraft:cave_spider":4,"alexsmobs:centipede_head":1,"minecraft:skeleton":3,"minecraft:zombie":2},"minecraft:mined":{"minecraft:tuff":137,"minecraft:white_bed":1,"rpgsmw:miphrildeepslateore":1,"minecraft:deepslate_diamond_ore":32,"minecraft:dark_oak_log":6,"gravestone:gravestone":14,"minecraft:granite":8,"minecraft:grass_block":5,"minecraft:spruce_leaves":9,"minecraft:spawner":2,"minecraft:redstone_ore":7,"minecraft:furnace":2,"biomesoplenty:toadstool":3,"minecraft:fire":2,"minecraft:iron_ore":32,"minecraft:cobbled_deepslate":8,"minecraft:andesite":16,"minecraft:deepslate_lapis_ore":14,"minecraft:peony":3,"biomesoplenty:high_grass":8,"minecraft:deepslate_iron_ore":43,"minecraft:stone":99,"minecraft:deepslate_redstone_ore":67,"minecraft:oak_fence":1,"minecraft:crafting_table":5,"biomesoplenty:high_grass_plant":2,"minecraft:copper_ore":1,"minecraft:cobblestone":2,"minecraft:lapis_ore":8,"biomesoplenty:sprout":1,"minecraft:deepslate_gold_ore":11,"minecraft:oak_planks":2,"minecraft:diorite":22,"minecraft:deepslate_copper_ore":5,"minecraft:birch_planks":2,"minecraft:birch_log":82,"biomesoplenty:pink_daffodil":12,"minecraft:lilac":1,"minecraft:birch_leaves":2,"minecraft:grass":28,"minecraft:oak_log":46,"minecraft:coal_ore":24,"minecraft:gravel":1,"minecraft:dirt":4,"minecraft:cobweb":45,"minecraft:deepslate":2310,"minecraft:fern":2}},"DataVersion":3465}