{"stats":{"minecraft:used":{"minecraft:stone_pickaxe":52,"minecraft:wooden_pickaxe":12,"minecraft:sandstone":1,"minecraft:sand":4,"minecraft:cobblestone":7,"minecraft:crafting_table":1,"vinery:red_grape_seeds":1},"minecraft:mined":{"minecraft:iron_ore":18,"minecraft:granite":1,"gravestone:gravestone":1,"minecraft:grass":1,"bloomingnature:fan_palm_log":1,"vinery:red_grape_bush":2,"minecraft:oak_log":1,"minecraft:coal_ore":28,"minecraft:sand":4,"minecraft:tall_grass":1,"minecraft:stone":17,"minecraft:oak_leaves":3},"minecraft:crafted":{"minecraft:oak_planks":4,"minecraft:crafting_table":2,"minecraft:stick":8,"minecraft:stone_pickaxe":1,"minecraft:stone_sword":1,"bloomingnature:fan_palm_planks":8,"minecraft:stone_axe":1},"minecraft:custom":{"minecraft:time_since_rest":1097,"minecraft:sprint_one_cm":29330,"minecraft:damage_taken":350,"minecraft:walk_one_cm":71848,"minecraft:damage_dealt":14,"minecraft:interact_with_crafting_table":1,"minecraft:fly_one_cm":36408,"minecraft:open_chest":1,"minecraft:play_time":12096,"minecraft:deaths":1,"minecraft:walk_under_water_one_cm":137,"minecraft:jump":234,"minecraft:time_since_death":1072,"minecraft:walk_on_water_one_cm":3256,"minecraft:total_world_time":12096,"minecraft:fall_one_cm":5411},"minecraft:picked_up":{"minecraft:wooden_axe":1,"minecraft:raw_iron":18,"minecraft:sandstone":1,"minecraft:wooden_pickaxe":1,"vinery:red_grape_seeds":5,"minecraft:sand":4,"minecraft:oak_log":1,"bloomingnature:fan_palm_log":2,"vinery:apple_tree_sapling":2,"minecraft:granite":1,"minecraft:coal":27,"minecraft:cobblestone":17}},"DataVersion":3465}