{"stats":{"minecraft:custom":{"minecraft:mob_kills":19,"minecraft:interact_with_crafting_table":25,"minecraft:open_barrel":1,"minecraft:leave_game":1,"minecraft:time_since_death":4275,"minecraft:sprint_one_cm":287048,"minecraft:walk_one_cm":589781,"minecraft:damage_blocked_by_shield":50,"minecraft:drop":4,"minecraft:talked_to_villager":2,"minecraft:play_time":96240,"minecraft:deaths":3,"minecraft:sneak_time":1580,"minecraft:walk_under_water_one_cm":17631,"minecraft:jump":2274,"minecraft:walk_on_water_one_cm":41920,"minecraft:total_world_time":96240,"minecraft:interact_with_furnace":20,"minecraft:sleep_in_bed":5,"minecraft:time_since_rest":3960,"minecraft:damage_taken":1639,"minecraft:damage_dealt":5236,"minecraft:swim_one_cm":61772,"minecraft:fly_one_cm":743790,"minecraft:open_chest":17,"minecraft:crouch_one_cm":10150,"minecraft:fall_one_cm":57879},"minecraft:picked_up":{"minecraft:wooden_axe":1,"minecraft:crafting_table":1,"minecraft:wheat":73,"minecraft:chicken":1,"minecraft:enchanted_book":1,"bloomingnature:beach_grass":1,"minecraft:string":3,"minecraft:beetroot":2,"beachparty:seashell":15,"butchersdelight:dead_cow":3,"butchersdelight:cleaver":1,"minecraft:cobbled_deepslate":9,"minecraft:spruce_planks":7,"minecraft:beef":12,"minecraft:rose_bush":3,"bloomingnature:beach_bush_tall":2,"minecraft:poppy":2,"bloomingnature:fan_palm_sprout":1,"minecraft:stick":8,"minecraft:raw_iron":23,"minecraft:oak_fence":1,"minecraft:porkchop":8,"minecraft:carrot":75,"meadow:inky_wool":1,"butchersdelight:deadsheep":6,"minecraft:rotten_flesh":2,"minecraft:beetroot_seeds":11,"minecraft:mutton":16,"minecraft:cod":4,"minecraft:cobblestone":45,"minecraft:lilac":3,"minecraft:brown_wool":1,"minecraft:leather":5,"minecraft:potato":11,"biomesoplenty:fir_sapling":2,"biomesoplenty:fir_log":40,"butchersdelight:deadpig":2,"bloomingnature:genisteae":1,"minecraft:yellow_bed":2,"minecraft:lapis_lazuli":26,"minecraft:dirt":11,"brewery:hops_seeds":11,"minecraft:bone":9,"bloomingnature:foxglove_white":1,"minecraft:apple":1,"minecraft:wheat_seeds":189,"minecraft:raw_gold":13,"minecraft:iron_ingot":8,"meadow:patched_wool":2,"candlelight:tomato":1,"biomesoplenty:toadstool":2,"bloomingnature:tall_lupine_blue":2,"butchersdelight:skullcow":3,"butchersdelight:cow_hide":3,"minecraft:sand":20,"minecraft:spruce_sapling":4,"minecraft:spruce_log":8,"farmersdelight:ham":2,"butchersdelight:sheephide":4,"minecraft:diamond":9,"knightquest:small_essence":1,"minecraft:granite":7,"minecraft:bone_meal":2,"minecraft:coal":48,"minecraft:sunflower":3},"minecraft:killed":{"alexsmobs:raccoon":1,"minecraft:cod":4,"minecraft:horse":4,"alexsmobs:orca":1,"alexsmobs:banana_slug":1,"alexsmobs:centipede_head":1,"minecraft:iron_golem":2,"minecraft:sheep":4,"minecraft:zombie":1},"minecraft:mined":{"minecraft:spruce_planks":7,"minecraft:deepslate_diamond_ore":9,"farmersdelight:wild_carrots":11,"gravestone:gravestone":3,"butchersdelight:deadsheepblock":2,"minecraft:granite":8,"minecraft:grass_block":8,"bloomingnature:genisteae":1,"minecraft:spruce_leaves":1,"minecraft:spawner":1,"beachparty:seashell_block":15,"minecraft:carrots":24,"biomesoplenty:toadstool":2,"minecraft:iron_ore":22,"minecraft:deepslate_lapis_ore":4,"minecraft:potatoes":4,"minecraft:deepslate_iron_ore":1,"minecraft:stone":38,"brewery:wild_hops":6,"minecraft:oak_fence":1,"minecraft:crafting_table":1,"bloomingnature:tall_lupine_blue":2,"minecraft:rose_bush":3,"candlelight:wild_tomatoes":1,"bloomingnature:foxglove_white":1,"minecraft:tall_grass":18,"minecraft:cobblestone":7,"biomesoplenty:sprout":7,"minecraft:deepslate_gold_ore":13,"farmersdelight:wild_beetroots":8,"farmersdelight:sandy_shrub":2,"minecraft:wheat":85,"minecraft:lilac":5,"minecraft:spruce_log":7,"minecraft:yellow_bed":2,"biomesoplenty:fir_log":40,"minecraft:grass":39,"minecraft:coal_ore":44,"minecraft:beetroots":1,"bloomingnature:beach_grass":1,"minecraft:sunflower":3,"minecraft:sand":20,"minecraft:dirt":4,"minecraft:cobweb":3,"biomesoplenty:fir_sapling":2,"bloomingnature:beach_bush_tall":1,"minecraft:deepslate":9,"minecraft:fern":5},"minecraft:dropped":{"bloomingnature:beach_bush_tall":1,"butchersdelight:cleaver":1,"bloomingnature:tall_lupine_blue":1,"farmersdelight:ham":1},"minecraft:killed_by":{"minecraft:iron_golem":1,"alexsmobs:cachalot_whale":1,"minecraft:skeleton":1},"minecraft:broken":{"minecraft:wooden_pickaxe":1,"minecraft:wooden_axe":1},"minecraft:crafted":{"minecraft:iron_nugget":18,"minecraft:furnace":1,"minecraft:cooked_mutton":16,"minecraft:glass":20,"minecraft:stone_pickaxe":1,"minecraft:chest":2,"minecraft:cooked_beef":12,"minecraft:cooked_porkchop":8,"butchersdelight:hook":3,"minecraft:crafting_table":2,"minecraft:spruce_planks":32,"travelersbackpack:backpack_tank":2,"minecraft:wooden_pickaxe":1,"butchersdelight:cleaver":1,"minecraft:stone_axe":1,"minecraft:air":0,"biomesoplenty:fir_planks":28,"minecraft:shield":1,"minecraft:stick":8,"minecraft:iron_ingot":19,"minecraft:iron_pickaxe":1,"minecraft:stone_sword":1,"minecraft:iron_shovel":1},"minecraft:used":{"minecraft:stone_sword":89,"minecraft:iron_shovel":27,"minecraft:spruce_planks":24,"minecraft:chest":2,"minecraft:shield":2,"butchersdelight:hook":3,"minecraft:dirt":5,"minecraft:carrot":14,"minecraft:wooden_axe":15,"butchersdelight:cleaver":2,"biomesoplenty:fir_sapling":2,"minecraft:furnace":1,"minecraft:cooked_beef":2,"minecraft:wheat_seeds":156,"minecraft:cooked_mutton":7,"minecraft:stone_pickaxe":75,"minecraft:wooden_pickaxe":51,"minecraft:crafting_table":3,"minecraft:iron_pickaxe":56,"farmersdelight:ham":1,"minecraft:stone_axe":81,"minecraft:cobblestone":9,"minecraft:cooked_porkchop":4,"minecraft:yellow_bed":2}},"DataVersion":3465}