{"stats":{"minecraft:killed_by":{"alexsmobs:centipede_head":1,"minecraft:skeleton":1,"minecraft:zombie":2,"alexsmobs:bison":1},"minecraft:crafted":{"minecraft:oak_planks":12,"minecraft:raw_iron":27,"minecraft:crafting_table":3,"minecraft:iron_helmet":1,"minecraft:iron_sword":1,"minecraft:furnace":1,"minecraft:bucket":1,"bloomingnature:fan_palm_planks":8,"minecraft:stone_axe":1,"minecraft:air":0,"minecraft:iron_boots":1,"minecraft:iron_chestplate":1,"minecraft:shield":1,"minecraft:stick":28,"minecraft:iron_ingot":52,"minecraft:iron_pickaxe":1,"minecraft:stone_pickaxe":1,"minecraft:stone_sword":1,"minecraft:iron_leggings":1,"minecraft:torch":36},"minecraft:killed":{"minecraft:cave_spider":3,"bloomingnature:termite":2,"naturalist:firefly":1,"minecraft:spider":2,"hamsters:hamster":1,"alexsmobs:murmur":1,"minecraft:skeleton":4,"minecraft:zombie":14,"alexsmobs:bison":1,"minecraft:enderman":1},"minecraft:used":{"minecraft:water_bucket":31,"epicfight:skillbook":4,"minecraft:stone_sword":90,"minecraft:stone_pickaxe":119,"minecraft:oak_planks":9,"minecraft:wooden_pickaxe":12,"minecraft:shield":14,"minecraft:sandstone":1,"minecraft:iron_sword":85,"minecraft:rotten_flesh":14,"minecraft:golden_apple":1,"minecraft:iron_chestplate":1,"minecraft:torch":63,"minecraft:glow_berries":6,"minecraft:dirt":3,"minecraft:sand":4,"minecraft:crafting_table":5,"minecraft:carrot":1,"minecraft:tuff":4,"minecraft:granite":1,"beachparty:coconut_open":1,"minecraft:bread":6,"minecraft:iron_pickaxe":248,"minecraft:iron_helmet":1,"minecraft:iron_boots":1,"minecraft:stone_axe":67,"minecraft:cobblestone":44,"candlelight:tomato":5,"minecraft:furnace":2,"minecraft:bucket":32,"minecraft:cobbled_deepslate":41,"vinery:red_grape_seeds":1,"minecraft:iron_leggings":1},"minecraft:dropped":{"minecraft:stone_sword":2,"minecraft:oak_planks":2,"minecraft:granite":4,"minecraft:red_wool":1,"gravestone:obituary":2,"minecraft:iron_pickaxe":1},"minecraft:mined":{"minecraft:deepslate_redstone_ore":16,"minecraft:tuff":14,"bloomingnature:termite_mound":3,"minecraft:deepslate_diamond_ore":17,"minecraft:crafting_table":2,"minecraft:torch":1,"gravestone:gravestone":7,"minecraft:granite":3,"vinery:red_grape_bush":2,"minecraft:grass_block":4,"candlelight:wild_tomatoes":5,"minecraft:tall_grass":8,"minecraft:cobblestone":5,"minecraft:deepslate_gold_ore":16,"minecraft:oak_planks":22,"minecraft:wall_torch":1,"minecraft:spawner":4,"minecraft:raw_iron_block":3,"minecraft:furnace":1,"minecraft:iron_ore":37,"minecraft:cobbled_deepslate":4,"minecraft:deepslate_lapis_ore":2,"minecraft:grass":16,"bloomingnature:fan_palm_log":1,"minecraft:oak_log":3,"minecraft:coal_ore":35,"minecraft:deepslate_iron_ore":114,"minecraft:rail":1,"minecraft:sand":4,"minecraft:dirt":2,"minecraft:cobweb":50,"minecraft:smooth_basalt":1,"minecraft:stone":58,"bloomingnature:beach_bush_tall":1,"minecraft:oak_leaves":3,"minecraft:deepslate":36},"minecraft:custom":{"minecraft:interact_with_furnace":24,"minecraft:mob_kills":30,"minecraft:interact_with_crafting_table":15,"minecraft:leave_game":2,"minecraft:time_since_death":5623,"minecraft:time_since_rest":5679,"minecraft:sprint_one_cm":450792,"minecraft:damage_taken":2481,"minecraft:walk_one_cm":630259,"minecraft:damage_blocked_by_shield":635,"minecraft:drop":9,"minecraft:damage_dealt":5585,"minecraft:fly_one_cm":641346,"minecraft:open_chest":1,"minecraft:play_time":106210,"minecraft:crouch_one_cm":895,"minecraft:deaths":7,"minecraft:sneak_time":675,"minecraft:walk_under_water_one_cm":25078,"minecraft:jump":2483,"minecraft:walk_on_water_one_cm":35767,"minecraft:total_world_time":106210,"minecraft:fall_one_cm":54725},"minecraft:picked_up":{"minecraft:wooden_axe":1,"minecraft:crafting_table":2,"minecraft:wooden_pickaxe":1,"vinery:red_grape_seeds":5,"minecraft:tuff":11,"minecraft:oak_log":3,"gravestone:obituary":1,"bloomingnature:fan_palm_log":2,"minecraft:dirt":3,"minecraft:lapis_lazuli":14,"minecraft:string":56,"minecraft:bone":3,"beachparty:coconut_open":1,"minecraft:bow":1,"minecraft:wheat_seeds":5,"minecraft:cobbled_deepslate":41,"vinery:apple_tree_sapling":2,"minecraft:raw_gold":16,"minecraft:iron_ingot":1,"candlelight:tomato":5,"alexsmobs:elastic_tendon":1,"minecraft:iron_pickaxe":1,"minecraft:oak_planks":23,"minecraft:furnace":1,"minecraft:raw_iron":152,"minecraft:sandstone":1,"minecraft:torch":3,"minecraft:red_wool":1,"minecraft:raw_iron_block":3,"minecraft:gravel":1,"epicfight:skillbook":2,"minecraft:sand":4,"minecraft:carrot":1,"minecraft:redstone":49,"minecraft:stone_sword":2,"minecraft:arrow":3,"minecraft:rotten_flesh":14,"minecraft:diamond":18,"knightquest:small_essence":19,"minecraft:granite":5,"alexsdelight:raw_bison":5,"minecraft:bread":6,"minecraft:melon_seeds":1,"minecraft:coal":56,"minecraft:rail":23,"minecraft:cobblestone":60},"minecraft:broken":{"minecraft:stone_sword":1,"minecraft:iron_pickaxe":1}},"DataVersion":3465}