{"stats":{"minecraft:custom":{"minecraft:time_since_rest":24240,"minecraft:sprint_one_cm":59398,"minecraft:walk_one_cm":241579,"minecraft:damage_taken":190,"minecraft:mob_kills":4,"minecraft:damage_dealt":542,"minecraft:interact_with_crafting_table":1,"minecraft:swim_one_cm":7153,"minecraft:fly_one_cm":138539,"minecraft:crouch_one_cm":233,"minecraft:play_time":24240,"minecraft:sneak_time":237,"minecraft:walk_under_water_one_cm":3198,"minecraft:jump":673,"minecraft:leave_game":1,"minecraft:time_since_death":24240,"minecraft:walk_on_water_one_cm":10153,"minecraft:total_world_time":24240,"minecraft:fall_one_cm":14127},"minecraft:picked_up":{"minecraft:wooden_axe":1,"minecraft:wheat":3,"minecraft:stick":7,"minecraft:crafting_table":1,"minecraft:lilac":3,"minecraft:brown_wool":1,"bloomingnature:tall_lupine_blue":1,"minecraft:spruce_sapling":4,"minecraft:yellow_bed":1,"minecraft:carrot":12,"minecraft:spruce_log":8,"meadow:inky_wool":1,"bloomingnature:beach_grass":1,"minecraft:dirt":5,"brewery:hops_seeds":11,"butchersdelight:deadsheep":4,"beachparty:seashell":15,"minecraft:beetroot":1,"minecraft:beetroot_seeds":8,"minecraft:wheat_seeds":8,"minecraft:spruce_planks":7,"minecraft:rose_bush":3,"meadow:patched_wool":2,"bloomingnature:beach_bush_tall":1,"bloomingnature:fan_palm_sprout":1,"minecraft:sunflower":3,"minecraft:cobblestone":27},"minecraft:mined":{"farmersdelight:wild_beetroots":8,"farmersdelight:sandy_shrub":2,"minecraft:spruce_planks":7,"minecraft:carrots":1,"brewery:wild_hops":6,"minecraft:wheat":4,"farmersdelight:wild_carrots":11,"minecraft:lilac":5,"minecraft:spruce_log":7,"minecraft:yellow_bed":1,"minecraft:crafting_table":1,"bloomingnature:tall_lupine_blue":2,"minecraft:grass":13,"minecraft:grass_block":5,"bloomingnature:beach_grass":1,"minecraft:rose_bush":3,"minecraft:sunflower":3,"minecraft:tall_grass":5,"biomesoplenty:sprout":7,"minecraft:spruce_leaves":1,"minecraft:stone":27,"bloomingnature:beach_bush_tall":1,"beachparty:seashell_block":15},"minecraft:killed":{"minecraft:sheep":4},"minecraft:broken":{"minecraft:wooden_axe":1,"minecraft:wooden_pickaxe":1},"minecraft:crafted":{"minecraft:spruce_planks":28,"minecraft:stick":4,"minecraft:wooden_pickaxe":1},"minecraft:used":{"minecraft:wooden_axe":15,"minecraft:spruce_planks":16,"minecraft:wooden_pickaxe":51,"minecraft:crafting_table":1,"minecraft:carrot":14}},"DataVersion":3465}