{"stats":{"minecraft:used":{"minecraft:water_bucket":10,"minecraft:stone_sword":33,"minecraft:stone_pickaxe":119,"minecraft:oak_planks":8,"minecraft:wooden_pickaxe":12,"minecraft:shield":12,"minecraft:sandstone":1,"minecraft:rotten_flesh":6,"minecraft:iron_chestplate":1,"minecraft:torch":33,"minecraft:sand":4,"minecraft:crafting_table":3,"minecraft:tuff":4,"minecraft:granite":1,"minecraft:bread":6,"minecraft:iron_pickaxe":65,"minecraft:iron_helmet":1,"minecraft:iron_boots":1,"minecraft:stone_axe":65,"minecraft:cobblestone":29,"minecraft:furnace":2,"minecraft:bucket":11,"vinery:red_grape_seeds":1,"minecraft:iron_leggings":1},"minecraft:mined":{"minecraft:tuff":5,"minecraft:deepslate_diamond_ore":8,"minecraft:crafting_table":1,"minecraft:torch":1,"gravestone:gravestone":3,"minecraft:granite":3,"vinery:red_grape_bush":2,"minecraft:tall_grass":1,"minecraft:cobblestone":5,"minecraft:deepslate_gold_ore":1,"minecraft:oak_planks":22,"minecraft:spawner":2,"minecraft:raw_iron_block":1,"minecraft:furnace":1,"minecraft:iron_ore":37,"minecraft:deepslate_lapis_ore":2,"minecraft:grass":1,"bloomingnature:fan_palm_log":1,"minecraft:coal_ore":28,"minecraft:oak_log":3,"minecraft:deepslate_iron_ore":42,"minecraft:sand":4,"minecraft:cobweb":8,"minecraft:smooth_basalt":1,"minecraft:stone":46,"minecraft:oak_leaves":3,"minecraft:deepslate":11},"minecraft:crafted":{"minecraft:oak_planks":12,"minecraft:raw_iron":9,"minecraft:crafting_table":2,"minecraft:iron_helmet":1,"minecraft:furnace":1,"minecraft:bucket":1,"bloomingnature:fan_palm_planks":8,"minecraft:stone_axe":1,"minecraft:air":0,"minecraft:iron_chestplate":1,"minecraft:iron_boots":1,"minecraft:shield":1,"minecraft:stick":16,"minecraft:iron_ingot":45,"minecraft:iron_pickaxe":1,"minecraft:stone_pickaxe":1,"minecraft:stone_sword":1,"minecraft:iron_leggings":1,"minecraft:torch":36},"minecraft:killed_by":{"alexsmobs:centipede_head":1,"minecraft:zombie":1},"minecraft:dropped":{"minecraft:stone_sword":2,"minecraft:iron_pickaxe":1},"minecraft:custom":{"minecraft:interact_with_furnace":21,"minecraft:mob_kills":15,"minecraft:interact_with_crafting_table":13,"minecraft:leave_game":1,"minecraft:time_since_death":5415,"minecraft:time_since_rest":5442,"minecraft:sprint_one_cm":191902,"minecraft:damage_taken":1127,"minecraft:walk_one_cm":276527,"minecraft:damage_blocked_by_shield":545,"minecraft:drop":3,"minecraft:damage_dealt":2689,"minecraft:fly_one_cm":223068,"minecraft:open_chest":1,"minecraft:crouch_one_cm":895,"minecraft:play_time":48378,"minecraft:deaths":3,"minecraft:sneak_time":675,"minecraft:walk_under_water_one_cm":10955,"minecraft:jump":1028,"minecraft:walk_on_water_one_cm":17652,"minecraft:total_world_time":48378,"minecraft:fall_one_cm":21764},"minecraft:killed":{"minecraft:cave_spider":1,"minecraft:skeleton":3,"minecraft:zombie":11},"minecraft:picked_up":{"minecraft:wooden_axe":1,"minecraft:crafting_table":1,"minecraft:wooden_pickaxe":1,"vinery:red_grape_seeds":5,"minecraft:tuff":5,"minecraft:oak_log":3,"bloomingnature:fan_palm_log":2,"minecraft:lapis_lazuli":14,"minecraft:string":8,"minecraft:bone":2,"beachparty:coconut_open":1,"minecraft:bow":1,"minecraft:raw_gold":1,"minecraft:cobbled_deepslate":14,"vinery:apple_tree_sapling":2,"minecraft:iron_ingot":1,"minecraft:iron_pickaxe":1,"minecraft:oak_planks":21,"minecraft:furnace":1,"minecraft:raw_iron":80,"minecraft:sandstone":1,"minecraft:torch":2,"minecraft:gravel":1,"epicfight:skillbook":1,"minecraft:raw_iron_block":1,"minecraft:sand":4,"minecraft:carrot":1,"minecraft:stone_sword":2,"minecraft:arrow":3,"minecraft:rotten_flesh":9,"minecraft:diamond":9,"knightquest:small_essence":12,"minecraft:granite":5,"minecraft:bread":6,"minecraft:coal":49,"minecraft:cobblestone":51}},"DataVersion":3465}