{"stats":{"minecraft:custom":{"minecraft:interact_with_furnace":12,"minecraft:mob_kills":13,"minecraft:interact_with_crafting_table":13,"minecraft:time_since_death":33209,"minecraft:leave_game":1,"minecraft:sleep_in_bed":3,"minecraft:time_since_rest":2017,"minecraft:sprint_one_cm":138548,"minecraft:damage_taken":661,"minecraft:walk_one_cm":439923,"minecraft:drop":2,"minecraft:damage_dealt":4300,"minecraft:talked_to_villager":2,"minecraft:swim_one_cm":9967,"minecraft:fly_one_cm":404513,"minecraft:open_chest":7,"minecraft:crouch_one_cm":337,"minecraft:play_time":60240,"minecraft:deaths":1,"minecraft:sneak_time":487,"minecraft:walk_under_water_one_cm":6485,"minecraft:jump":1377,"minecraft:walk_on_water_one_cm":13174,"minecraft:total_world_time":60240,"minecraft:fall_one_cm":31890},"minecraft:picked_up":{"minecraft:wooden_axe":1,"minecraft:crafting_table":1,"minecraft:wheat":73,"minecraft:lilac":3,"minecraft:leather":5,"minecraft:brown_wool":1,"minecraft:potato":11,"biomesoplenty:fir_sapling":2,"biomesoplenty:fir_log":40,"minecraft:enchanted_book":1,"butchersdelight:deadpig":2,"bloomingnature:genisteae":1,"minecraft:yellow_bed":2,"bloomingnature:beach_grass":1,"minecraft:dirt":7,"brewery:hops_seeds":11,"minecraft:bone":9,"butchersdelight:dead_cow":3,"beachparty:seashell":15,"bloomingnature:foxglove_white":1,"minecraft:beetroot":2,"minecraft:wheat_seeds":189,"candlelight:tomato":1,"minecraft:beef":12,"minecraft:spruce_planks":7,"minecraft:iron_ingot":8,"bloomingnature:beach_bush_tall":2,"meadow:patched_wool":2,"minecraft:rose_bush":3,"minecraft:poppy":2,"bloomingnature:fan_palm_sprout":1,"biomesoplenty:toadstool":2,"minecraft:stick":8,"minecraft:oak_fence":1,"bloomingnature:tall_lupine_blue":2,"butchersdelight:skullcow":3,"butchersdelight:cow_hide":3,"minecraft:porkchop":8,"minecraft:spruce_sapling":4,"minecraft:spruce_log":8,"minecraft:carrot":75,"farmersdelight:ham":2,"meadow:inky_wool":1,"butchersdelight:sheephide":4,"butchersdelight:deadsheep":6,"minecraft:beetroot_seeds":11,"minecraft:bone_meal":1,"minecraft:cod":1,"minecraft:mutton":16,"minecraft:coal":48,"minecraft:cobblestone":30,"minecraft:sunflower":3},"minecraft:killed":{"alexsmobs:raccoon":1,"minecraft:iron_golem":2,"minecraft:cod":1,"minecraft:horse":4,"minecraft:sheep":4,"alexsmobs:orca":1},"minecraft:mined":{"minecraft:spruce_planks":7,"brewery:wild_hops":6,"farmersdelight:wild_carrots":11,"minecraft:oak_fence":1,"minecraft:crafting_table":1,"butchersdelight:deadsheepblock":2,"gravestone:gravestone":1,"bloomingnature:tall_lupine_blue":2,"minecraft:grass_block":6,"minecraft:rose_bush":3,"candlelight:wild_tomatoes":1,"bloomingnature:foxglove_white":1,"bloomingnature:genisteae":1,"minecraft:tall_grass":14,"minecraft:spruce_leaves":1,"biomesoplenty:sprout":7,"beachparty:seashell_block":15,"farmersdelight:wild_beetroots":8,"farmersdelight:sandy_shrub":2,"minecraft:carrots":24,"biomesoplenty:toadstool":2,"minecraft:wheat":85,"minecraft:lilac":5,"minecraft:spruce_log":7,"biomesoplenty:fir_log":40,"minecraft:yellow_bed":2,"minecraft:grass":37,"minecraft:coal_ore":44,"minecraft:potatoes":4,"minecraft:beetroots":1,"bloomingnature:beach_grass":1,"minecraft:sunflower":3,"minecraft:dirt":2,"biomesoplenty:fir_sapling":2,"minecraft:stone":30,"bloomingnature:beach_bush_tall":1,"minecraft:fern":5},"minecraft:dropped":{"bloomingnature:beach_bush_tall":1,"bloomingnature:tall_lupine_blue":1},"minecraft:killed_by":{"minecraft:iron_golem":1},"minecraft:broken":{"minecraft:wooden_axe":1,"minecraft:wooden_pickaxe":1},"minecraft:used":{"minecraft:wheat_seeds":156,"minecraft:cooked_mutton":3,"minecraft:stone_sword":67,"minecraft:stone_pickaxe":49,"minecraft:chest":2,"minecraft:spruce_planks":24,"minecraft:wooden_pickaxe":51,"butchersdelight:hook":3,"minecraft:dirt":5,"minecraft:crafting_table":3,"minecraft:carrot":14,"minecraft:wooden_axe":15,"butchersdelight:cleaver":1,"biomesoplenty:fir_sapling":2,"minecraft:stone_axe":66,"minecraft:furnace":1,"minecraft:yellow_bed":2,"minecraft:cooked_beef":2},"minecraft:crafted":{"minecraft:cooked_beef":12,"butchersdelight:hook":3,"minecraft:iron_nugget":18,"minecraft:crafting_table":2,"minecraft:spruce_planks":32,"minecraft:wooden_pickaxe":1,"minecraft:furnace":1,"butchersdelight:cleaver":1,"minecraft:stone_axe":1,"minecraft:cooked_mutton":16,"minecraft:air":0,"biomesoplenty:fir_planks":16,"minecraft:stick":4,"minecraft:stone_pickaxe":1,"minecraft:stone_sword":1,"minecraft:chest":2}},"DataVersion":3465}