{"stats":{"minecraft:custom":{"minecraft:mob_kills":7,"minecraft:interact_with_crafting_table":4,"minecraft:time_since_death":9209,"minecraft:leave_game":1,"minecraft:sleep_in_bed":1,"minecraft:time_since_rest":5361,"minecraft:sprint_one_cm":77293,"minecraft:damage_taken":571,"minecraft:walk_one_cm":333959,"minecraft:damage_dealt":1942,"minecraft:swim_one_cm":7153,"minecraft:fly_one_cm":179819,"minecraft:crouch_one_cm":239,"minecraft:play_time":36240,"minecraft:deaths":1,"minecraft:sneak_time":437,"minecraft:walk_under_water_one_cm":3198,"minecraft:jump":853,"minecraft:walk_on_water_one_cm":10791,"minecraft:total_world_time":36240,"minecraft:fall_one_cm":18055},"minecraft:picked_up":{"minecraft:wooden_axe":1,"minecraft:crafting_table":1,"minecraft:wheat":26,"minecraft:lilac":3,"minecraft:brown_wool":1,"minecraft:potato":11,"minecraft:enchanted_book":1,"bloomingnature:genisteae":1,"minecraft:yellow_bed":2,"bloomingnature:beach_grass":1,"minecraft:dirt":7,"brewery:hops_seeds":11,"beachparty:seashell":15,"bloomingnature:foxglove_white":1,"minecraft:beetroot":2,"minecraft:wheat_seeds":66,"minecraft:spruce_planks":7,"minecraft:iron_ingot":3,"bloomingnature:beach_bush_tall":1,"meadow:patched_wool":2,"minecraft:rose_bush":3,"minecraft:poppy":2,"bloomingnature:fan_palm_sprout":1,"biomesoplenty:toadstool":2,"minecraft:stick":7,"bloomingnature:tall_lupine_blue":1,"minecraft:spruce_sapling":4,"minecraft:spruce_log":8,"minecraft:carrot":43,"meadow:inky_wool":1,"butchersdelight:deadsheep":4,"minecraft:beetroot_seeds":11,"minecraft:cobblestone":27,"minecraft:sunflower":3},"minecraft:killed":{"alexsmobs:raccoon":1,"minecraft:iron_golem":1,"minecraft:sheep":4,"alexsmobs:orca":1},"minecraft:mined":{"minecraft:spruce_planks":7,"brewery:wild_hops":6,"farmersdelight:wild_carrots":11,"minecraft:crafting_table":1,"gravestone:gravestone":1,"bloomingnature:tall_lupine_blue":2,"minecraft:grass_block":6,"minecraft:rose_bush":3,"bloomingnature:foxglove_white":1,"bloomingnature:genisteae":1,"minecraft:tall_grass":12,"minecraft:spruce_leaves":1,"biomesoplenty:sprout":7,"beachparty:seashell_block":15,"farmersdelight:wild_beetroots":8,"farmersdelight:sandy_shrub":2,"minecraft:carrots":10,"biomesoplenty:toadstool":2,"minecraft:wheat":28,"minecraft:lilac":5,"minecraft:spruce_log":7,"minecraft:yellow_bed":2,"minecraft:grass":34,"minecraft:potatoes":4,"minecraft:beetroots":1,"bloomingnature:beach_grass":1,"minecraft:sunflower":3,"minecraft:dirt":2,"minecraft:stone":27,"bloomingnature:beach_bush_tall":1,"minecraft:fern":4},"minecraft:killed_by":{"minecraft:iron_golem":1},"minecraft:broken":{"minecraft:wooden_axe":1,"minecraft:wooden_pickaxe":1},"minecraft:crafted":{"minecraft:crafting_table":2,"minecraft:spruce_planks":32,"minecraft:wooden_pickaxe":1,"minecraft:stone_axe":1,"minecraft:stick":4,"minecraft:stone_pickaxe":1,"minecraft:stone_sword":1},"minecraft:used":{"minecraft:wheat_seeds":63,"minecraft:stone_sword":36,"minecraft:spruce_planks":22,"minecraft:wooden_pickaxe":51,"minecraft:dirt":5,"minecraft:crafting_table":3,"minecraft:carrot":14,"minecraft:wooden_axe":15,"minecraft:stone_axe":9,"minecraft:yellow_bed":2}},"DataVersion":3465}