{"stats":{"minecraft:picked_up":{"minecraft:wheat":57,"minecraft:iron_chestplate":1,"biomesoplenty:burning_blossom":6,"minecraft:diamond_sword":1,"minecraft:smithing_table":1,"minecraft:lead":2,"biomesoplenty:orange_autumn_sapling":4,"minecraft:gilded_blackstone":4,"minecraft:amethyst_block":11,"minecraft:string":94,"minecraft:raw_copper":39,"biomesoplenty:yellow_autumn_sapling":10,"minecraft:shroomlight":1,"alexsmobs:blood_sac":5,"minecraft:gold_nugget":3,"minecraft:cobbled_deepslate":1430,"rpgsmw:rawmiphrilignot":11,"minecraft:rose_bush":14,"minecraft:calcite":4,"minecraft:iron_pickaxe":1,"cosmeticarmoursmod:white_skirt_chestplate":1,"minecraft:furnace":4,"minecraft:stick":107,"minecraft:oak_fence":8,"minecraft:torch":2,"minecraft:porkchop":13,"minecraft:diorite":10,"slashblade:proudsoul":1,"minecraft:rotten_flesh":67,"minecraft:obsidian":15,"minecraft:cobblestone":343,"biomesoplenty:lavender":1,"minecraft:birch_log":113,"minecraft:feather":2,"minecraft:lilac":1,"minecraft:andesite":18,"minecraft:golden_leggings":1,"cosmeticarmoursmod:black_skirt_chestplate":2,"minecraft:potato":164,"paraglider:spirit_orb":6,"minecraft:flint":1,"minecraft:tuff":235,"travelersbackpack:gold_tier_upgrade":1,"minecraft:lapis_lazuli":239,"minecraft:dirt":37,"cosmeticarmoursmod:crown_helmet":2,"minecraft:bone":23,"minecraft:bow":1,"minecraft:wheat_seeds":174,"minecraft:raw_gold":82,"slashblade:slashblade":1,"minecraft:oak_planks":10,"biomesoplenty:toadstool":2,"minecraft:chiseled_polished_blackstone":1,"minecraft:cooked_porkchop":6,"minecraft:warped_wart_block":78,"rpgsmw:copper_knife":3,"minecraft:dark_oak_log":6,"rpgsmw:class_choose_orb":1,"alexsmobs:kangaroo_hide":1,"minecraft:diamond":45,"rpgsmw:class_remove_orb":1,"minecraft:cracked_polished_blackstone_bricks":32,"minecraft:granite":10,"minecraft:bread":25,"minecraft:emerald":1,"alexsmobs:banana_slug_slime":1,"biomesoplenty:pink_daffodil":12,"minecraft:oak_sapling":2,"cosmeticarmoursmod:white_skirt_boots":4,"minecraft:netherrack":213,"minecraft:diamond_pickaxe":4,"minecraft:crafting_table":6,"minecraft:chicken":6,"biomesoplenty:jacaranda_sapling":114,"minecraft:gold_block":16,"gravestone:obituary":1,"minecraft:blackstone":218,"minecraft:poppy":2,"minecraft:birch_sapling":38,"minecraft:chest":1,"minecraft:egg":1,"minecraft:raw_iron":304,"minecraft:polished_blackstone_bricks":72,"minecraft:carrot":1,"minecraft:redstone":335,"minecraft:arrow":33,"biomesoplenty:jacaranda_log":336,"cosmeticarmoursmod:white_skirt_leggings":3,"minecraft:peony":3,"minecraft:hay_block":16,"minecraft:mutton":20,"minecraft:white_wool":11,"alexsmobs:kangaroo_meat":1,"minecraft:rail":2,"rpgsmw:copper_sickle":1,"minecraft:salmon":2,"minecraft:leather":7,"minecraft:birch_planks":58,"minecraft:oak_log":75,"biomesoplenty:jacaranda_planks":6,"minecraft:gunpowder":11,"alexsmobs:mosquito_proboscis":1,"minecraft:apple":3,"minecraft:warped_stem":6,"alexsmobs:cockroach_wing_fragment":2,"minecraft:iron_ingot":5,"minecraft:glass_bottle":1,"minecraft:smooth_basalt":1,"minecraft:gravel":4,"minecraft:amethyst_shard":156,"minecraft:spruce_sapling":1,"minecraft:white_bed":2,"minecraft:spider_eye":6,"travelersbackpack:standard":2,"biomesoplenty:maple_sapling":15,"biomesoplenty:bramble":37,"minecraft:diamond_axe":1,"minecraft:gray_wool":2,"minecraft:warped_roots":2,"minecraft:baked_potato":10,"minecraft:black_wool":1,"minecraft:coal":78},"minecraft:killed":{"minecraft:cave_spider":6,"minecraft:witch":1,"minecraft:spider":4,"minecraft:skeleton":23,"minecraft:chicken":4,"minecraft:piglin_brute":5,"alexsmobs:kangaroo":1,"minecraft:piglin":12,"minecraft:pig":2,"minecraft:zombie_villager":3,"minecraft:salmon":2,"minecraft:creeper":6,"alexsmobs:crimson_mosquito":7,"minecraft:sheep":14,"minecraft:zombie":48,"alexsmobs:raccoon":1,"alexsmobs:tasmanian_devil":1,"alexsmobs:sugar_glider":1,"minecraft:llama":3,"minecraft:hoglin":1,"alexsmobs:cockroach":2},"minecraft:killed_by":{"minecraft:cave_spider":4,"minecraft:zombie":2,"alexsmobs:centipede_head":1,"minecraft:skeleton":3},"minecraft:used":{"minecraft:diamond_hoe":34,"minecraft:chest":5,"minecraft:shield":90,"minecraft:rotten_flesh":13,"minecraft:carrot":1,"minecraft:tuff":8,"minecraft:lava_bucket":1,"minecraft:furnace":6,"minecraft:potato":45,"minecraft:oak_planks":6,"minecraft:blackstone":32,"minecraft:wooden_pickaxe":10,"minecraft:diamond_axe":693,"minecraft:bread":68,"biomesoplenty:yellow_autumn_sapling":5,"minecraft:gravel":2,"minecraft:diamond_sword":304,"rpgsmw:diamond_knife":58,"minecraft:birch_log":13,"minecraft:andesite":4,"rpgsmw:copper_knife":102,"minecraft:oak_fence":4,"minecraft:flint_and_steel":18,"vanillaplustools:stone_hammer":112,"minecraft:cooked_chicken":2,"minecraft:netherrack":103,"minecraft:torch":28,"minecraft:dirt":5,"biomesoplenty:maple_sapling":9,"rpgsmw:diamond_rifle":3,"minecraft:wooden_axe":141,"minecraft:bookshelf":10,"minecraft:iron_axe":5,"slashblade:slashblade":5,"minecraft:cobbled_deepslate":193,"minecraft:wheat_seeds":43,"minecraft:cooked_mutton":7,"minecraft:water_bucket":21,"minecraft:birch_planks":5,"minecraft:baked_potato":1,"minecraft:polished_blackstone_bricks":41,"minecraft:crafting_table":10,"minecraft:white_bed":3,"minecraft:diamond_pickaxe":2225,"minecraft:diamond_shovel":35,"rpgsmw:copper_sickle":145,"minecraft:iron_pickaxe":232,"biomesoplenty:toadstool":2,"minecraft:stone_axe":122,"minecraft:cobblestone":177,"travelersbackpack:standard":4,"vanillaplustools:iron_hammer":493,"minecraft:cooked_porkchop":11,"minecraft:bucket":24,"alexsmobs:animal_dictionary":1},"minecraft:broken":{"vanillaplustools:iron_hammer":2,"minecraft:stone_axe":1,"minecraft:wooden_axe":2,"minecraft:shield":1,"vanillaplustools:stone_hammer":1,"minecraft:iron_helmet":1},"minecraft:mined":{"minecraft:large_amethyst_bud":1,"minecraft:white_bed":2,"minecraft:obsidian":15,"biomesoplenty:burning_blossom":7,"minecraft:chiseled_polished_blackstone":1,"minecraft:granite":15,"minecraft:budding_amethyst":4,"biomesoplenty:bramble":4,"minecraft:grass_block":17,"minecraft:cracked_polished_blackstone_bricks":41,"biomesoplenty:eyebulb":1,"minecraft:gilded_blackstone":2,"minecraft:spawner":4,"biomesoplenty:bramble_leaves":4,"minecraft:polished_blackstone_bricks":94,"minecraft:iron_ore":104,"minecraft:cobbled_deepslate":8,"minecraft:fire":26,"biomesoplenty:lavender":1,"minecraft:deepslate_lapis_ore":27,"biomesoplenty:flesh_tendons":1,"minecraft:dirt_path":1,"biomesoplenty:webbing":1,"biomesoplenty:jacaranda_leaves":22,"minecraft:deepslate_redstone_ore":114,"minecraft:blackstone":173,"minecraft:amethyst_cluster":21,"minecraft:calcite":4,"minecraft:poppy":2,"minecraft:cobblestone":3,"minecraft:oak_planks":2,"minecraft:amethyst_block":17,"minecraft:deepslate_copper_ore":5,"minecraft:warped_nylium":2,"minecraft:birch_log":110,"minecraft:wheat":57,"minecraft:lilac":1,"minecraft:grass":63,"minecraft:oak_log":111,"minecraft:dirt":23,"minecraft:smooth_basalt":1,"minecraft:netherrack":188,"minecraft:oak_leaves":7,"minecraft:deepslate":5187,"minecraft:tuff":530,"rpgsmw:miphrildeepslateore":10,"minecraft:deepslate_diamond_ore":43,"minecraft:dark_oak_log":6,"gravestone:gravestone":17,"minecraft:crimson_roots":1,"minecraft:spruce_leaves":9,"biomesoplenty:dead_grass":3,"biomesoplenty:dune_grass":10,"minecraft:hay_block":16,"biomesoplenty:jacaranda_log":408,"minecraft:redstone_ore":9,"minecraft:furnace":4,"biomesoplenty:toadstool":3,"minecraft:andesite":22,"biomesoplenty:flesh":3,"minecraft:peony":3,"minecraft:gold_block":16,"biomesoplenty:sea_oats":17,"minecraft:potatoes":45,"minecraft:shroomlight":5,"biomesoplenty:high_grass":8,"minecraft:deepslate_iron_ore":102,"minecraft:warped_stem":6,"biomesoplenty:flesh_tendons_strand":6,"minecraft:stone":310,"biomesoplenty:porous_flesh":1,"minecraft:basalt":12,"minecraft:oak_fence":1,"minecraft:crafting_table":6,"minecraft:emerald_ore":1,"biomesoplenty:high_grass_plant":2,"minecraft:tall_grass":4,"minecraft:copper_ore":5,"minecraft:lapis_ore":11,"biomesoplenty:sprout":2,"minecraft:deepslate_gold_ore":36,"minecraft:diorite":24,"minecraft:warped_wart_block":78,"minecraft:birch_planks":2,"biomesoplenty:pink_daffodil":12,"minecraft:birch_leaves":2,"minecraft:coal_ore":49,"minecraft:gravel":26,"biomesoplenty:stringy_cobweb":1,"minecraft:cobweb":85,"minecraft:gold_ore":14,"minecraft:fern":2},"minecraft:crafted":{"minecraft:oak_planks":16,"rpgsmw:paladin_diamond_armor_chestplate":1,"minecraft:cooked_chicken":2,"rpgsmw:red_fabric":7,"minecraft:diamond_shovel":1,"minecraft:bookshelf":10,"minecraft:cooked_mutton":7,"vanillaplustools:iron_hammer":2,"minecraft:iron_boots":1,"minecraft:chest":5,"minecraft:emerald":112,"biomesoplenty:jacaranda_planks":1342,"minecraft:cooked_porkchop":5,"minecraft:diamond_axe":2,"minecraft:crafting_table":5,"minecraft:baked_potato":10,"minecraft:wooden_pickaxe":1,"minecraft:iron_helmet":1,"minecraft:copper_ingot":2,"rpgsmw:bullet":8,"minecraft:birch_planks":644,"minecraft:diamond_pickaxe":2,"minecraft:shield":2,"minecraft:stick":3598,"minecraft:iron_ingot":204,"minecraft:iron_pickaxe":20,"rpgsmw:diamond_rifle":1,"vanillaplustools:stone_hammer":1,"minecraft:diamond_hoe":1,"minecraft:furnace":3,"rpgsmw:paladin_diamond_armor_leggings":1,"minecraft:flint_and_steel":1,"minecraft:iron_axe":1,"minecraft:stone_pickaxe":9,"minecraft:wheat":144,"rpgsmw:fabric":7,"minecraft:red_dye":30,"minecraft:diamond_sword":1,"minecraft:bucket":2,"minecraft:stone_axe":1,"minecraft:bread":67,"minecraft:air":0,"rpgsmw:diamond_knife":1,"rpgsmw:paladin_diamond_armor_boots":1,"minecraft:wooden_axe":2,"minecraft:iron_leggings":1,"minecraft:white_bed":1,"minecraft:torch":28},"minecraft:custom":{"minecraft:interact_with_crafting_table":70,"minecraft:leave_game":14,"minecraft:time_since_death":13895,"minecraft:damage_resisted":574,"minecraft:sprint_one_cm":1030280,"minecraft:damage_blocked_by_shield":4250,"minecraft:drop":71,"minecraft:talked_to_villager":52,"minecraft:play_time":502017,"minecraft:deaths":19,"minecraft:jump":7533,"minecraft:walk_on_water_one_cm":78192,"minecraft:interact_with_furnace":54,"minecraft:traded_with_villager":123,"minecraft:sleep_in_bed":15,"minecraft:damage_dealt":24551,"minecraft:crouch_one_cm":4730,"minecraft:interact_with_smoker":10,"minecraft:interact_with_smithing_table":3,"minecraft:mob_kills":152,"minecraft:sword_summoned":3,"minecraft:climb_one_cm":1834,"minecraft:walk_one_cm":1519146,"minecraft:sneak_time":3106,"minecraft:walk_under_water_one_cm":33250,"minecraft:interact_with_blast_furnace":4,"minecraft:total_world_time":502017,"minecraft:time_since_rest":13919,"minecraft:damage_taken":9592,"minecraft:swim_one_cm":24453,"minecraft:fly_one_cm":1229304,"minecraft:open_chest":135,"minecraft:fall_one_cm":226789},"minecraft:dropped":{"minecraft:diamond_axe":2,"minecraft:diamond":2,"minecraft:leather":2,"minecraft:dirt":5,"gravestone:obituary":1,"minecraft:gilded_blackstone":2,"minecraft:polished_blackstone_bricks":1,"minecraft:iron_pickaxe":1,"cosmeticarmoursmod:white_skirt_chestplate":1,"rpgsmw:copper_knife":2,"minecraft:white_wool":1,"minecraft:gold_ingot":1,"minecraft:blackstone":61,"minecraft:cobbled_deepslate":6,"minecraft:obsidian":30,"minecraft:rotten_flesh":2,"minecraft:oak_planks":4,"travelersbackpack:gold_tier_upgrade":1,"cosmeticarmoursmod:white_skirt_boots":2,"minecraft:gunpowder":6,"slashblade:proudsoul_tiny":1,"minecraft:iron_ingot":1,"minecraft:wheat_seeds":2,"minecraft:lilac":1,"minecraft:cobblestone":36,"minecraft:stick":3,"minecraft:diorite":1,"minecraft:spruce_sapling":1,"slashblade:proudsoul":1,"cosmeticarmoursmod:crown_helmet":1,"minecraft:pumpkin_seeds":4,"minecraft:diamond_sword":1,"minecraft:peony":3,"minecraft:iron_chestplate":1,"minecraft:diamond_pickaxe":4,"minecraft:black_wool":1}},"DataVersion":3465}