{"stats":{"minecraft:killed_by":{"alexsmobs:centipede_head":1,"minecraft:zombie":1},"minecraft:crafted":{"minecraft:oak_planks":12,"minecraft:raw_iron":9,"minecraft:crafting_table":3,"minecraft:iron_helmet":1,"minecraft:iron_sword":1,"minecraft:furnace":1,"minecraft:bucket":1,"bloomingnature:fan_palm_planks":8,"minecraft:stone_axe":1,"minecraft:air":0,"minecraft:iron_boots":1,"minecraft:iron_chestplate":1,"minecraft:shield":1,"minecraft:stick":28,"minecraft:iron_ingot":45,"minecraft:iron_pickaxe":1,"minecraft:stone_pickaxe":1,"minecraft:stone_sword":1,"minecraft:iron_leggings":1,"minecraft:torch":36},"minecraft:killed":{"minecraft:cave_spider":3,"minecraft:skeleton":4,"minecraft:zombie":12,"minecraft:enderman":1},"minecraft:used":{"epicfight:skillbook":4,"minecraft:water_bucket":17,"minecraft:stone_sword":90,"minecraft:stone_pickaxe":119,"minecraft:oak_planks":9,"minecraft:wooden_pickaxe":12,"minecraft:shield":14,"minecraft:sandstone":1,"minecraft:iron_sword":9,"minecraft:rotten_flesh":11,"minecraft:iron_chestplate":1,"minecraft:golden_apple":1,"minecraft:torch":63,"minecraft:glow_berries":6,"minecraft:sand":4,"minecraft:crafting_table":4,"minecraft:carrot":1,"minecraft:tuff":4,"minecraft:granite":1,"beachparty:coconut_open":1,"minecraft:bread":6,"minecraft:iron_pickaxe":94,"minecraft:iron_helmet":1,"minecraft:iron_boots":1,"minecraft:stone_axe":67,"minecraft:cobblestone":35,"minecraft:furnace":2,"minecraft:bucket":18,"minecraft:cobbled_deepslate":9,"vinery:red_grape_seeds":1,"minecraft:iron_leggings":1},"minecraft:dropped":{"minecraft:stone_sword":2,"minecraft:oak_planks":2,"minecraft:granite":4,"minecraft:iron_pickaxe":1},"minecraft:mined":{"minecraft:deepslate_redstone_ore":8,"minecraft:tuff":5,"minecraft:deepslate_diamond_ore":13,"minecraft:crafting_table":2,"minecraft:torch":1,"gravestone:gravestone":3,"minecraft:granite":3,"vinery:red_grape_bush":2,"minecraft:tall_grass":1,"minecraft:cobblestone":5,"minecraft:deepslate_gold_ore":1,"minecraft:oak_planks":22,"minecraft:wall_torch":1,"minecraft:spawner":4,"minecraft:raw_iron_block":1,"minecraft:furnace":1,"minecraft:iron_ore":37,"minecraft:cobbled_deepslate":3,"minecraft:deepslate_lapis_ore":2,"minecraft:grass":1,"bloomingnature:fan_palm_log":1,"minecraft:oak_log":3,"minecraft:coal_ore":28,"minecraft:deepslate_iron_ore":43,"minecraft:rail":1,"minecraft:sand":4,"minecraft:cobweb":50,"minecraft:smooth_basalt":1,"minecraft:stone":46,"minecraft:oak_leaves":3,"minecraft:deepslate":20},"minecraft:custom":{"minecraft:interact_with_furnace":21,"minecraft:mob_kills":20,"minecraft:interact_with_crafting_table":15,"minecraft:leave_game":1,"minecraft:time_since_death":28459,"minecraft:time_since_rest":28486,"minecraft:sprint_one_cm":312921,"minecraft:damage_taken":1292,"minecraft:walk_one_cm":466108,"minecraft:damage_blocked_by_shield":635,"minecraft:drop":6,"minecraft:damage_dealt":3610,"minecraft:fly_one_cm":275372,"minecraft:open_chest":1,"minecraft:crouch_one_cm":895,"minecraft:play_time":71422,"minecraft:deaths":3,"minecraft:sneak_time":675,"minecraft:walk_under_water_one_cm":25078,"minecraft:jump":1273,"minecraft:walk_on_water_one_cm":29039,"minecraft:total_world_time":71422,"minecraft:fall_one_cm":26022},"minecraft:picked_up":{"minecraft:wooden_axe":1,"minecraft:crafting_table":2,"minecraft:wooden_pickaxe":1,"vinery:red_grape_seeds":5,"minecraft:tuff":7,"minecraft:oak_log":3,"bloomingnature:fan_palm_log":2,"minecraft:lapis_lazuli":14,"minecraft:string":53,"minecraft:bone":3,"beachparty:coconut_open":1,"minecraft:bow":1,"minecraft:raw_gold":1,"minecraft:cobbled_deepslate":25,"vinery:apple_tree_sapling":2,"minecraft:iron_ingot":1,"minecraft:iron_pickaxe":1,"minecraft:oak_planks":23,"minecraft:furnace":1,"minecraft:raw_iron":81,"minecraft:sandstone":1,"minecraft:torch":3,"minecraft:gravel":1,"minecraft:raw_iron_block":1,"epicfight:skillbook":2,"minecraft:sand":4,"minecraft:carrot":1,"minecraft:redstone":13,"minecraft:stone_sword":2,"minecraft:arrow":3,"minecraft:rotten_flesh":11,"minecraft:diamond":14,"knightquest:small_essence":17,"minecraft:granite":5,"minecraft:bread":6,"minecraft:melon_seeds":1,"minecraft:coal":49,"minecraft:rail":23,"minecraft:cobblestone":51},"minecraft:broken":{"minecraft:stone_sword":1}},"DataVersion":3465}