{"stats":{"minecraft:broken":{"minecraft:shears":1,"minecraft:iron_boots":1,"minecraft:iron_chestplate":1,"minecraft:iron_leggings":1,"minecraft:golden_sword":1,"minecraft:stone_axe":1,"minecraft:stone_sword":1,"minecraft:iron_axe":1,"minecraft:iron_pickaxe":1,"minecraft:iron_helmet":1},"minecraft:dropped":{"minecraft:diamond_axe":2,"minecraft:oak_log":2,"minecraft:red_wool":1,"minecraft:dirt":79,"minecraft:grass":31,"minecraft:dark_oak_fence":1,"minecraft:seagrass":9,"gravestone:obituary":37,"minecraft:iron_pickaxe":1,"avalight:m4a1_cotton_candy":1,"minecraft:mangrove_roots":12,"biomesoplenty:rainbow_birch_sapling":16,"minecraft:rotten_flesh":5,"minecraft:oak_planks":2,"minecraft:diamond_shovel":1,"travelersbackpack:iron":1,"beachparty:rubber_ring_axolotl":2,"minecraft:poppy":3,"alexsmobs:elastic_tendon":1,"minecraft:netherrack":78,"minecraft:egg":1,"minecraft:bread":1,"minecraft:wheat_seeds":2,"bakery:strawberry_cake":1,"minecraft:cobblestone":6,"minecraft:feather":1,"biomesoplenty:cattail":1,"minecraft:granite":4,"minecraft:stick":9,"alexsmobs:leafcutter_ant_chamber":3,"minecraft:iron_axe":1,"minecraft:coarse_dirt":1,"minecraft:stone_sword":2,"some_assembly_required:sandwich":1,"minecraft:diamond_pickaxe":1,"minecraft:oak_sapling":16,"minecraft:spider_eye":1,"minecraft:wooden_pickaxe":1},"minecraft:used":{"butchersdelight:hook":3,"minecraft:chest":8,"minecraft:shield":14,"minecraft:iron_sword":220,"minecraft:stone":1,"minecraft:rotten_flesh":14,"minecraft:iron_chestplate":1,"minecraft:carrot":1,"travelersbackpack:iron":10,"minecraft:tuff":4,"beachparty:rubber_ring_axolotl":1,"minecraft:birch_sapling":74,"minecraft:iron_helmet":1,"minecraft:stone_bricks":3,"minecraft:golden_sword":38,"minecraft:oak_sapling":4,"minecraft:furnace":5,"candlelight:tomato":5,"minecraft:egg":2,"bloomingnature:swamp_oak_planks":1,"minecraft:potato":2,"minecraft:diorite":3,"minecraft:diamond_boots":1,"minecraft:stone_pickaxe":119,"minecraft:oak_planks":39,"bakery:strawberry_cake":4,"minecraft:wooden_pickaxe":12,"minecraft:sandstone":1,"minecraft:sugar_cane":3,"minecraft:diamond_axe":2887,"minecraft:golden_apple":1,"biomesoplenty:rainbow_birch_sapling":12,"minecraft:glow_berries":6,"minecraft:sand":4,"some_assembly_required:sandwich":2,"minecraft:shears":93,"bloomingnature:swamp_oak_sapling":18,"minecraft:bread":105,"minecraft:cat_spawn_egg":2,"minecraft:grindstone":1,"minecraft:smithing_table":2,"minecraft:birch_log":645,"minecraft:oak_boat":1,"minecraft:bone_meal":32,"bloomingnature:genisteae":1,"minecraft:stone_sword":90,"minecraft:flint_and_steel":5,"fantasyfurniture:decorations/tankards_empty":2,"minecraft:spruce_planks":8,"tacz:gun_smith_table":1,"minecraft:netherrack":2,"minecraft:torch":63,"minecraft:dirt":127,"minecraft:diamond_helmet":1,"minecraft:granite":8,"minecraft:iron_hoe":43,"minecraft:dark_oak_planks":14,"butchersdelight:cleaver":6,"beachparty:coconut_open":1,"minecraft:iron_axe":220,"minecraft:rooted_dirt":2,"minecraft:jungle_log":2,"minecraft:iron_boots":1,"minecraft:diamond_chestplate":1,"bakery:strawberry_cupcake":1,"minecraft:golden_carrot":3,"minecraft:cooked_beef":2,"minecraft:cobbled_deepslate":41,"bakery:wild_strawberries":2,"minecraft:iron_leggings":1,"minecraft:wheat_seeds":89,"minecraft:water_bucket":31,"minecraft:sheep_spawn_egg":3,"minecraft:stonecutter":1,"minecraft:cracked_stone_bricks":3,"minecraft:crafting_table":8,"minecraft:cod":3,"bloomingnature:laterit":1,"bakery:strawberry":3,"plushies:axolotl_plushie":1,"plushies:red_fox_plushie":1,"minecraft:oak_log":13,"minecraft:diamond_pickaxe":45,"minecraft:diamond_shovel":652,"minecraft:iron_pickaxe":434,"alexsmobs:crocodile_egg":1,"minecraft:spruce_sapling":55,"minecraft:stone_axe":92,"minecraft:green_carpet":1,"minecraft:cobblestone":88,"minecraft:bucket":32,"minecraft:yellow_bed":5,"minecraft:diamond_leggings":1,"vinery:red_grape_seeds":1},"minecraft:custom":{"minecraft:interact_with_crafting_table":72,"minecraft:open_barrel":41,"minecraft:eat_cake_slice":3,"minecraft:leave_game":11,"minecraft:time_since_death":15473,"minecraft:sprint_one_cm":2168346,"minecraft:damage_blocked_by_shield":635,"minecraft:drop":122,"minecraft:talked_to_villager":6,"minecraft:play_time":578343,"minecraft:deaths":28,"minecraft:jump":11349,"minecraft:walk_on_water_one_cm":154056,"minecraft:enchant_item":1,"minecraft:interact_with_furnace":35,"minecraft:sleep_in_bed":32,"minecraft:damage_dealt":14109,"minecraft:crouch_one_cm":2097,"minecraft:interact_with_smoker":2,"minecraft:interact_with_smithing_table":10,"minecraft:interact_with_anvil":3,"minecraft:mob_kills":87,"minecraft:climb_one_cm":14952,"minecraft:walk_one_cm":2598824,"minecraft:sneak_time":1510,"minecraft:walk_under_water_one_cm":87739,"minecraft:boat_one_cm":21451,"minecraft:total_world_time":578343,"minecraft:interact_with_grindstone":2,"minecraft:interact_with_stonecutter":1,"minecraft:time_since_rest":15508,"minecraft:damage_taken":10513,"minecraft:swim_one_cm":104416,"minecraft:fly_one_cm":3739172,"minecraft:open_chest":178,"minecraft:fall_one_cm":253922},"minecraft:mined":{"minecraft:dark_oak_planks":70,"alexsmobs:leafcutter_anthill":1,"minecraft:jungle_leaves":1,"ribbits:giant_lilypad":3,"minecraft:granite":10,"minecraft:grass_block":371,"minecraft:jungle_log":2,"biomesoplenty:flowering_oak_leaves":1,"vinery:savanna_grape_bush_red":2,"bloomingnature:freesia_pink":2,"bloomingnature:genisteae":1,"biomesoplenty:cattail":7,"minecraft:oxeye_daisy":1,"minecraft:spawner":4,"beachparty:seashell_block":1,"minecraft:tall_seagrass":6,"minecraft:raw_iron_block":3,"minecraft:magma_block":5,"biomesoplenty:orange_cosmos":5,"bloomingnature:bottlebrushes":1,"minecraft:iron_ore":65,"minecraft:cobbled_deepslate":4,"minecraft:fire":4,"biomesoplenty:rainbow_birch_sapling":4,"minecraft:moss_carpet":6,"bakery:strawberry_cake":1,"minecraft:deepslate_lapis_ore":2,"alexsmobs:crocodile_egg":1,"minecraft:green_carpet":1,"farmersdelight:wild_potatoes":9,"minecraft:deepslate_redstone_ore":16,"vinery:jungle_grape_bush_red":12,"biomesoplenty:wildflower":1,"ribbits:swamp_daisy":4,"minecraft:torch":1,"vinery:red_grape_bush":4,"minecraft:poppy":1,"minecraft:chest":2,"minecraft:cobblestone":10,"minecraft:grindstone":1,"minecraft:oak_planks":22,"minecraft:sugar_cane":1,"minecraft:wall_torch":1,"herbalbrews:wild_coffee_plant":1,"minecraft:birch_sapling":8,"minecraft:seagrass":4,"biomesoplenty:huge_lily_pad":5,"minecraft:mud":1,"minecraft:birch_log":786,"bloomingnature:begonie":1,"minecraft:lilac":1,"herbalbrews:wild_rooibos_plant":2,"biomesoplenty:waterlily":4,"minecraft:grass":687,"biomesoplenty:clover":3,"minecraft:oak_log":107,"minecraft:sand":4,"minecraft:dirt":73,"minecraft:mangrove_log":9,"minecraft:smooth_basalt":1,"minecraft:netherrack":91,"minecraft:oak_leaves":15,"minecraft:deepslate":36,"bloomingnature:beach_bush_tall":1,"minecraft:tuff":14,"biomesoplenty:watergrass":1,"bloomingnature:termite_mound":5,"minecraft:deepslate_diamond_ore":17,"minecraft:dark_oak_log":128,"minecraft:stripped_birch_log":644,"minecraft:mangrove_roots":46,"gravestone:gravestone":28,"minecraft:dark_oak_fence":2,"minecraft:chiseled_bookshelf":1,"biomesoplenty:bush":1,"bloomingnature:laterit":1,"alexsmobs:leafcutter_ant_chamber":3,"ribbits:toadstool":8,"minecraft:spruce_leaves":8,"ribbits:umbrella_leaf":2,"minecraft:rooted_dirt":57,"minecraft:large_fern":1,"minecraft:hay_block":31,"minecraft:spruce_sapling":3,"minecraft:furnace":3,"candlelight:wild_lettuce":9,"minecraft:gold_block":3,"biomesoplenty:magic_log":15,"biomesoplenty:rainbow_birch_leaves":12,"minecraft:deepslate_iron_ore":114,"minecraft:vine":69,"minecraft:rail":1,"biomesoplenty:barley":113,"minecraft:bamboo":15,"bloomingnature:bluebell":30,"minecraft:stone":112,"minecraft:smithing_table":1,"minecraft:podzol":52,"minecraft:lily_of_the_valley":4,"bloomingnature:swamp_oak_planks":1,"minecraft:crafting_table":4,"bakery:wild_strawberries":6,"candlelight:wild_tomatoes":6,"bloomingnature:foxglove_white":1,"minecraft:tall_grass":239,"biomesoplenty:huge_clover_petal":4,"minecraft:deepslate_gold_ore":16,"minecraft:lily_pad":2,"minecraft:diorite":3,"minecraft:birch_planks":2,"minecraft:coarse_dirt":1,"bloomingnature:swamp_oak_log":58,"butchersdelight:deadcowblock":2,"biomesoplenty:blue_hydrangea":1,"biomesoplenty:pink_daffodil":3,"minecraft:spruce_log":338,"minecraft:birch_leaves":10,"minecraft:mangrove_leaves":2,"minecraft:yellow_bed":5,"bloomingnature:fan_palm_log":1,"minecraft:coal_ore":35,"vinery:jungle_grape_bush_white":7,"minecraft:cobweb":50,"minecraft:cracked_stone_bricks":3,"minecraft:stone_bricks":3,"minecraft:fern":28},"minecraft:killed":{"minecraft:cave_spider":3,"bloomingnature:bison":1,"alexsmobs:anaconda":1,"minecraft:spider":4,"alexsmobs:murmur":1,"aquaculture:gar":1,"naturalist:snail":1,"minecraft:skeleton":5,"alexsmobs:leafcutter_ant":8,"alexsmobs:kangaroo":1,"aquaculture:carp":4,"alexsmobs:grizzly_bear":1,"bloomingnature:termite":2,"naturalist:firefly":1,"minecraft:iron_golem":4,"minecraft:creeper":1,"minecraft:sheep":3,"aquaculture:minnow":1,"minecraft:pillager":8,"minecraft:zombie":18,"bloomingnature:deer":1,"minecraft:horse":2,"alexsmobs:bison":1,"crittersandcompanions:otter":1,"hamsters:hamster":1,"alexsmobs:crocodile":1,"knightquest:lizzy":2,"aquaculture:synodontis":6,"minecraft:villager":1,"minecraft:enderman":1},"minecraft:crafted":{"minecraft:oak_planks":200,"minecraft:stone":4,"minecraft:diamond_shovel":2,"minecraft:diamond_helmet":1,"minecraft:diamond_leggings":1,"minecraft:iron_boots":1,"minecraft:chest":6,"minecraft:magenta_dye":2,"minecraft:diamond_axe":2,"minecraft:crafting_table":4,"minecraft:spruce_planks":1012,"minecraft:iron_helmet":1,"bloomingnature:swamp_oak_planks":216,"bloomingnature:fan_palm_planks":8,"butchersdelight:cleaver":1,"minecraft:spruce_trapdoor":36,"minecraft:iron_chestplate":1,"minecraft:diamond_pickaxe":1,"minecraft:shield":1,"minecraft:stick":28,"minecraft:iron_ingot":113,"minecraft:iron_pickaxe":2,"minecraft:iron_block":1,"minecraft:stone_sword":1,"minecraft:shears":2,"minecraft:raw_iron":27,"minecraft:iron_nugget":36,"minecraft:spruce_button":13,"minecraft:furnace":2,"minecraft:dark_oak_trapdoor":6,"minecraft:bone_meal":27,"minecraft:spruce_fence":27,"minecraft:spruce_stairs":196,"minecraft:iron_axe":1,"minecraft:spruce_slab":12,"minecraft:iron_hoe":1,"minecraft:stone_pickaxe":1,"minecraft:diamond_boots":1,"minecraft:dark_oak_planks":508,"minecraft:wheat":279,"minecraft:diamond_sword":1,"minecraft:dark_oak_stairs":128,"butchersdelight:hook":3,"minecraft:iron_sword":2,"tacz:gun_smith_table":1,"minecraft:bucket":1,"minecraft:stone_axe":1,"minecraft:bread":93,"minecraft:air":0,"minecraft:oak_boat":2,"minecraft:iron_leggings":1,"minecraft:stonecutter":1,"minecraft:torch":36,"minecraft:diamond_chestplate":1},"minecraft:picked_up":{"minecraft:wooden_axe":1,"minecraft:seagrass":9,"minecraft:iron_chestplate":1,"beachparty:rubber_ring_axolotl":2,"aquaculture:synodontis":4,"minecraft:smithing_table":1,"vinery:red_grape_seeds":11,"bloomingnature:fan_palm_log":2,"vinery:savanna_grape_seeds_red":6,"biomesoplenty:rainbow_birch_sapling":64,"minecraft:string":57,"beachparty:coconut_open":1,"minecraft:gold_nugget":56,"minecraft:cobbled_deepslate":41,"herbalbrews:rooibos_leaf":1,"minecraft:iron_pickaxe":1,"minecraft:furnace":3,"minecraft:mangrove_log":2,"vinery:jungle_grape_seeds_white":23,"alexsmobs:leafcutter_ant_chamber":3,"ribbits:toadstool":8,"minecraft:stick":108,"ribbits:swamp_daisy":4,"minecraft:torch":3,"minecraft:diorite":3,"minecraft:vine":64,"travelersbackpack:iron":7,"minecraft:stone_sword":2,"minecraft:rotten_flesh":21,"alexsdelight:raw_bison":5,"minecraft:mangrove_roots":17,"biomesoplenty:barley":81,"biomesoplenty:orange_cosmos":5,"minecraft:cobblestone":122,"minecraft:birch_log":742,"candlelight:lettuce":5,"minecraft:cooked_beef":2,"minecraft:magma_block":4,"bakery:strawberry_cake":4,"minecraft:feather":1,"minecraft:lilac":1,"minecraft:jungle_log":2,"minecraft:potato":24,"alexsmobs:bear_fur":1,"minecraft:tuff":11,"minecraft:lapis_lazuli":14,"minecraft:stripped_birch_log":644,"minecraft:dirt":537,"knightquest:lizzy_scale":4,"minecraft:bone":9,"bloomingnature:bluebell":42,"minecraft:bow":1,"minecraft:wheat_seeds":119,"minecraft:raw_gold":16,"minecraft:grindstone":1,"minecraft:bamboo":137,"bloomingnature:freesia_pink":2,"minecraft:oak_planks":47,"biomesoplenty:magic_sapling":4,"aquaculture:gar":1,"butchersdelight:cow_hide":5,"butchersdelight:skullcow":5,"alexsmobs:crocodile_egg":2,"minecraft:sand":4,"minecraft:lily_of_the_valley":4,"minecraft:dark_oak_log":127,"avalight:m4a1_cotton_candy":2,"minecraft:diamond":18,"bloomingnature:swamp_oak_log":54,"minecraft:crossbow":1,"knightquest:small_essence":28,"minecraft:granite":12,"minecraft:grass":31,"minecraft:bone_meal":7,"minecraft:bread":107,"minecraft:rooted_dirt":57,"butchersdelight:hook":3,"biomesoplenty:pink_daffodil":3,"minecraft:oak_sapling":20,"minecraft:netherrack":80,"minecraft:dark_oak_fence":1,"minecraft:oak_leaves":2,"minecraft:diamond_pickaxe":1,"minecraft:coarse_dirt":1,"minecraft:crafting_table":4,"minecraft:wooden_pickaxe":1,"minecraft:gold_block":3,"biomesoplenty:huge_lily_pad":5,"gravestone:obituary":29,"minecraft:cornflower":4,"candlelight:lettuce_seeds":4,"minecraft:moss_carpet":11,"minecraft:iron_axe":1,"minecraft:flint_and_steel":1,"tacz:ammo":120,"bloomingnature:begonie":1,"butchersdelight:dead_cow":7,"minecraft:cracked_stone_bricks":3,"vinery:apple_tree_sapling":2,"minecraft:beef":20,"minecraft:oak_boat":1,"alexsmobs:elastic_tendon":1,"minecraft:poppy":3,"minecraft:sugar_cane":3,"minecraft:chest":2,"minecraft:birch_sapling":102,"minecraft:egg":3,"minecraft:raw_iron":180,"minecraft:sandstone":1,"ribbits:giant_lilypad":3,"minecraft:carrot":1,"minecraft:redstone":49,"alexsmobs:crocodile_scute":1,"minecraft:dark_oak_planks":68,"biomesoplenty:blue_hydrangea":1,"minecraft:arrow":5,"biomesoplenty:cattail":7,"minecraft:hay_block":31,"aquaculture:carp":4,"bakery:wild_strawberries":2,"minecraft:rail":23,"alexsmobs:kangaroo_meat":2,"minecraft:white_wool":3,"minecraft:oxeye_daisy":1,"herbalbrews:wild_coffee_plant":1,"bloomingnature:laterit":1,"vinery:jungle_grape_seeds_red":33,"minecraft:fern":2,"bloomingnature:swamp_oak_planks":1,"bloomingnature:genisteae":3,"minecraft:oak_log":79,"minecraft:lily_pad":2,"minecraft:yellow_bed":5,"minecraft:gunpowder":2,"avalight:regular_rifle_magazine":64,"bloomingnature:foxglove_white":1,"bloomingnature:swamp_oak_sapling":18,"minecraft:apple":10,"minecraft:stone_bricks":3,"minecraft:iron_ingot":18,"candlelight:tomato":5,"biomesoplenty:magic_log":15,"aquaculture:minnow":1,"minecraft:book":4,"bakery:strawberry":3,"biomesoplenty:waterlily":4,"minecraft:red_wool":1,"plushies:red_fox_plushie":1,"minecraft:raw_iron_block":3,"minecraft:gravel":1,"minecraft:spruce_sapling":101,"minecraft:spruce_log":332,"minecraft:green_carpet":1,"minecraft:spider_eye":1,"biomesoplenty:flowering_oak_sapling":2,"fantasyfurniture:decorations/tankards_empty":2,"bloomingnature:bottlebrushes":1,"tacz:modern_kinetic_gun":2,"minecraft:diamond_axe":2,"ribbits:umbrella_leaf":2,"minecraft:melon_seeds":1,"minecraft:mangrove_propagule":1,"minecraft:coal":69},"minecraft:killed_by":{"alexsmobs:crocodile":15,"minecraft:zombie":2,"minecraft:player":1,"minecraft:iron_golem":1,"alexsmobs:bison":1,"alexsmobs:centipede_head":1,"minecraft:skeleton":2,"alexsmobs:tarantula_hawk":1}},"DataVersion":3465}