{"stats":{"minecraft:killed_by":{"alexsmobs:bison":1,"alexsmobs:centipede_head":1,"minecraft:skeleton":1,"minecraft:zombie":2},"minecraft:crafted":{"minecraft:oak_planks":12,"minecraft:raw_iron":27,"minecraft:furnace":1,"minecraft:iron_boots":1,"minecraft:stone_pickaxe":1,"minecraft:crafting_table":3,"minecraft:iron_helmet":1,"minecraft:iron_sword":1,"minecraft:bucket":1,"bloomingnature:fan_palm_planks":8,"minecraft:stone_axe":1,"minecraft:air":0,"minecraft:iron_chestplate":1,"minecraft:shield":1,"minecraft:stick":28,"minecraft:iron_ingot":52,"minecraft:iron_pickaxe":1,"minecraft:stone_sword":1,"minecraft:iron_leggings":1,"minecraft:torch":36},"minecraft:killed":{"minecraft:cave_spider":3,"minecraft:spider":2,"alexsmobs:murmur":1,"minecraft:skeleton":4,"alexsmobs:bison":1,"bloomingnature:termite":2,"naturalist:firefly":1,"minecraft:iron_golem":1,"hamsters:hamster":1,"minecraft:zombie":14,"minecraft:enderman":1},"minecraft:used":{"bloomingnature:genisteae":1,"minecraft:stone_sword":90,"minecraft:shield":14,"minecraft:iron_sword":112,"minecraft:rotten_flesh":14,"minecraft:iron_chestplate":1,"minecraft:torch":63,"minecraft:dirt":3,"minecraft:carrot":1,"minecraft:tuff":4,"minecraft:granite":1,"beachparty:coconut_open":1,"minecraft:iron_helmet":1,"minecraft:iron_boots":1,"minecraft:furnace":2,"candlelight:tomato":5,"minecraft:cobbled_deepslate":41,"minecraft:iron_leggings":1,"epicfight:skillbook":4,"minecraft:water_bucket":31,"minecraft:stone_pickaxe":119,"minecraft:oak_planks":9,"minecraft:wooden_pickaxe":12,"minecraft:sandstone":1,"minecraft:golden_apple":1,"minecraft:glow_berries":6,"minecraft:sand":4,"minecraft:crafting_table":5,"minecraft:bread":12,"minecraft:iron_pickaxe":248,"minecraft:stone_axe":67,"minecraft:green_carpet":1,"minecraft:cobblestone":44,"minecraft:bucket":32,"vinery:red_grape_seeds":1},"minecraft:dropped":{"minecraft:granite":4,"minecraft:red_wool":1,"gravestone:obituary":2,"minecraft:iron_pickaxe":1,"minecraft:stone_sword":2,"minecraft:oak_planks":2,"alexsmobs:elastic_tendon":1},"minecraft:mined":{"minecraft:tuff":14,"bloomingnature:termite_mound":3,"minecraft:deepslate_diamond_ore":17,"gravestone:gravestone":7,"minecraft:granite":3,"minecraft:grass_block":4,"bloomingnature:genisteae":1,"minecraft:spawner":4,"minecraft:raw_iron_block":3,"minecraft:furnace":1,"minecraft:iron_ore":37,"minecraft:cobbled_deepslate":4,"minecraft:deepslate_lapis_ore":2,"minecraft:deepslate_iron_ore":114,"minecraft:rail":1,"minecraft:green_carpet":1,"minecraft:stone":58,"minecraft:deepslate_redstone_ore":16,"minecraft:crafting_table":2,"minecraft:torch":1,"vinery:red_grape_bush":2,"candlelight:wild_tomatoes":5,"minecraft:tall_grass":9,"minecraft:cobblestone":5,"minecraft:deepslate_gold_ore":16,"minecraft:oak_planks":22,"minecraft:wall_torch":1,"minecraft:yellow_bed":1,"minecraft:grass":16,"bloomingnature:fan_palm_log":1,"minecraft:coal_ore":35,"minecraft:oak_log":3,"minecraft:sand":4,"minecraft:dirt":2,"minecraft:cobweb":50,"minecraft:smooth_basalt":1,"minecraft:oak_leaves":3,"minecraft:deepslate":36,"bloomingnature:beach_bush_tall":1},"minecraft:custom":{"minecraft:mob_kills":31,"minecraft:interact_with_crafting_table":15,"minecraft:leave_game":3,"minecraft:time_since_death":19488,"minecraft:climb_one_cm":584,"minecraft:sprint_one_cm":494320,"minecraft:walk_one_cm":671833,"minecraft:damage_blocked_by_shield":635,"minecraft:drop":10,"minecraft:play_time":120075,"minecraft:deaths":7,"minecraft:sneak_time":675,"minecraft:walk_under_water_one_cm":25515,"minecraft:jump":2721,"minecraft:walk_on_water_one_cm":38803,"minecraft:total_world_time":120075,"minecraft:interact_with_furnace":24,"minecraft:time_since_rest":19544,"minecraft:damage_taken":2633,"minecraft:damage_dealt":6585,"minecraft:swim_one_cm":11880,"minecraft:fly_one_cm":755240,"minecraft:open_chest":3,"minecraft:crouch_one_cm":895,"minecraft:fall_one_cm":59335},"minecraft:picked_up":{"minecraft:wooden_axe":1,"minecraft:crafting_table":2,"minecraft:wooden_pickaxe":1,"vinery:red_grape_seeds":5,"gravestone:obituary":1,"bloomingnature:fan_palm_log":2,"minecraft:string":56,"beachparty:coconut_open":1,"minecraft:cobbled_deepslate":41,"vinery:apple_tree_sapling":2,"alexsmobs:elastic_tendon":1,"minecraft:iron_pickaxe":1,"minecraft:sugar_cane":1,"minecraft:furnace":1,"minecraft:raw_iron":152,"minecraft:sandstone":1,"minecraft:torch":3,"epicfight:skillbook":2,"minecraft:carrot":1,"minecraft:redstone":49,"minecraft:stone_sword":2,"minecraft:arrow":3,"minecraft:rotten_flesh":14,"alexsdelight:raw_bison":5,"minecraft:rail":23,"minecraft:cobblestone":60,"minecraft:tuff":11,"bloomingnature:genisteae":1,"minecraft:oak_log":3,"minecraft:yellow_bed":1,"minecraft:lapis_lazuli":14,"minecraft:dirt":3,"minecraft:bone":3,"minecraft:bow":1,"minecraft:wheat_seeds":5,"minecraft:raw_gold":16,"minecraft:iron_ingot":6,"candlelight:tomato":5,"minecraft:oak_planks":23,"minecraft:red_wool":1,"minecraft:raw_iron_block":3,"minecraft:gravel":1,"minecraft:sand":4,"minecraft:green_carpet":1,"minecraft:diamond":18,"minecraft:granite":5,"knightquest:small_essence":19,"minecraft:bread":6,"minecraft:coal":56,"minecraft:melon_seeds":1},"minecraft:broken":{"minecraft:stone_sword":1,"minecraft:iron_pickaxe":1}},"DataVersion":3465}