{"stats":{"minecraft:used":{"bloomingnature:genisteae":1,"minecraft:stone_sword":90,"minecraft:flint_and_steel":5,"minecraft:chest":2,"minecraft:shield":14,"butchersdelight:hook":3,"minecraft:iron_sword":211,"minecraft:rotten_flesh":14,"minecraft:netherrack":2,"minecraft:iron_chestplate":1,"minecraft:torch":63,"minecraft:dirt":9,"minecraft:carrot":1,"travelersbackpack:iron":9,"minecraft:tuff":4,"minecraft:granite":1,"minecraft:iron_hoe":43,"butchersdelight:cleaver":6,"beachparty:coconut_open":1,"beachparty:rubber_ring_axolotl":1,"minecraft:iron_axe":214,"minecraft:iron_helmet":1,"minecraft:iron_boots":1,"minecraft:stone_bricks":3,"minecraft:golden_sword":38,"bakery:strawberry_cupcake":1,"minecraft:furnace":4,"candlelight:tomato":5,"minecraft:cooked_beef":2,"minecraft:potato":2,"minecraft:cobbled_deepslate":41,"minecraft:iron_leggings":1,"minecraft:water_bucket":31,"epicfight:skillbook":4,"minecraft:stone_pickaxe":119,"minecraft:oak_planks":37,"bakery:strawberry_cake":4,"minecraft:wooden_pickaxe":12,"minecraft:sandstone":1,"minecraft:sheep_spawn_egg":3,"minecraft:cracked_stone_bricks":3,"minecraft:golden_apple":1,"biomesoplenty:rainbow_birch_sapling":1,"minecraft:glow_berries":6,"minecraft:sand":4,"minecraft:crafting_table":6,"bloomingnature:laterit":1,"minecraft:oak_log":13,"minecraft:bread":58,"minecraft:iron_pickaxe":432,"alexsmobs:crocodile_egg":1,"minecraft:cat_spawn_egg":2,"minecraft:stone_axe":92,"minecraft:green_carpet":1,"minecraft:cobblestone":68,"minecraft:bucket":32,"minecraft:smithing_table":1,"minecraft:yellow_bed":4,"vinery:red_grape_seeds":1},"minecraft:mined":{"minecraft:tuff":14,"biomesoplenty:watergrass":1,"bloomingnature:termite_mound":5,"minecraft:deepslate_diamond_ore":17,"alexsmobs:leafcutter_anthill":1,"minecraft:jungle_leaves":1,"gravestone:gravestone":25,"minecraft:granite":3,"minecraft:chiseled_bookshelf":1,"minecraft:grass_block":8,"bloomingnature:laterit":1,"alexsmobs:leafcutter_ant_chamber":3,"bloomingnature:freesia_pink":2,"bloomingnature:genisteae":1,"biomesoplenty:cattail":1,"minecraft:oxeye_daisy":1,"beachparty:seashell_block":1,"minecraft:spawner":4,"minecraft:hay_block":31,"minecraft:raw_iron_block":3,"minecraft:magma_block":5,"minecraft:furnace":3,"minecraft:iron_ore":65,"minecraft:fire":3,"minecraft:cobbled_deepslate":4,"bakery:strawberry_cake":1,"minecraft:deepslate_lapis_ore":2,"alexsmobs:crocodile_egg":1,"minecraft:gold_block":3,"minecraft:deepslate_iron_ore":114,"minecraft:rail":1,"minecraft:green_carpet":1,"minecraft:stone":90,"farmersdelight:wild_potatoes":9,"minecraft:smithing_table":1,"minecraft:deepslate_redstone_ore":16,"biomesoplenty:wildflower":1,"minecraft:crafting_table":3,"minecraft:torch":1,"bakery:wild_strawberries":1,"vinery:red_grape_bush":2,"minecraft:poppy":1,"minecraft:chest":2,"candlelight:wild_tomatoes":5,"minecraft:tall_grass":46,"minecraft:cobblestone":7,"minecraft:deepslate_gold_ore":16,"minecraft:oak_planks":22,"minecraft:wall_torch":1,"minecraft:seagrass":1,"minecraft:coarse_dirt":1,"minecraft:mud":1,"butchersdelight:deadcowblock":2,"minecraft:birch_log":36,"bloomingnature:begonie":1,"herbalbrews:wild_rooibos_plant":1,"minecraft:yellow_bed":5,"biomesoplenty:waterlily":2,"minecraft:grass":105,"bloomingnature:fan_palm_log":1,"minecraft:oak_log":106,"minecraft:coal_ore":35,"vinery:jungle_grape_bush_white":2,"minecraft:dirt":12,"minecraft:sand":4,"minecraft:cobweb":50,"minecraft:smooth_basalt":1,"minecraft:cracked_stone_bricks":3,"minecraft:stone_bricks":3,"minecraft:netherrack":91,"minecraft:oak_leaves":3,"minecraft:deepslate":36,"bloomingnature:beach_bush_tall":1,"minecraft:fern":23},"minecraft:crafted":{"minecraft:oak_planks":64,"minecraft:raw_iron":27,"minecraft:iron_nugget":18,"minecraft:furnace":2,"minecraft:iron_boots":1,"minecraft:iron_axe":1,"minecraft:iron_hoe":1,"minecraft:stone_pickaxe":1,"minecraft:chest":2,"minecraft:wheat":279,"butchersdelight:hook":3,"minecraft:crafting_table":4,"minecraft:iron_helmet":1,"minecraft:iron_sword":2,"minecraft:bucket":1,"bloomingnature:fan_palm_planks":8,"butchersdelight:cleaver":1,"minecraft:stone_axe":1,"minecraft:bread":93,"minecraft:air":0,"minecraft:iron_chestplate":1,"minecraft:shield":1,"minecraft:stick":28,"minecraft:iron_ingot":113,"minecraft:iron_pickaxe":2,"minecraft:stone_sword":1,"minecraft:iron_leggings":1,"minecraft:torch":36,"minecraft:shears":1},"minecraft:killed_by":{"minecraft:iron_golem":1,"alexsmobs:bison":1,"alexsmobs:crocodile":15,"alexsmobs:centipede_head":1,"minecraft:skeleton":2,"minecraft:zombie":2},"minecraft:dropped":{"minecraft:wheat_seeds":2,"bakery:strawberry_cake":1,"minecraft:feather":1,"minecraft:cobblestone":6,"biomesoplenty:cattail":1,"minecraft:granite":4,"minecraft:red_wool":1,"minecraft:dirt":14,"alexsmobs:leafcutter_ant_chamber":3,"gravestone:obituary":31,"minecraft:iron_axe":1,"minecraft:iron_pickaxe":1,"minecraft:coarse_dirt":1,"minecraft:stone_sword":2,"minecraft:rotten_flesh":5,"minecraft:oak_planks":2,"travelersbackpack:iron":1,"beachparty:rubber_ring_axolotl":1,"minecraft:poppy":2,"alexsmobs:elastic_tendon":1,"minecraft:wooden_pickaxe":1,"minecraft:netherrack":78},"minecraft:custom":{"minecraft:interact_with_smithing_table":9,"minecraft:mob_kills":67,"minecraft:interact_with_crafting_table":37,"minecraft:leave_game":5,"minecraft:time_since_death":6266,"minecraft:climb_one_cm":8038,"minecraft:sprint_one_cm":1104401,"minecraft:walk_one_cm":1230935,"minecraft:damage_blocked_by_shield":635,"minecraft:drop":75,"minecraft:talked_to_villager":3,"minecraft:play_time":295014,"minecraft:deaths":25,"minecraft:sneak_time":727,"minecraft:walk_under_water_one_cm":59666,"minecraft:jump":6511,"minecraft:walk_on_water_one_cm":80878,"minecraft:total_world_time":295014,"minecraft:interact_with_furnace":29,"minecraft:sleep_in_bed":9,"minecraft:time_since_rest":6312,"minecraft:damage_taken":8531,"minecraft:damage_dealt":12696,"minecraft:swim_one_cm":48521,"minecraft:fly_one_cm":2227094,"minecraft:open_chest":26,"minecraft:crouch_one_cm":895,"minecraft:fall_one_cm":140260},"minecraft:killed":{"minecraft:cave_spider":3,"alexsmobs:anaconda":1,"bloomingnature:deer":1,"bloomingnature:bison":1,"minecraft:spider":2,"alexsmobs:murmur":1,"aquaculture:gar":1,"naturalist:snail":1,"minecraft:skeleton":5,"minecraft:horse":2,"alexsmobs:leafcutter_ant":8,"alexsmobs:bison":1,"aquaculture:carp":4,"bloomingnature:termite":2,"naturalist:firefly":1,"minecraft:iron_golem":4,"hamsters:hamster":1,"minecraft:sheep":3,"aquaculture:minnow":1,"minecraft:zombie":16,"aquaculture:synodontis":6,"minecraft:enderman":1},"minecraft:broken":{"minecraft:stone_sword":1,"minecraft:iron_chestplate":1,"minecraft:iron_boots":1,"minecraft:iron_leggings":1,"minecraft:golden_sword":1,"minecraft:stone_axe":1,"minecraft:iron_pickaxe":1,"minecraft:iron_helmet":1},"minecraft:picked_up":{"minecraft:wooden_axe":1,"minecraft:crafting_table":3,"minecraft:coarse_dirt":1,"aquaculture:synodontis":4,"beachparty:rubber_ring_axolotl":1,"minecraft:smithing_table":1,"minecraft:wooden_pickaxe":1,"vinery:red_grape_seeds":5,"minecraft:gold_block":3,"gravestone:obituary":27,"bloomingnature:fan_palm_log":2,"biomesoplenty:rainbow_birch_sapling":20,"minecraft:string":56,"minecraft:iron_axe":1,"minecraft:flint_and_steel":1,"bloomingnature:begonie":1,"butchersdelight:dead_cow":7,"beachparty:coconut_open":1,"minecraft:cracked_stone_bricks":3,"minecraft:gold_nugget":56,"minecraft:cobbled_deepslate":41,"vinery:apple_tree_sapling":2,"minecraft:beef":20,"alexsmobs:elastic_tendon":1,"minecraft:poppy":3,"minecraft:iron_pickaxe":1,"minecraft:sugar_cane":1,"minecraft:chest":2,"vinery:jungle_grape_seeds_white":5,"alexsmobs:leafcutter_ant_chamber":3,"minecraft:furnace":3,"minecraft:stick":19,"minecraft:raw_iron":180,"minecraft:sandstone":1,"minecraft:torch":3,"epicfight:skillbook":2,"minecraft:carrot":1,"minecraft:redstone":49,"travelersbackpack:iron":6,"minecraft:stone_sword":2,"minecraft:arrow":5,"minecraft:rotten_flesh":21,"biomesoplenty:cattail":2,"minecraft:hay_block":31,"alexsdelight:raw_bison":5,"aquaculture:carp":4,"minecraft:rail":23,"minecraft:white_wool":3,"minecraft:cobblestone":98,"minecraft:oxeye_daisy":1,"minecraft:birch_log":36,"minecraft:feather":1,"minecraft:magma_block":4,"bakery:strawberry_cake":4,"bloomingnature:laterit":1,"minecraft:cooked_beef":2,"minecraft:potato":24,"minecraft:tuff":11,"bloomingnature:genisteae":1,"minecraft:oak_log":77,"minecraft:yellow_bed":5,"minecraft:lapis_lazuli":14,"minecraft:dirt":34,"minecraft:bone":9,"minecraft:apple":10,"minecraft:stone_bricks":3,"minecraft:bow":1,"minecraft:wheat_seeds":21,"minecraft:raw_gold":16,"minecraft:iron_ingot":18,"candlelight:tomato":5,"aquaculture:minnow":1,"bloomingnature:freesia_pink":2,"minecraft:oak_planks":47,"minecraft:book":4,"biomesoplenty:waterlily":2,"aquaculture:gar":1,"alexsmobs:crocodile_egg":1,"minecraft:red_wool":1,"butchersdelight:cow_hide":5,"minecraft:raw_iron_block":3,"butchersdelight:skullcow":5,"minecraft:gravel":1,"minecraft:sand":4,"minecraft:green_carpet":1,"biomesoplenty:flowering_oak_sapling":2,"minecraft:diamond":18,"knightquest:small_essence":26,"minecraft:granite":5,"butchersdelight:hook":3,"minecraft:bread":106,"minecraft:oak_sapling":20,"minecraft:netherrack":80,"minecraft:melon_seeds":1,"minecraft:coal":69}},"DataVersion":3465}