{"stats":{"minecraft:used":{"minecraft:water_bucket":9,"minecraft:stone_sword":17,"minecraft:stone_pickaxe":119,"minecraft:oak_planks":8,"minecraft:wooden_pickaxe":12,"minecraft:shield":5,"minecraft:sandstone":1,"minecraft:iron_chestplate":1,"minecraft:torch":15,"minecraft:sand":4,"minecraft:crafting_table":3,"minecraft:granite":1,"minecraft:bread":6,"minecraft:iron_pickaxe":43,"minecraft:iron_helmet":1,"minecraft:iron_boots":1,"minecraft:stone_axe":45,"minecraft:cobblestone":15,"minecraft:furnace":2,"minecraft:bucket":10,"vinery:red_grape_seeds":1,"minecraft:iron_leggings":1},"minecraft:mined":{"minecraft:tuff":5,"minecraft:crafting_table":1,"gravestone:gravestone":2,"minecraft:granite":3,"vinery:red_grape_bush":2,"minecraft:tall_grass":1,"minecraft:cobblestone":3,"minecraft:deepslate_gold_ore":1,"minecraft:oak_planks":17,"minecraft:raw_iron_block":1,"minecraft:furnace":1,"minecraft:iron_ore":37,"minecraft:deepslate_lapis_ore":2,"minecraft:grass":1,"bloomingnature:fan_palm_log":1,"minecraft:coal_ore":28,"minecraft:oak_log":3,"minecraft:deepslate_iron_ore":42,"minecraft:sand":4,"minecraft:stone":46,"minecraft:oak_leaves":3,"minecraft:deepslate":4},"minecraft:crafted":{"minecraft:oak_planks":4,"minecraft:raw_iron":9,"minecraft:crafting_table":2,"minecraft:iron_helmet":1,"minecraft:furnace":1,"minecraft:bucket":1,"bloomingnature:fan_palm_planks":8,"minecraft:stone_axe":1,"minecraft:air":0,"minecraft:iron_chestplate":1,"minecraft:iron_boots":1,"minecraft:shield":1,"minecraft:stick":12,"minecraft:iron_ingot":45,"minecraft:iron_pickaxe":1,"minecraft:stone_pickaxe":1,"minecraft:stone_sword":1,"minecraft:iron_leggings":1,"minecraft:torch":20},"minecraft:killed_by":{"alexsmobs:centipede_head":1},"minecraft:dropped":{"minecraft:stone_sword":2},"minecraft:custom":{"minecraft:interact_with_furnace":21,"minecraft:mob_kills":9,"minecraft:interact_with_crafting_table":13,"minecraft:time_since_death":5398,"minecraft:time_since_rest":5450,"minecraft:sprint_one_cm":94616,"minecraft:damage_taken":914,"minecraft:walk_one_cm":196594,"minecraft:damage_blocked_by_shield":165,"minecraft:drop":2,"minecraft:damage_dealt":1701,"minecraft:fly_one_cm":166285,"minecraft:open_chest":1,"minecraft:crouch_one_cm":273,"minecraft:play_time":36096,"minecraft:deaths":2,"minecraft:sneak_time":161,"minecraft:walk_under_water_one_cm":10955,"minecraft:jump":805,"minecraft:walk_on_water_one_cm":13230,"minecraft:total_world_time":36096,"minecraft:fall_one_cm":16678},"minecraft:killed":{"minecraft:skeleton":3,"minecraft:zombie":6},"minecraft:picked_up":{"minecraft:wooden_axe":1,"minecraft:crafting_table":1,"minecraft:wooden_pickaxe":1,"vinery:red_grape_seeds":5,"minecraft:tuff":5,"minecraft:oak_log":3,"bloomingnature:fan_palm_log":2,"minecraft:lapis_lazuli":14,"minecraft:bone":2,"beachparty:coconut_open":1,"minecraft:bow":1,"minecraft:raw_gold":1,"minecraft:cobbled_deepslate":7,"vinery:apple_tree_sapling":2,"minecraft:iron_ingot":1,"minecraft:oak_planks":17,"minecraft:furnace":1,"minecraft:raw_iron":80,"minecraft:sandstone":1,"epicfight:skillbook":1,"minecraft:raw_iron_block":1,"minecraft:sand":4,"minecraft:stone_sword":2,"minecraft:arrow":3,"minecraft:rotten_flesh":4,"knightquest:small_essence":7,"minecraft:granite":5,"minecraft:bread":6,"minecraft:coal":49,"minecraft:cobblestone":49}},"DataVersion":3465}