{"stats":{"minecraft:broken":{"minecraft:stone_sword":1,"minecraft:stone_axe":1,"minecraft:iron_pickaxe":1},"minecraft:crafted":{"minecraft:oak_planks":36,"minecraft:raw_iron":27,"minecraft:iron_nugget":18,"minecraft:furnace":2,"minecraft:iron_boots":1,"minecraft:iron_axe":1,"minecraft:iron_hoe":1,"minecraft:stone_pickaxe":1,"minecraft:chest":2,"minecraft:wheat":279,"butchersdelight:hook":3,"minecraft:crafting_table":4,"minecraft:iron_helmet":1,"minecraft:iron_sword":2,"minecraft:bucket":1,"bloomingnature:fan_palm_planks":8,"butchersdelight:cleaver":1,"minecraft:stone_axe":1,"minecraft:bread":93,"minecraft:air":0,"minecraft:iron_chestplate":1,"minecraft:shield":1,"minecraft:stick":28,"minecraft:iron_ingot":113,"minecraft:iron_pickaxe":2,"minecraft:stone_sword":1,"minecraft:iron_leggings":1,"minecraft:torch":36},"minecraft:used":{"bloomingnature:genisteae":1,"minecraft:stone_sword":90,"minecraft:chest":2,"minecraft:shield":14,"butchersdelight:hook":3,"minecraft:iron_sword":202,"minecraft:rotten_flesh":14,"minecraft:iron_chestplate":1,"minecraft:torch":63,"minecraft:dirt":3,"minecraft:carrot":1,"minecraft:tuff":4,"minecraft:granite":1,"minecraft:iron_hoe":43,"butchersdelight:cleaver":6,"beachparty:coconut_open":1,"beachparty:rubber_ring_axolotl":1,"minecraft:iron_axe":94,"minecraft:iron_helmet":1,"minecraft:iron_boots":1,"minecraft:furnace":4,"candlelight:tomato":5,"minecraft:potato":2,"minecraft:cobbled_deepslate":41,"minecraft:iron_leggings":1,"epicfight:skillbook":4,"minecraft:water_bucket":31,"minecraft:stone_pickaxe":119,"minecraft:oak_planks":9,"minecraft:wooden_pickaxe":12,"minecraft:sandstone":1,"minecraft:golden_apple":1,"minecraft:glow_berries":6,"minecraft:sand":4,"minecraft:crafting_table":6,"bloomingnature:laterit":1,"minecraft:oak_log":13,"minecraft:bread":41,"minecraft:iron_pickaxe":377,"minecraft:stone_axe":92,"minecraft:green_carpet":1,"minecraft:cobblestone":62,"minecraft:bucket":32,"minecraft:yellow_bed":1,"vinery:red_grape_seeds":1},"minecraft:killed":{"minecraft:cave_spider":3,"minecraft:spider":2,"alexsmobs:murmur":1,"aquaculture:gar":1,"minecraft:horse":2,"minecraft:skeleton":4,"alexsmobs:leafcutter_ant":8,"alexsmobs:bison":1,"aquaculture:carp":4,"bloomingnature:termite":2,"naturalist:firefly":1,"minecraft:iron_golem":3,"hamsters:hamster":1,"minecraft:sheep":3,"aquaculture:minnow":1,"minecraft:zombie":15,"aquaculture:synodontis":6,"minecraft:enderman":1},"minecraft:custom":{"minecraft:mob_kills":59,"minecraft:interact_with_crafting_table":27,"minecraft:leave_game":3,"minecraft:time_since_death":54582,"minecraft:climb_one_cm":7385,"minecraft:sprint_one_cm":830590,"minecraft:walk_one_cm":931036,"minecraft:damage_blocked_by_shield":635,"minecraft:drop":15,"minecraft:talked_to_villager":3,"minecraft:play_time":209647,"minecraft:deaths":8,"minecraft:sneak_time":727,"minecraft:walk_under_water_one_cm":39995,"minecraft:jump":4783,"minecraft:walk_on_water_one_cm":57051,"minecraft:total_world_time":209647,"minecraft:interact_with_furnace":27,"minecraft:sleep_in_bed":4,"minecraft:time_since_rest":13613,"minecraft:damage_taken":3953,"minecraft:damage_dealt":10727,"minecraft:swim_one_cm":30229,"minecraft:fly_one_cm":1653547,"minecraft:open_chest":11,"minecraft:crouch_one_cm":895,"minecraft:fall_one_cm":98944},"minecraft:mined":{"minecraft:tuff":14,"biomesoplenty:watergrass":1,"bloomingnature:termite_mound":3,"minecraft:deepslate_diamond_ore":17,"alexsmobs:leafcutter_anthill":1,"gravestone:gravestone":8,"minecraft:granite":3,"minecraft:chiseled_bookshelf":1,"minecraft:grass_block":4,"bloomingnature:laterit":1,"alexsmobs:leafcutter_ant_chamber":3,"bloomingnature:freesia_pink":2,"bloomingnature:genisteae":1,"minecraft:oxeye_daisy":1,"minecraft:spawner":4,"minecraft:hay_block":31,"minecraft:magma_block":5,"minecraft:raw_iron_block":3,"minecraft:furnace":2,"minecraft:iron_ore":37,"minecraft:cobbled_deepslate":4,"minecraft:deepslate_lapis_ore":2,"minecraft:gold_block":1,"minecraft:deepslate_iron_ore":114,"minecraft:rail":1,"minecraft:green_carpet":1,"minecraft:stone":84,"minecraft:deepslate_redstone_ore":16,"minecraft:crafting_table":2,"minecraft:torch":1,"vinery:red_grape_bush":2,"minecraft:poppy":1,"candlelight:wild_tomatoes":5,"minecraft:tall_grass":40,"minecraft:cobblestone":7,"minecraft:deepslate_gold_ore":16,"minecraft:oak_planks":22,"minecraft:wall_torch":1,"minecraft:seagrass":1,"minecraft:coarse_dirt":1,"butchersdelight:deadcowblock":2,"bloomingnature:begonie":1,"minecraft:yellow_bed":1,"biomesoplenty:waterlily":2,"minecraft:grass":91,"bloomingnature:fan_palm_log":1,"minecraft:oak_log":56,"minecraft:coal_ore":35,"minecraft:sand":4,"minecraft:dirt":4,"minecraft:cobweb":50,"minecraft:smooth_basalt":1,"minecraft:netherrack":89,"minecraft:oak_leaves":3,"bloomingnature:beach_bush_tall":1,"minecraft:deepslate":36,"minecraft:fern":3},"minecraft:killed_by":{"minecraft:iron_golem":1,"alexsmobs:bison":1,"alexsmobs:centipede_head":1,"minecraft:skeleton":1,"minecraft:zombie":2},"minecraft:picked_up":{"minecraft:wooden_axe":1,"minecraft:coarse_dirt":1,"minecraft:crafting_table":2,"aquaculture:synodontis":4,"beachparty:rubber_ring_axolotl":1,"minecraft:wooden_pickaxe":1,"vinery:red_grape_seeds":5,"minecraft:gold_block":1,"gravestone:obituary":1,"bloomingnature:fan_palm_log":2,"minecraft:string":56,"minecraft:iron_axe":1,"bloomingnature:begonie":1,"butchersdelight:dead_cow":7,"beachparty:coconut_open":1,"minecraft:cobbled_deepslate":41,"vinery:apple_tree_sapling":2,"minecraft:beef":20,"alexsmobs:elastic_tendon":1,"minecraft:poppy":2,"minecraft:iron_pickaxe":1,"minecraft:sugar_cane":1,"alexsmobs:leafcutter_ant_chamber":3,"minecraft:furnace":2,"minecraft:stick":4,"minecraft:raw_iron":152,"minecraft:sandstone":1,"minecraft:torch":3,"epicfight:skillbook":2,"minecraft:carrot":1,"minecraft:redstone":49,"minecraft:stone_sword":2,"minecraft:arrow":3,"minecraft:rotten_flesh":16,"minecraft:hay_block":31,"alexsdelight:raw_bison":5,"aquaculture:carp":4,"minecraft:rail":23,"minecraft:cobblestone":87,"minecraft:oxeye_daisy":1,"minecraft:magma_block":4,"bloomingnature:laterit":1,"bloomingnature:genisteae":1,"minecraft:tuff":11,"minecraft:oak_log":35,"minecraft:yellow_bed":1,"minecraft:lapis_lazuli":14,"minecraft:dirt":4,"minecraft:bone":8,"minecraft:apple":1,"minecraft:bow":1,"minecraft:wheat_seeds":18,"minecraft:raw_gold":16,"minecraft:iron_ingot":13,"candlelight:tomato":5,"aquaculture:minnow":1,"bloomingnature:freesia_pink":2,"minecraft:oak_planks":47,"minecraft:book":4,"biomesoplenty:waterlily":2,"aquaculture:gar":1,"minecraft:red_wool":1,"butchersdelight:cow_hide":5,"butchersdelight:skullcow":5,"minecraft:raw_iron_block":3,"minecraft:gravel":1,"minecraft:sand":4,"minecraft:green_carpet":1,"minecraft:diamond":18,"minecraft:granite":5,"knightquest:small_essence":21,"minecraft:bread":6,"minecraft:netherrack":78,"minecraft:oak_sapling":4,"minecraft:coal":56,"minecraft:melon_seeds":1},"minecraft:dropped":{"minecraft:wheat_seeds":1,"minecraft:granite":4,"minecraft:red_wool":1,"minecraft:dirt":1,"gravestone:obituary":3,"minecraft:iron_axe":1,"minecraft:iron_pickaxe":1,"minecraft:stone_sword":2,"minecraft:oak_planks":2,"beachparty:rubber_ring_axolotl":1,"alexsmobs:elastic_tendon":1}},"DataVersion":3465}