{"stats":{"minecraft:mined":{"minecraft:tuff":155,"minecraft:white_bed":2,"rpgsmw:miphrildeepslateore":1,"minecraft:deepslate_diamond_ore":32,"minecraft:dark_oak_log":6,"minecraft:obsidian":15,"gravestone:gravestone":14,"minecraft:granite":12,"minecraft:grass_block":11,"minecraft:spruce_leaves":9,"biomesoplenty:dune_grass":10,"minecraft:spawner":2,"minecraft:hay_block":16,"minecraft:redstone_ore":7,"minecraft:furnace":2,"biomesoplenty:toadstool":3,"minecraft:iron_ore":85,"minecraft:cobbled_deepslate":8,"minecraft:fire":2,"minecraft:andesite":21,"minecraft:deepslate_lapis_ore":16,"minecraft:peony":3,"biomesoplenty:sea_oats":17,"biomesoplenty:high_grass":8,"minecraft:deepslate_iron_ore":60,"minecraft:stone":172,"minecraft:deepslate_redstone_ore":69,"minecraft:oak_fence":1,"minecraft:crafting_table":5,"minecraft:emerald_ore":1,"minecraft:poppy":2,"biomesoplenty:high_grass_plant":2,"minecraft:copper_ore":1,"minecraft:tall_grass":1,"minecraft:cobblestone":3,"biomesoplenty:sprout":1,"minecraft:deepslate_gold_ore":11,"minecraft:lapis_ore":11,"minecraft:oak_planks":2,"minecraft:diorite":23,"minecraft:deepslate_copper_ore":5,"minecraft:birch_planks":2,"minecraft:birch_log":82,"minecraft:wheat":12,"biomesoplenty:pink_daffodil":12,"minecraft:lilac":1,"minecraft:birch_leaves":2,"minecraft:grass":29,"minecraft:oak_log":46,"minecraft:coal_ore":24,"minecraft:gravel":13,"minecraft:dirt":12,"minecraft:cobweb":45,"minecraft:deepslate":2677,"minecraft:fern":2},"minecraft:picked_up":{"minecraft:iron_chestplate":1,"minecraft:crafting_table":5,"minecraft:wheat":12,"minecraft:chicken":6,"minecraft:smithing_table":1,"minecraft:lead":2,"biomesoplenty:orange_autumn_sapling":4,"gravestone:obituary":1,"minecraft:string":42,"minecraft:raw_copper":16,"biomesoplenty:yellow_autumn_sapling":5,"minecraft:cobbled_deepslate":1009,"rpgsmw:rawmiphrilignot":2,"minecraft:rose_bush":14,"minecraft:poppy":2,"minecraft:iron_pickaxe":1,"cosmeticarmoursmod:white_skirt_chestplate":1,"minecraft:chest":1,"minecraft:birch_sapling":38,"minecraft:furnace":2,"minecraft:egg":1,"minecraft:stick":29,"minecraft:raw_iron":195,"minecraft:oak_fence":8,"minecraft:torch":2,"minecraft:porkchop":9,"minecraft:diorite":9,"minecraft:carrot":1,"minecraft:redstone":253,"slashblade:proudsoul":1,"minecraft:arrow":19,"minecraft:rotten_flesh":34,"cosmeticarmoursmod:white_skirt_leggings":1,"minecraft:peony":3,"minecraft:hay_block":16,"minecraft:obsidian":15,"minecraft:mutton":9,"minecraft:rail":2,"alexsmobs:kangaroo_meat":1,"minecraft:white_wool":5,"minecraft:cobblestone":227,"minecraft:birch_log":85,"minecraft:feather":2,"minecraft:lilac":1,"rpgsmw:copper_sickle":1,"minecraft:andesite":17,"minecraft:salmon":2,"minecraft:leather":4,"cosmeticarmoursmod:black_skirt_chestplate":1,"minecraft:birch_planks":58,"paraglider:spirit_orb":2,"minecraft:tuff":141,"minecraft:oak_log":15,"minecraft:gunpowder":4,"minecraft:lapis_lazuli":176,"travelersbackpack:gold_tier_upgrade":1,"minecraft:dirt":18,"cosmeticarmoursmod:crown_helmet":2,"minecraft:bone":10,"minecraft:apple":1,"minecraft:wheat_seeds":36,"minecraft:raw_gold":10,"minecraft:iron_ingot":2,"slashblade:slashblade":1,"minecraft:oak_planks":10,"biomesoplenty:toadstool":2,"minecraft:cooked_porkchop":1,"rpgsmw:copper_knife":3,"minecraft:gravel":4,"minecraft:spruce_sapling":1,"minecraft:white_bed":2,"minecraft:dark_oak_log":6,"minecraft:spider_eye":1,"rpgsmw:class_choose_orb":1,"travelersbackpack:standard":1,"alexsmobs:kangaroo_hide":1,"biomesoplenty:maple_sapling":9,"minecraft:diamond":33,"rpgsmw:class_remove_orb":1,"minecraft:granite":7,"minecraft:bread":10,"minecraft:emerald":1,"alexsmobs:banana_slug_slime":1,"biomesoplenty:pink_daffodil":12,"cosmeticarmoursmod:white_skirt_boots":3,"minecraft:black_wool":1,"minecraft:coal":33,"minecraft:diamond_pickaxe":3},"minecraft:broken":{"vanillaplustools:iron_hammer":1,"minecraft:shield":1,"vanillaplustools:stone_hammer":1,"minecraft:stone_axe":1,"minecraft:wooden_axe":2},"minecraft:killed":{"minecraft:cave_spider":3,"alexsmobs:raccoon":1,"minecraft:spider":2,"alexsmobs:tasmanian_devil":1,"alexsmobs:sugar_glider":1,"minecraft:skeleton":10,"minecraft:chicken":4,"minecraft:llama":1,"alexsmobs:kangaroo":1,"minecraft:pig":2,"minecraft:zombie_villager":1,"minecraft:salmon":2,"minecraft:creeper":1,"minecraft:sheep":6,"minecraft:zombie":21},"minecraft:dropped":{"minecraft:iron_ingot":1,"minecraft:wheat_seeds":2,"minecraft:diamond_axe":1,"minecraft:lilac":1,"minecraft:diamond":2,"minecraft:cobblestone":26,"minecraft:leather":2,"minecraft:dirt":3,"gravestone:obituary":1,"minecraft:iron_pickaxe":1,"cosmeticarmoursmod:white_skirt_chestplate":1,"rpgsmw:copper_knife":2,"minecraft:white_wool":1,"minecraft:spruce_sapling":1,"minecraft:gold_ingot":1,"slashblade:proudsoul":1,"cosmeticarmoursmod:crown_helmet":1,"minecraft:obsidian":15,"minecraft:oak_planks":2,"minecraft:pumpkin_seeds":4,"travelersbackpack:gold_tier_upgrade":1,"cosmeticarmoursmod:white_skirt_boots":2,"minecraft:gunpowder":6,"minecraft:peony":3,"minecraft:iron_chestplate":1,"minecraft:diamond_pickaxe":3,"minecraft:black_wool":1,"slashblade:proudsoul_tiny":1},"minecraft:crafted":{"minecraft:oak_planks":4,"rpgsmw:paladin_diamond_armor_chestplate":1,"vanillaplustools:stone_hammer":1,"minecraft:diamond_hoe":1,"minecraft:cooked_chicken":2,"rpgsmw:red_fabric":7,"minecraft:furnace":2,"minecraft:diamond_shovel":1,"rpgsmw:paladin_diamond_armor_leggings":1,"minecraft:cooked_mutton":7,"vanillaplustools:iron_hammer":1,"minecraft:iron_boots":1,"minecraft:iron_axe":1,"minecraft:stone_pickaxe":9,"minecraft:chest":4,"minecraft:wheat":144,"rpgsmw:fabric":7,"minecraft:red_dye":30,"minecraft:cooked_porkchop":5,"minecraft:diamond_axe":1,"minecraft:crafting_table":4,"minecraft:wooden_pickaxe":1,"minecraft:iron_helmet":1,"minecraft:copper_ingot":2,"rpgsmw:bullet":8,"minecraft:bucket":2,"minecraft:birch_planks":264,"minecraft:stone_axe":1,"minecraft:bread":52,"minecraft:air":0,"rpgsmw:diamond_knife":1,"rpgsmw:paladin_diamond_armor_boots":1,"minecraft:diamond_pickaxe":2,"minecraft:shield":1,"minecraft:stick":36,"minecraft:iron_ingot":153,"minecraft:iron_pickaxe":11,"minecraft:wooden_axe":2,"minecraft:iron_leggings":1,"minecraft:white_bed":1,"rpgsmw:diamond_rifle":1,"minecraft:torch":28},"minecraft:custom":{"minecraft:interact_with_smithing_table":2,"minecraft:mob_kills":60,"minecraft:interact_with_crafting_table":60,"minecraft:sword_summoned":3,"minecraft:leave_game":10,"minecraft:time_since_death":143263,"minecraft:damage_resisted":574,"minecraft:sprint_one_cm":680162,"minecraft:walk_one_cm":915533,"minecraft:damage_blocked_by_shield":3235,"minecraft:drop":41,"minecraft:talked_to_villager":6,"minecraft:play_time":302927,"minecraft:deaths":16,"minecraft:sneak_time":1110,"minecraft:walk_under_water_one_cm":29271,"minecraft:jump":5071,"minecraft:interact_with_blast_furnace":3,"minecraft:walk_on_water_one_cm":58605,"minecraft:total_world_time":302927,"minecraft:interact_with_furnace":50,"minecraft:sleep_in_bed":11,"minecraft:time_since_rest":19529,"minecraft:damage_taken":7057,"minecraft:damage_dealt":8289,"minecraft:swim_one_cm":10914,"minecraft:fly_one_cm":866501,"minecraft:open_chest":68,"minecraft:crouch_one_cm":568,"minecraft:interact_with_smoker":2,"minecraft:fall_one_cm":160094},"minecraft:killed_by":{"minecraft:cave_spider":4,"alexsmobs:centipede_head":1,"minecraft:skeleton":3,"minecraft:zombie":2},"minecraft:used":{"minecraft:oak_fence":4,"minecraft:diamond_hoe":34,"minecraft:chest":4,"minecraft:shield":74,"vanillaplustools:stone_hammer":112,"minecraft:cooked_chicken":2,"minecraft:rotten_flesh":13,"minecraft:torch":28,"minecraft:dirt":1,"minecraft:carrot":1,"minecraft:tuff":8,"biomesoplenty:maple_sapling":9,"rpgsmw:diamond_rifle":3,"minecraft:wooden_axe":141,"minecraft:lava_bucket":1,"minecraft:iron_axe":5,"slashblade:slashblade":5,"minecraft:furnace":4,"minecraft:cobbled_deepslate":182,"minecraft:cooked_mutton":7,"minecraft:water_bucket":9,"minecraft:birch_planks":5,"minecraft:oak_planks":6,"minecraft:wooden_pickaxe":10,"minecraft:crafting_table":9,"minecraft:white_bed":3,"minecraft:diamond_pickaxe":574,"rpgsmw:copper_sickle":145,"minecraft:diamond_shovel":12,"minecraft:bread":37,"minecraft:iron_pickaxe":232,"biomesoplenty:yellow_autumn_sapling":5,"biomesoplenty:toadstool":2,"minecraft:stone_axe":122,"minecraft:cobblestone":101,"rpgsmw:diamond_knife":13,"vanillaplustools:iron_hammer":243,"minecraft:cooked_porkchop":6,"minecraft:andesite":4,"minecraft:bucket":12,"minecraft:birch_log":13,"alexsmobs:animal_dictionary":1,"rpgsmw:copper_knife":102}},"DataVersion":3465}