{
  "biomeswevegone:biomeswevegone/root": {
    "criteria": {
      "tick": "2024-08-16 00:36:06 +0000"
    },
    "done": true
  },
  "minecraft:recipes/decorations/crafting_table": {
    "criteria": {
      "unlock_right_away": "2024-08-16 00:36:06 +0000"
    },
    "done": true
  },
  "biomeswevegone:biomeswevegone/adventure/oh_the_biomes_weve_gone": {
    "criteria": {
      "biomeswevegone:orchard": "2024-08-16 00:36:07 +0000"
    },
    "done": false
  },
  "biomeswevegone:biomeswevegone/adventure/root": {
    "criteria": {
      "biomeswevegone:orchard": "2024-08-16 00:36:07 +0000"
    },
    "done": true
  },
  "DataVersion": 3465
}