{
  "uuid": "bbf3fe44-c1f3-3c57-8212-1be98d73d7d6",
  "starterPrompted": true,
  "starterLocked": false,
  "starterSelected": true,
  "starterUUID": "ac4faabf-3859-4ae6-8c49-ffbd3993e2df",
  "keyItems": [],
  "battleTheme": "cobblemon:battle.pvp.default",
  "extraData": {
    "cobbledex_discovery": {
      "registers": {
        "rowlet": {
          "normal": {
            "isShiny": false,
            "status": "CAUGHT",
            "discoveredTimestamp": 1723764140542,
            "caughtTimestamp": 1723764140542
          }
        },
        "lucario": {
          "normal": {
            "isShiny": false,
            "status": "CAUGHT",
            "discoveredTimestamp": 1723764239266,
            "caughtTimestamp": 1723764239266
          }
        },
        "xerneas": {
          "normal": {
            "isShiny": false,
            "status": "CAUGHT",
            "discoveredTimestamp": 1723770253948,
            "caughtTimestamp": 1723770253948
          }
        },
        "yveltal": {
          "normal": {
            "isShiny": false,
            "status": "CAUGHT",
            "discoveredTimestamp": 1723770295513,
            "caughtTimestamp": 1723770295513
          }
        }
      },
      "name": "cobbledex_discovery"
    },
    "Cobbledex_RewardHistory": {
      "received": [],
      "name": "Cobbledex_RewardHistory"
    }
  },
  "advancementData": {
    "totalCaptureCount": 2,
    "totalEggsHatched": 0,
    "totalEvolvedCount": 1,
    "totalBattleVictoryCount": 0,
    "totalPvPBattleVictoryCount": 0,
    "totalPvWBattleVictoryCount": 0,
    "totalPvNBattleVictoryCount": 0,
    "totalShinyCaptureCount": 0,
    "totalTradedCount": 0,
    "totalTypeCaptureCounts": {
      "fairy": 1,
      "dark": 1,
      "flying": 1
    },
    "totalDefeatedCounts": {},
    "aspectsCollected": {}
  }
}